H,S,V,label,lighting,R,G,B
34.8295740790792,49.56014256284378,240.36747216748552,no_reaction,daylight,232,240,193
35.05254092481231,46.059887678738015,255.0,no_reaction,fluorescent,246,255,208
32.923279939905306,49.30143167343721,224.56400462437097,no_reaction,warm_indoor,220,224,181
37.4238925927659,27.105199511244955,222.6207835863844,no_reaction,overcast,216,222,198
37.40979266144881,47.92112179977112,255.0,no_reaction,harsh_direct,242,255,207
33.359399692121755,44.12899385453479,228.95141805491824,no_reaction,daylight,224,228,189
36.049466979644826,29.824180681339122,255.0,no_reaction,fluorescent,248,255,225
30.845624318825465,44.45694650748405,207.93472505021634,no_reaction,warm_indoor,206,207,171
35.368518349766696,34.2064770090036,198.71159395631383,no_reaction,overcast,193,198,172
30.32100953213589,52.829700576152604,236.4487318220143,no_reaction,harsh_direct,235,236,187
32.91970949157191,23.747784461792385,255.0,no_reaction,daylight,252,255,231
32.72715256003147,18.62474475100712,255.0,no_reaction,fluorescent,253,255,236
29.392758184597607,16.4311412888741,240.54956092129285,no_reaction,warm_indoor,240,240,225
36.8263977841782,21.646322607295364,245.0578850812548,no_reaction,overcast,240,245,224
32.3268731066569,15.435118454049315,255.0,no_reaction,harsh_direct,253,255,239
25.139632618513918,50.74783476269578,247.5802551114987,no_reaction,daylight,247,239,198
29.03528127012356,26.079102624079994,252.10059286815715,no_reaction,fluorescent,252,251,226
23.464910219785377,37.5170777969209,225.95674355110765,no_reaction,warm_indoor,225,218,192
32.987105144383754,31.95118109992177,207.13146823216525,no_reaction,overcast,204,207,181
29.65096514112639,45.90737470709576,255.0,no_reaction,harsh_direct,255,254,209
38.41698988375368,36.62597146761665,230.1623022435241,no_reaction,daylight,220,230,197
36.92762345456553,34.117443631122256,245.49948357956256,no_reaction,fluorescent,237,245,212
33.49709841835543,51.37976670494686,214.34956409365864,no_reaction,warm_indoor,209,214,171
40.86987444758577,27.85846390570291,205.78391967719153,no_reaction,overcast,197,205,183
36.50969208744581,45.03983335969455,255.0,no_reaction,harsh_direct,244,255,209
35.83300567112766,24.18560831033428,255.0,no_reaction,daylight,250,255,230
40.43293682881524,22.622008974896417,255.0,no_reaction,fluorescent,246,255,232
36.02312423153912,44.28827560832157,255.0,no_reaction,warm_indoor,245,255,210
38.531109390799394,21.574468150439962,230.05238509694115,no_reaction,overcast,224,230,210
34.708476320401154,39.35614354993128,255.0,no_reaction,harsh_direct,248,255,215
31.298129045388443,33.117749904639744,223.8428875824541,no_reaction,daylight,222,223,194
33.69281416434734,31.841967491316872,251.21017701634537,no_reaction,fluorescent,247,251,219
30.431778713598018,39.731087796658144,189.65096205562529,no_reaction,warm_indoor,189,189,160
35.153268190813826,27.216932360720993,206.77198538240833,no_reaction,overcast,202,206,184
34.58867581302481,54.56947360479498,249.27389698306774,no_reaction,harsh_direct,240,249,195
23.348848774480956,20.728632453579745,251.0366516663899,no_reaction,daylight,251,246,230
24.260943357267195,8.524085725798269,255.0,no_reaction,fluorescent,255,253,246
20.794518178277205,12.451616633597114,228.80819052738687,no_reaction,warm_indoor,228,225,217
23.761224873429317,17.953440568857687,232.44238109374996,no_reaction,overcast,232,229,216
24.97665755188551,12.886035395670131,255.0,no_reaction,harsh_direct,255,252,242
29.357420439720862,27.417337587234908,255.0,no_reaction,daylight,255,254,227
29.9958529544435,26.923780887635417,255.0,no_reaction,fluorescent,254,255,228
21.690645474415966,41.18651438379645,246.3667833339545,no_reaction,warm_indoor,246,235,206
28.966637805776205,33.061081431867834,242.38033037072185,no_reaction,overcast,242,241,210
28.223408928782646,27.85481414670695,255.0,no_reaction,harsh_direct,255,253,227
30.907401737790813,40.019036755284425,237.45524758300692,no_reaction,daylight,236,237,200
27.468391736727675,31.74972439644329,255.0,no_reaction,fluorescent,255,252,223
28.018786395880912,52.326038989241596,234.0073609895724,no_reaction,warm_indoor,234,231,185
29.671464552439385,26.59952064672626,239.41093187720716,no_reaction,overcast,239,239,214
29.225248352667094,59.13227368716671,255.0,no_reaction,harsh_direct,255,253,195
29.047998176878476,27.741683733351866,224.9640897921023,no_reaction,daylight,224,224,200
29.521309424631994,6.365360917455153,244.6287070314367,no_reaction,fluorescent,244,244,238
25.818011583650375,28.98820206940668,208.71479422923235,no_reaction,warm_indoor,208,205,184
31.458936150825508,10.56301267022025,197.9128279492605,no_reaction,overcast,197,197,189
27.755633032604063,26.50883316170124,255.0,no_reaction,harsh_direct,255,253,228
30.512400233746906,40.94923757882872,252.2258368637657,no_reaction,daylight,251,252,211
30.84209908956572,29.58566902886227,255.0,no_reaction,fluorescent,253,255,225
24.819756960065945,29.858818558927627,246.46085706143575,no_reaction,warm_indoor,246,241,217
29.593648286815096,21.579573407163732,232.51843311895425,no_reaction,overcast,232,232,212
30.00685733700726,42.87569537991539,255.0,no_reaction,harsh_direct,254,255,212
23.975485606362007,19.84077943095813,241.69417048784973,no_reaction,daylight,241,238,222
28.80893354839954,10.42839786822508,244.1876666640494,no_reaction,fluorescent,244,243,234
26.29505061132318,31.28730547378693,238.1294141978842,no_reaction,warm_indoor,238,234,208
32.1715375525809,15.546012303276374,220.53927493746914,no_reaction,overcast,219,220,207
23.35255753021762,25.483263185423287,255.0,no_reaction,harsh_direct,255,249,229
21.698174959365307,49.171482263268416,255.0,no_reaction,daylight,255,241,205
24.152611607307357,43.89287868653315,255.0,no_reaction,fluorescent,255,246,211
18.01141451009341,55.410257401581255,236.6161451601137,no_reaction,warm_indoor,236,216,185
25.407158929392676,55.89152783517336,245.59169770246754,no_reaction,overcast,245,237,191
26.224963721163565,56.619219706090874,255.0,no_reaction,harsh_direct,255,248,198
26.416113053991058,13.717224535502528,197.33227056588046,no_reaction,daylight,197,196,186
29.420174117752286,9.287527064703951,239.02996600220314,no_reaction,fluorescent,239,238,230
29.92526335345392,29.430501822867317,207.9194864515124,no_reaction,warm_indoor,207,207,183
31.23966750512197,25.471084958289435,183.406062631197,no_reaction,overcast,182,183,165
29.56980625693042,29.753858954231603,224.72722449684727,no_reaction,harsh_direct,224,224,198
20.359688086911763,6.932494417423721,226.58960558216305,no_reaction,daylight,226,224,220
25.20662296400183,1.9078905604130785,248.08388421716916,no_reaction,fluorescent,248,247,246
19.516701080127838,2.2447124642897087,219.21210146243268,no_reaction,warm_indoor,219,218,217
17.125380709313262,5.350046946394389,225.3219575519401,no_reaction,overcast,225,223,220
22.37735776950027,18.416837071066745,252.99890111883127,no_reaction,harsh_direct,252,248,234
28.052642429159842,7.193214693385695,237.18698396311274,no_reaction,daylight,237,236,230
34.02732552396884,19.3519049019276,230.152536645356,no_reaction,fluorescent,227,230,212
27.059698293725756,24.4041219671986,199.26972216472805,no_reaction,warm_indoor,199,197,180
32.958095490523725,6.951332691378562,210.70941006636866,no_reaction,overcast,210,210,204
29.09132948161423,23.569955175550643,255.0,no_reaction,harsh_direct,255,254,231
31.785684778979554,55.42686738088956,235.19655380404924,no_reaction,daylight,231,235,184
33.1486511703152,50.475094895230264,255.0,no_reaction,fluorescent,249,255,204
24.190727387597256,62.04414739112137,229.97989195788603,no_reaction,warm_indoor,229,219,174
25.945942880830057,42.21495893006554,217.22531438224976,no_reaction,overcast,217,212,181
29.456519494446262,58.24127485763271,244.69272921375426,no_reaction,harsh_direct,244,243,188
28.565901574168684,33.931096722899724,255.0,no_reaction,daylight,255,253,221
31.003977981074705,15.87857108504362,255.0,no_reaction,fluorescent,254,255,239
22.80388013719544,36.6711662766227,243.55438433495502,no_reaction,warm_indoor,243,235,208
30.201996272162972,12.807731914371699,230.77328056677163,no_reaction,overcast,230,230,219
29.88019799470252,39.36552235097491,255.0,no_reaction,harsh_direct,254,255,215
28.258512795009615,26.548856469258464,255.0,no_reaction,daylight,255,253,228
30.836373127774976,31.859306927311962,255.0,no_reaction,fluorescent,253,255,223
26.28727486060125,41.68303623084857,249.04414731111234,no_reaction,warm_indoor,249,244,208
30.745362351574023,11.695458309765819,229.84568819972935,no_reaction,overcast,229,229,219
31.265827340124023,8.182543855976554,255.0,no_reaction,harsh_direct,254,255,246
32.546129844038155,27.361079729081865,246.34513307285619,no_reaction,daylight,243,246,219
31.453868216033506,10.81988431425126,255.0,no_reaction,fluorescent,254,255,244
28.847740007287733,32.66762713318293,247.69328293329576,no_reaction,warm_indoor,247,246,215
35.43643340100333,24.754003637335238,236.83684079492838,no_reaction,overcast,232,236,213
32.6117520491397,37.648812203596066,255.0,no_reaction,harsh_direct,251,255,217
32.539306911970364,29.21416325773517,255.0,no_reaction,daylight,252,255,225
31.935646987101073,29.776665245582073,255.0,no_reaction,fluorescent,252,255,225
28.665462306652486,30.446956644109928,252.39765326412865,no_reaction,warm_indoor,252,251,222
30.46347225638202,26.257743044426945,219.712687900448,no_reaction,overcast,219,219,197
29.112304645136774,23.73111518965039,255.0,no_reaction,harsh_direct,255,254,231
49.28738737287065,15.21226942778376,252.02499673274173,no_reaction,daylight,242,252,236
45.93633772441096,12.636263949522665,255.0,no_reaction,fluorescent,248,255,242
45.384680232803944,41.66008679335055,225.7957969985052,no_reaction,warm_indoor,206,225,188
48.03256219677264,18.931623873506588,222.85369207153013,no_reaction,overcast,212,222,206
50.13518469335662,43.51188247838429,255.0,no_reaction,harsh_direct,225,255,211
34.45649278587957,22.40201883282347,255.0,no_reaction,daylight,251,255,232
32.816067084563855,7.370539012383517,255.0,no_reaction,fluorescent,254,255,247
30.265707505404944,35.32022567445828,232.33541980843447,no_reaction,warm_indoor,231,232,200
37.58890396458727,13.21566851297263,218.9296023559091,no_reaction,overcast,215,218,207
35.693377431410376,23.57783795930625,255.0,no_reaction,harsh_direct,250,255,231
30.106524909484627,18.408270669952742,226.58192276983056,no_reaction,daylight,226,226,210
27.545602522063906,21.30863110931832,222.64331370963438,no_reaction,fluorescent,222,221,204
23.909935350421,19.1020654135753,208.4938256457486,no_reaction,warm_indoor,208,205,192
27.34508838969853,12.454457409757204,200.44556765946007,no_reaction,overcast,200,199,190
30.708665746439625,24.69434560100018,240.63626263105388,no_reaction,harsh_direct,239,240,217
32.662744541294295,23.4924191861871,255.0,no_reaction,daylight,252,255,231
37.10893246651788,17.293613365597025,253.625445072618,no_reaction,fluorescent,249,253,236
32.184734636262476,30.42532250373693,245.2006141146728,no_reaction,warm_indoor,242,245,215
38.54285315689794,11.15781013788362,223.9004969920774,no_reaction,overcast,221,223,214
36.4881724001707,35.45438778913442,255.0,no_reaction,harsh_direct,247,255,219
29.300607072434687,29.7207484257478,217.91506547976752,no_reaction,daylight,217,217,192
35.9509461998686,11.436532872683264,253.20538038657511,no_reaction,fluorescent,250,253,241
32.62631914846276,5.09003549734458,230.91951480995638,no_reaction,warm_indoor,230,230,226
30.908712908724397,0.0,203.92439372388836,no_reaction,overcast,203,203,203
35.61215909207194,24.681283057390083,255.0,no_reaction,harsh_direct,250,255,230
37.94893009749179,22.025357087148453,255.0,no_reaction,daylight,249,255,232
34.04647414158787,0.0,242.88070263677633,no_reaction,fluorescent,242,242,242
31.084430698149177,24.9477987807803,241.4367348522004,no_reaction,warm_indoor,240,241,217
30.888711684543793,19.352309500834032,232.27796070011192,no_reaction,overcast,231,232,214
36.04470578879123,11.778208936796712,255.0,no_reaction,harsh_direct,252,255,243
30.762308329712376,5.682866726845034,216.47980675691102,no_reaction,daylight,216,216,211
39.54778074711823,0.0,243.0540030786953,no_reaction,fluorescent,243,243,243
30.214001251993434,5.587192715543115,212.40195948344993,no_reaction,warm_indoor,212,212,207
31.186660693965486,0.0,203.5073536982514,no_reaction,overcast,203,203,203
36.460331301862844,6.148258200057618,255.0,no_reaction,harsh_direct,253,255,248
25.884666073291708,35.24969579659293,239.60607514354658,no_reaction,daylight,239,235,206
26.604441673274305,34.37714250095937,255.0,no_reaction,fluorescent,255,251,220
24.259627291971647,50.66990180656832,254.29394745702612,no_reaction,warm_indoor,254,244,203
22.523218989292953,30.48152550790705,228.04028333435528,no_reaction,overcast,228,221,200
23.94682454647628,54.28291542556976,255.0,no_reaction,harsh_direct,255,244,200
28.19437244027924,37.56515262271401,254.00164824626424,no_reaction,daylight,254,251,216
32.41164683668667,30.600316685853166,255.0,no_reaction,fluorescent,252,255,224
28.504811626544996,46.34677993213913,244.6064662769487,no_reaction,warm_indoor,244,242,200
32.690175652979704,28.55054350571493,227.74090555893156,no_reaction,overcast,225,227,202
31.481365028879807,26.572988393568203,255.0,no_reaction,harsh_direct,253,255,228
31.369873896266242,31.595932631064663,238.40605711927606,no_reaction,daylight,236,238,208
33.92981663609087,23.064742546440986,254.15511382855874,no_reaction,fluorescent,250,254,231
28.574348597424372,33.88264369588926,228.8705714301725,no_reaction,warm_indoor,228,227,198
33.168180827039045,6.468703747684788,228.2573533929344,no_reaction,overcast,227,228,222
31.368001638100715,19.21242483952289,255.0,no_reaction,harsh_direct,254,255,235
30.210655357033005,40.3112325340973,251.8557763725845,no_reaction,daylight,251,251,212
30.222343476679303,20.21940999796109,255.0,no_reaction,fluorescent,254,255,234
28.575887867164976,45.78036620887846,245.94863446874578,no_reaction,warm_indoor,245,244,201
33.50295904681545,45.372753332564116,230.91100693529606,no_reaction,overcast,225,230,189
27.482140182452266,29.349522190366663,255.0,no_reaction,harsh_direct,255,252,225
25.22955677764959,35.31424415016767,238.248257585692,no_reaction,daylight,238,233,205
32.35038342820136,21.598544918214163,241.08682346659683,no_reaction,fluorescent,239,241,220
28.952845176448545,45.37849346114259,226.62817381239032,no_reaction,warm_indoor,226,225,186
31.603569143671116,22.637308655966446,199.43568288529232,no_reaction,overcast,198,199,181
32.134289398943,24.289540812527502,255.0,no_reaction,harsh_direct,253,255,230
28.150169685690226,27.823944418462325,246.98412546733672,no_reaction,daylight,246,245,220
31.52008328872963,21.158556556926587,255.0,no_reaction,fluorescent,253,255,233
28.681264697078948,37.83822765693403,225.88034454672757,no_reaction,warm_indoor,225,224,192
28.80730657788812,19.963265499426875,229.03829604803002,no_reaction,overcast,229,228,211
32.42271085346937,23.174651264230974,255.0,no_reaction,harsh_direct,252,255,231
32.08565630693534,72.10807505046172,254.82569457922506,no_reaction,daylight,249,254,182
34.65154319933812,72.53741634734385,255.0,no_reaction,fluorescent,243,255,182
27.1362691997669,84.21950925696038,255.0,no_reaction,warm_indoor,255,247,170
34.574089818838466,77.82386983209362,220.3148877353898,no_reaction,overcast,209,220,153
30.975976542412766,85.24455973173211,255.0,no_reaction,harsh_direct,251,255,169
29.920242455895757,31.28768199166155,230.05172830611636,no_reaction,daylight,229,230,201
30.26471329621425,19.27846296524744,244.28063035816146,no_reaction,fluorescent,244,244,225
24.115604808258368,36.44927543828955,201.30773199300324,no_reaction,warm_indoor,201,195,172
28.33682424462742,20.981364446130723,212.20111909383095,no_reaction,overcast,212,211,194
32.54832961610844,30.939035364200965,238.4452802631129,no_reaction,harsh_direct,235,238,209
19.582267981023154,0.0,255.0,no_reaction,daylight,255,255,255
25.26714372770763,4.888178017712544,255.0,no_reaction,fluorescent,255,254,250
20.51583062080325,7.478883837200627,251.31385562782134,no_reaction,warm_indoor,251,249,243
24.327155816694663,9.237051912971332,231.00584682629827,no_reaction,overcast,231,229,222
22.286975862169072,23.117014951984988,255.0,no_reaction,harsh_direct,255,249,231
29.228287380783975,29.28655049309548,254.94564886675457,no_reaction,daylight,254,254,225
33.13639462545809,16.74551033122385,255.0,no_reaction,fluorescent,253,255,238
26.447719631133193,33.719555464137855,236.7014465684256,no_reaction,warm_indoor,236,233,205
33.44480404775403,42.52847577201291,238.87449423306305,no_reaction,overcast,234,238,199
30.335672662430976,30.248253900565075,255.0,no_reaction,harsh_direct,254,255,224
25.042456696953813,57.37121659365842,223.99496734684257,no_reaction,daylight,223,215,173
28.423817419469685,41.84426775304564,253.96535152428385,no_reaction,fluorescent,253,251,212
20.536505313768345,70.73550924987565,217.04215349226695,no_reaction,warm_indoor,217,198,156
23.78328766292066,29.13083255276091,217.0425137086644,no_reaction,overcast,217,212,192
25.363939732535258,66.22948831425421,245.2734078113662,no_reaction,harsh_direct,245,235,181
26.030463389322577,26.885023475045553,253.0613163451087,no_reaction,daylight,253,249,226
29.779817651694746,19.019561053189005,255.0,no_reaction,fluorescent,255,254,235
27.027320772400838,41.3246133732643,239.1666788757431,no_reaction,warm_indoor,239,235,200
29.59700681835792,33.96840405300122,222.60586500544395,no_reaction,overcast,222,222,192
31.52161742958907,22.22963208622803,255.0,no_reaction,harsh_direct,253,255,232
34.01378017372803,39.79453932930445,255.0,no_reaction,daylight,249,255,215
37.66127092971049,27.669674005067648,255.0,no_reaction,fluorescent,247,255,227
31.88128111990038,62.04097334369472,242.16013577828463,no_reaction,warm_indoor,238,242,183
32.59031782971984,55.607473555758006,228.16005330670504,no_reaction,overcast,223,228,178
31.818028640382508,59.177808503555546,255.0,no_reaction,harsh_direct,251,255,195
22.845994460419096,85.04891923077534,241.649192763969,no_reaction,daylight,241,222,161
25.21119526093957,51.98162461861662,255.0,no_reaction,fluorescent,255,246,203
20.87037749241103,79.67265549074871,228.45215720729482,no_reaction,warm_indoor,228,207,157
24.134232946982003,62.058892305583896,220.18852686577293,no_reaction,overcast,220,209,166
26.261513102775307,74.98888076470375,255.0,no_reaction,harsh_direct,255,246,180
35.14547758182964,23.386648180922677,255.0,no_reaction,daylight,250,255,231
36.149902883920014,14.496901762098144,255.0,no_reaction,fluorescent,251,255,240
28.581858499642355,22.27531129865728,252.61354708983896,no_reaction,warm_indoor,252,251,230
34.63621710881328,4.860657182645728,235.11624489728547,no_reaction,overcast,234,235,230
31.94736621119296,27.158310744929764,255.0,no_reaction,harsh_direct,253,255,227
19.85559481389229,11.998288520676427,234.70139053264128,no_reaction,daylight,234,231,223
25.665494258405065,13.734936376230658,230.34785224113247,no_reaction,fluorescent,230,228,217
19.55076623790278,49.0363206791528,217.303898776109,no_reaction,warm_indoor,217,202,175
26.139254529379457,14.454226809378582,214.2693120781703,no_reaction,overcast,214,212,202
22.676673631925286,41.58629611069911,247.95617848176101,no_reaction,harsh_direct,247,238,207
28.690710310203993,24.720441863578998,235.23439957086924,no_reaction,daylight,235,234,212
31.406930199605807,25.049235811696555,246.6777407375628,no_reaction,fluorescent,245,246,222
23.334744275224768,31.158053739222225,212.82305066595427,no_reaction,warm_indoor,212,207,186
27.357704501880534,25.25593681609828,216.88367708817447,no_reaction,overcast,216,215,195
30.911062993676985,37.21446550674703,249.6829710749512,no_reaction,harsh_direct,248,249,213
32.795813451859296,31.680919555587618,221.06666382877125,no_reaction,daylight,218,221,193
32.927964466698796,23.6814134877707,255.0,no_reaction,fluorescent,252,255,231
29.649803842097636,44.59007908897906,220.87662548022894,no_reaction,warm_indoor,220,220,182
29.144454201874336,20.599257635916505,211.21600543335114,no_reaction,overcast,211,210,194
31.118227372660925,39.02127800359119,247.67243203445463,no_reaction,harsh_direct,246,247,209
22.51513948586452,23.0663336925672,253.18029422426383,no_reaction,daylight,253,247,230
26.147684183561992,26.86121371323565,255.0,no_reaction,fluorescent,255,251,228
23.16074264906226,36.89306235656147,242.44507634643446,no_reaction,warm_indoor,242,234,207
28.206017088175503,10.890400133930031,220.84760685680985,no_reaction,overcast,220,220,211
27.18563405975495,32.004885855935825,255.0,no_reaction,harsh_direct,255,252,222
24.6597692079959,16.447147771858635,229.2210803681845,no_reaction,daylight,229,226,214
27.28800530717119,4.780534249518819,244.30791040109887,no_reaction,fluorescent,244,243,239
22.800296766962,36.93917302672597,214.97106211730645,no_reaction,warm_indoor,214,207,183
25.703117814392005,13.38202362056344,209.37026721697438,no_reaction,overcast,209,207,198
27.774269478404403,9.605423046071602,255.0,no_reaction,harsh_direct,255,254,245
33.004369060761185,2.961004988885882,239.68369150220929,no_reaction,daylight,239,239,236
34.01934104941905,10.689317795379246,255.0,no_reaction,fluorescent,253,255,244
31.12052129638279,12.714245396086518,240.12913804845235,no_reaction,warm_indoor,239,240,228
34.52983215794537,0.0,243.54619283064653,no_reaction,overcast,243,243,243
33.85961198403117,23.50654425928419,255.0,no_reaction,harsh_direct,251,255,231
28.067203648265757,3.558899396420452,220.9472095391333,no_reaction,daylight,220,220,217
32.97783742161572,0.0,225.94235248004566,no_reaction,fluorescent,225,225,225
26.161669495105905,11.0194930460219,227.5731609772319,no_reaction,warm_indoor,227,226,217
32.392138538946696,0.0,195.3025716131516,no_reaction,overcast,195,195,195
26.885917640244806,17.82601823721595,255.0,no_reaction,harsh_direct,255,253,237
36.69398480791801,51.53118131097669,255.0,no_reaction,daylight,243,255,203
42.73348854028003,31.60372266218083,255.0,no_reaction,fluorescent,241,255,223
35.82519340520941,45.7880134261308,254.83516359980337,no_reaction,warm_indoor,245,254,209
38.22028320437588,49.64357393463908,228.18554526981893,no_reaction,overcast,215,228,183
39.7863444377054,72.20848312164269,255.0,no_reaction,harsh_direct,230,255,182
30.583073659166768,20.10138460743443,255.0,no_reaction,daylight,254,255,234
29.06630437569801,0.0,255.0,no_reaction,fluorescent,255,255,255
29.7282883273138,20.692584311187055,239.03114738016865,no_reaction,warm_indoor,239,238,219
30.282773994737873,22.14440976088378,232.4675346618946,no_reaction,overcast,232,232,212
25.720342638635994,18.802163845086838,255.0,no_reaction,harsh_direct,255,252,236
33.07490411130199,3.32338010213081,255.0,no_reaction,daylight,254,255,251
34.83483015378653,20.952989765527832,255.0,no_reaction,fluorescent,251,255,234
30.810600687191865,18.317160005780803,223.74073117384555,no_reaction,warm_indoor,223,223,207
33.441449561057986,1.2576094137160965,227.84872276694904,no_reaction,overcast,227,227,226
32.233755750621874,11.514365055058782,255.0,no_reaction,harsh_direct,254,255,243
20.24796470129853,8.434505079593228,238.77093262830928,no_reaction,daylight,238,236,230
24.78840085388564,0.0,253.789200158159,no_reaction,fluorescent,253,253,253
20.937225666176335,0.0,232.43285331352246,no_reaction,warm_indoor,232,232,232
22.112107310491513,0.0,203.90784145547792,no_reaction,overcast,203,203,203
19.265337229731205,2.546365772541123,255.0,no_reaction,harsh_direct,255,254,252
36.885475993925056,30.321741317924406,243.8556720478961,no_reaction,daylight,237,243,214
38.577695670326996,21.7445343552579,255.0,no_reaction,fluorescent,248,255,233
33.59531799532086,38.702693643667665,237.17087645505643,no_reaction,warm_indoor,232,237,201
38.93925876960726,11.112440356868165,246.49553302794502,no_reaction,overcast,243,246,235
37.20289879067237,32.94662266947431,255.0,no_reaction,harsh_direct,246,255,222
28.16382702325647,25.268922712966194,218.77452005550816,no_reaction,daylight,218,217,197
30.56329317172608,12.21307714848742,234.3143416264529,no_reaction,fluorescent,234,234,223
26.709816312567668,26.263963468617913,211.0527316630016,no_reaction,warm_indoor,211,208,189
31.46922783185642,10.065842173541945,185.91424401954205,no_reaction,overcast,185,185,178
28.73652202114831,12.83710497587833,255.0,no_reaction,harsh_direct,255,254,242
35.18454141283113,14.58265496863071,250.00139339143493,no_reaction,daylight,247,250,235
35.976569246642114,4.769289091653542,255.0,no_reaction,fluorescent,254,255,250
33.4386006549645,10.119980178875124,250.50542321969561,no_reaction,warm_indoor,249,250,240
33.94076368868186,2.6216107332676373,230.0188322376269,no_reaction,overcast,229,230,227
33.02251217029058,17.10672399791264,255.0,no_reaction,harsh_direct,253,255,237
25.70951225506559,35.859133486655296,252.07210800966573,no_reaction,daylight,252,247,216
24.513080195007383,34.58086578202548,255.0,no_reaction,fluorescent,255,248,220
26.972208864653613,58.32867635227943,243.4335136702995,no_reaction,warm_indoor,243,238,187
30.249171493780395,38.23117560675011,244.77746527794434,no_reaction,overcast,244,244,208
28.71690175648254,35.49316933574801,255.0,no_reaction,harsh_direct,255,253,219
33.21638154486439,48.815844056083954,224.59894299459154,no_reaction,daylight,219,224,181
36.57974190672041,51.896891579369964,240.11346435164614,no_reaction,fluorescent,229,240,191
30.84807973177496,60.89333405135915,204.1333603521559,no_reaction,warm_indoor,202,204,155
36.17045515545669,38.05598391670414,195.21287612882236,no_reaction,overcast,189,195,166
35.06313541962486,64.23608882849526,238.0079476981977,no_reaction,harsh_direct,227,238,178
30.185529305440586,27.65384851053092,234.1412360557438,no_reaction,daylight,233,234,208
31.984582256069956,6.381974538605307,244.82954419697165,no_reaction,fluorescent,244,244,238
25.088890235680644,23.391943276177777,224.36795371072233,no_reaction,warm_indoor,224,221,203
31.209680140553058,13.204684283540526,205.39232260873837,no_reaction,overcast,204,205,194
27.299769448068254,7.03131775058047,255.0,no_reaction,harsh_direct,255,254,247
23.216357971036576,7.3537679678441625,223.35639548698632,no_reaction,daylight,223,221,216
32.259569660729746,4.613270145362809,240.93747147190686,no_reaction,fluorescent,240,240,236
23.467417400787188,34.970214492190834,210.61989131039675,no_reaction,warm_indoor,210,204,181
28.654162584214333,0.0,202.68313533590327,no_reaction,overcast,202,202,202
23.22493156163253,29.81198331543365,255.0,no_reaction,harsh_direct,255,248,225
37.404746739920185,14.819811538577449,255.0,no_reaction,daylight,251,255,240
39.24366177160978,0.0,255.0,no_reaction,fluorescent,255,255,255
34.883014684418775,21.924589594541164,231.91192424147582,no_reaction,warm_indoor,228,231,211
36.21896577017458,4.042262161568344,233.28505869802478,no_reaction,overcast,232,233,229
36.21212359978114,8.12014714858739,255.0,no_reaction,harsh_direct,253,255,246
27.066763321378716,0.0,210.7437413373009,no_reaction,daylight,210,210,210
29.605471804686054,0.0,246.3125129224286,no_reaction,fluorescent,246,246,246
25.873863991975053,2.4896644123985157,209.27085400689478,no_reaction,warm_indoor,209,208,207
26.421193229538826,1.1441542745382574,199.24759744754135,no_reaction,overcast,199,199,198
25.78071505076618,6.4794640510749515,241.09257141273258,no_reaction,harsh_direct,241,240,234
29.149784245624684,18.12114809952145,239.45414593662494,no_reaction,daylight,239,239,222
32.43111768991666,11.731700093329696,255.0,no_reaction,fluorescent,253,255,243
28.376581812700582,25.679516077011066,237.7742291323252,no_reaction,warm_indoor,237,236,213
28.408081485163223,17.33356972308412,216.7723109852039,no_reaction,overcast,216,216,202
27.49049864316565,28.92525368334627,255.0,no_reaction,harsh_direct,255,252,226
33.34443364531843,19.280113733095398,254.46360391308806,no_reaction,daylight,252,254,235
35.06135188871667,8.160005557714493,255.0,no_reaction,fluorescent,253,255,246
29.98250779259058,26.17840785642493,250.90917023999154,no_reaction,warm_indoor,250,250,225
32.232424596976195,29.932282351275397,233.83318253955855,no_reaction,overcast,231,233,206
33.64533418849274,10.280623752120858,255.0,no_reaction,harsh_direct,253,255,244
27.255603278428,18.11713011746668,237.9463510979593,no_reaction,daylight,237,236,221
32.073190432163244,19.69230079061339,255.0,no_reaction,fluorescent,253,255,235
25.01199662445714,28.184536784231316,218.3177482571469,no_reaction,warm_indoor,218,214,194
31.6012412074061,10.311369474199886,206.2985424936369,no_reaction,overcast,205,206,197
29.603643154032262,21.226719286916783,255.0,no_reaction,harsh_direct,255,254,233
29.426683834995487,13.033598473571795,247.70939040881794,no_reaction,daylight,247,247,235
34.60609892281323,0.0,255.0,no_reaction,fluorescent,255,255,255
25.872132730056787,21.097150570182663,232.52075542036985,no_reaction,warm_indoor,232,229,213
34.33544105383797,21.179628672850804,220.2653536245421,no_reaction,overcast,217,220,201
30.000043850142927,29.09204420099382,255.0,no_reaction,harsh_direct,254,255,225
27.581419678317847,35.188754950550106,247.1033241620213,no_reaction,daylight,247,244,213
29.951668399845843,37.84321564046225,255.0,no_reaction,fluorescent,254,255,217
21.107752543019036,48.10206560303183,243.57085965647227,no_reaction,warm_indoor,243,230,197
24.54170538638457,42.25588612138405,231.05248579680378,no_reaction,overcast,231,224,192
23.936247784652043,43.9388192590868,255.0,no_reaction,harsh_direct,255,246,211
29.014150607405856,38.58625158090034,231.2087592510563,no_reaction,daylight,231,230,196
36.0850805158195,16.668404860348865,254.8294585506327,no_reaction,fluorescent,251,254,238
27.648216092415286,33.56900499379074,220.24743363650245,no_reaction,warm_indoor,220,218,191
35.017219476404456,19.613507902327903,215.21265464240082,no_reaction,overcast,212,215,198
32.87381579618249,35.46627941421338,255.0,no_reaction,harsh_direct,251,255,219
30.180109999569805,28.04808384096931,255.0,no_reaction,daylight,254,255,226
36.5394668911438,15.610919942814979,255.0,no_reaction,fluorescent,251,255,239
29.749666116427868,36.47687064677866,247.5790817585672,no_reaction,warm_indoor,247,247,212
34.508357396186476,17.349535048582133,226.85215272452498,no_reaction,overcast,224,226,211
33.861439947749744,15.943417917964847,255.0,no_reaction,harsh_direct,252,255,239
28.197830362366002,53.31681391639805,238.5129623943714,no_reaction,daylight,238,235,188
32.796890472895,40.91506977891291,247.36269539778914,no_reaction,fluorescent,243,247,207
25.577579793197295,61.470564009621015,238.85739570999402,no_reaction,warm_indoor,238,230,181
28.696963673034702,46.42895492448161,220.6080714850964,no_reaction,overcast,220,219,180
28.899327938916304,52.132241509842835,255.0,no_reaction,harsh_direct,255,253,202
29.497491093614393,23.996671851662384,233.0117925980316,no_reaction,daylight,233,232,211
33.22184931000699,26.01755246075802,244.7517988176895,no_reaction,fluorescent,241,244,219
25.19050152440531,46.536888089041376,217.51159822874007,no_reaction,warm_indoor,217,211,177
30.523449237902156,29.461919158598704,193.60664493318703,no_reaction,overcast,193,193,171
26.09694126544721,29.63859359567627,255.0,no_reaction,harsh_direct,255,251,225
30.704760062884677,21.360690582020048,239.09615138914089,no_reaction,daylight,238,239,219
33.36919035219374,14.264142431359968,255.0,no_reaction,fluorescent,253,255,240
30.160464220173356,30.370484511249998,210.43424939119004,no_reaction,warm_indoor,210,210,185
33.863880977741054,23.20927865239026,216.92976372976582,no_reaction,overcast,214,216,197
31.122564396480307,24.115790245486597,253.5734202455415,no_reaction,harsh_direct,252,253,229
28.47111682491475,38.905163147317,253.61333527821455,no_reaction,daylight,253,251,214
34.0858568923119,21.20925406023853,255.0,no_reaction,fluorescent,251,255,233
29.349680552702967,45.93777559659746,232.96231878294284,no_reaction,warm_indoor,232,232,190
34.50408831583144,30.817198363621053,242.25879561436224,no_reaction,overcast,237,242,212
29.012697504774085,44.676758218157886,255.0,no_reaction,harsh_direct,255,253,210
27.1699065588439,13.899382978956865,225.86926201318894,no_reaction,daylight,225,224,213
28.547176829644265,7.2661021717747225,253.50890953851177,no_reaction,fluorescent,253,253,246
24.633853701954205,10.736462651075787,228.10992877545277,no_reaction,warm_indoor,228,226,218
30.45274641005591,7.171355278352738,188.76365395810828,no_reaction,overcast,188,188,183
28.77397188877931,3.3279981594804093,249.225735885814,no_reaction,harsh_direct,249,249,245
29.240876628839743,14.425599159930703,240.2581121254006,no_reaction,daylight,240,239,226
27.69378219533805,0.0,255.0,no_reaction,fluorescent,255,255,255
25.297060537609322,21.128219048440574,226.45218692172273,no_reaction,warm_indoor,226,223,207
30.134578059032023,9.337207307352937,220.65075242707528,no_reaction,overcast,220,220,212
25.370622204094676,33.02461648547382,255.0,no_reaction,harsh_direct,255,250,221
38.39337030112282,17.643086338578247,218.95938262296383,no_reaction,daylight,214,218,203
38.09737528919245,0.0,216.00503886951572,no_reaction,fluorescent,216,216,216
38.604839423284005,23.524269215692815,209.42195657668015,no_reaction,warm_indoor,203,209,190
39.75441966577582,15.840710792418609,174.71092638037854,no_reaction,overcast,171,174,163
40.57929578816917,12.799662131129388,255.0,no_reaction,harsh_direct,250,255,242
41.63098753121621,20.394737597831742,251.96653116038928,no_reaction,daylight,243,251,231
39.75616604755355,13.911557791491154,255.0,no_reaction,fluorescent,250,255,241
37.946735071863785,23.76211137279182,254.80252496465587,no_reaction,warm_indoor,248,254,231
44.451931850070636,18.190361631509525,224.9396860075918,no_reaction,overcast,217,224,208
42.76992841792712,25.943549908383044,255.0,no_reaction,harsh_direct,243,255,229
26.15464440341556,69.87501742032246,248.72076790741954,no_reaction,daylight,248,240,180
24.396226699822417,52.50240624621435,255.0,no_reaction,fluorescent,255,245,202
22.43360533354088,72.57888886241899,244.98249489377824,no_reaction,warm_indoor,244,227,175
27.759198763735306,58.38974490808862,241.5707651323089,no_reaction,overcast,241,237,186
26.70548072407668,68.20286567429014,255.0,no_reaction,harsh_direct,255,247,186
32.929423579696994,24.73070800091993,224.08504810561652,no_reaction,daylight,221,224,202
34.739015978373175,0.0,224.41887474942692,no_reaction,fluorescent,224,224,224
29.13691257241455,14.565271427640123,208.45374227221785,no_reaction,warm_indoor,208,208,196
35.34497723710548,0.0,203.4319215953538,no_reaction,overcast,203,203,203
32.213124811210974,0.0,246.21008773172153,no_reaction,harsh_direct,246,246,246
33.41746546242995,20.419906893557194,243.22632918208285,no_reaction,daylight,240,243,223
30.684110455331677,1.2987443954734923,247.15454080962812,no_reaction,fluorescent,247,247,245
30.914084285806805,33.389983566917564,218.30740276008615,no_reaction,warm_indoor,217,218,189
28.442503629212062,16.05402078649209,209.9352121706254,no_reaction,overcast,209,209,196
30.19290333804254,29.607173836059403,255.0,no_reaction,harsh_direct,254,255,225
40.34234258340543,1.392285782696181,242.52603386238513,no_reaction,daylight,242,242,241
39.28857763656317,0.0,239.88337702995844,no_reaction,fluorescent,239,239,239
32.2412336053151,38.74369974716629,217.57776972490183,no_reaction,warm_indoor,214,217,184
38.94343815675128,6.998976520079218,212.94108496458432,no_reaction,overcast,211,212,207
38.490766461033054,15.025912341607864,251.9177037691589,no_reaction,harsh_direct,247,251,237
23.962960651674326,16.599154972674476,246.38996522370692,no_reaction,daylight,246,243,230
28.952442868501173,0.0,251.7707201968195,no_reaction,fluorescent,251,251,251
21.649335699608393,30.023621495917354,227.19575337144477,no_reaction,warm_indoor,227,219,200
26.81922671204271,1.279776691808781,225.46143567079608,no_reaction,overcast,225,225,224
23.967021433512187,23.900739873861426,255.0,no_reaction,harsh_direct,255,250,231
36.60352542863946,24.733263307418206,243.20157136836409,no_reaction,daylight,237,243,219
38.37354715592125,27.12783216621626,255.0,no_reaction,fluorescent,247,255,227
33.982535392376654,49.85198647749284,224.089310204334,no_reaction,warm_indoor,217,224,180
40.02822857554751,44.07442869561875,219.82561972072966,no_reaction,overcast,206,219,181
36.213278877824045,48.71257275988556,255.0,no_reaction,harsh_direct,244,255,206
27.45919078668174,46.59531776900028,222.64575326327997,no_reaction,daylight,222,219,181
25.41375578739897,47.14540515859167,226.59874676636142,no_reaction,fluorescent,226,220,184
21.29898120559705,61.717138657278845,218.0811602167933,no_reaction,warm_indoor,218,202,165
22.91589206438166,40.347365619893345,201.4330813897142,no_reaction,overcast,201,194,169
25.358903548129657,48.309992454549985,254.00154673083682,no_reaction,harsh_direct,254,246,205
31.69782516813284,0.0,255.0,no_reaction,daylight,255,255,255
31.46757918282664,0.0,255.0,no_reaction,fluorescent,255,255,255
28.136813561710092,0.0,251.19458181344004,no_reaction,warm_indoor,251,251,251
31.021335684549253,1.1818317940206713,216.92229130243834,no_reaction,overcast,216,216,215
29.839149971318957,3.0792047649899867,255.0,no_reaction,harsh_direct,254,255,251
30.006359842730244,12.529729904554022,255.0,no_reaction,daylight,254,255,242
29.5807028756523,21.432806585102515,255.0,no_reaction,fluorescent,255,254,233
29.350566048168197,29.9293804564055,242.4807422935824,no_reaction,warm_indoor,242,242,214
30.647365021571837,20.55157760910878,235.39731871430564,no_reaction,overcast,234,235,216
28.811236715346716,30.064858883794454,255.0,no_reaction,harsh_direct,255,253,224
36.98876925785293,20.706831764584607,234.18045133872906,no_reaction,daylight,229,234,215
37.01337452631268,18.92415019897313,239.02887830841172,no_reaction,fluorescent,234,239,221
31.06074244454294,58.79302969644216,217.99765552010152,no_reaction,warm_indoor,215,217,167
36.39603681042082,26.15636994672928,204.2178134609405,no_reaction,overcast,199,204,183
37.366249142489465,32.186330514139605,249.6575973320529,no_reaction,harsh_direct,241,249,218
27.756470023623905,35.70211144684357,239.9066604757092,no_reaction,daylight,239,237,206
30.430583577875613,17.16735638521726,255.0,no_reaction,fluorescent,254,255,237
25.29398177311782,44.95075565441449,230.50854144580762,no_reaction,warm_indoor,230,224,189
31.5963303316942,11.028839152966484,209.61637530799814,no_reaction,overcast,209,209,200
26.123452304682278,33.293122892317015,255.0,no_reaction,harsh_direct,255,250,221
31.269399750292692,0.0,212.84676350018415,no_reaction,daylight,212,212,212
28.924201528272473,0.0,239.93209371263464,no_reaction,fluorescent,239,239,239
26.46953345396197,27.409541961779833,207.91309660900734,no_reaction,warm_indoor,207,205,185
33.90865713832921,10.323835615602684,208.25613939351518,no_reaction,overcast,207,208,199
29.65215209432452,13.854180306579266,251.73171050985206,no_reaction,harsh_direct,251,251,238
38.18691595158309,26.28544884044091,231.91668895911852,no_reaction,daylight,225,231,208
41.479410186060285,28.466992298375516,255.0,no_reaction,fluorescent,243,255,226
33.74017111773688,27.427857727012068,224.66014010136158,no_reaction,warm_indoor,221,224,200
39.79441714942078,14.346850893835128,204.87767401929162,no_reaction,overcast,201,204,193
38.77196128579978,47.38143932155626,255.0,no_reaction,harsh_direct,240,255,207
30.029368395396233,12.553851645477877,249.7850972680679,no_reaction,daylight,249,249,237
33.006457645510714,0.3419871823837539,255.0,no_reaction,fluorescent,254,255,254
27.361730502483766,16.907571313996556,255.0,no_reaction,warm_indoor,255,253,238
31.02854304094686,15.223267441105008,230.9282419002739,no_reaction,overcast,230,230,217
29.49440235096669,11.692358916482124,255.0,no_reaction,harsh_direct,255,254,243
31.29196338805127,27.5479738833896,255.0,no_reaction,daylight,253,255,227
33.170516477926036,15.077069900162153,250.67363780123708,no_reaction,fluorescent,249,250,235
25.289657840261363,45.832563575345134,244.2741723852277,no_reaction,warm_indoor,244,237,200
34.61402277116777,25.70994890048321,224.92891229534467,no_reaction,overcast,221,224,202
32.34439985786347,41.64424402350266,255.0,no_reaction,harsh_direct,251,255,213
32.05825362651984,8.047312117457691,248.05104400844942,no_reaction,daylight,247,248,240
36.02134418339,9.451450544254056,255.0,no_reaction,fluorescent,253,255,245
26.399217511772136,11.765712649544554,228.88612860625486,no_reaction,warm_indoor,228,227,218
31.362926262768568,12.829118405035999,232.0505061131736,no_reaction,overcast,231,232,220
31.195268323626568,11.660656361993057,255.0,no_reaction,harsh_direct,254,255,243
35.2397163057259,45.1828480591233,249.23664929933307,no_reaction,daylight,241,249,205
36.07317209350447,26.782422507983693,255.0,no_reaction,fluorescent,249,255,228
32.023214350121364,58.01037981767155,243.46586944676795,no_reaction,warm_indoor,239,243,188
38.21118107226366,56.66575395734623,226.21088214928156,no_reaction,overcast,212,226,175
34.50865261285156,51.30014870316594,255.0,no_reaction,harsh_direct,246,255,203
26.667622789197612,30.009513881909093,234.1481669550991,no_reaction,daylight,234,231,206
30.19664249008467,31.837342657615814,250.0590021352727,no_reaction,fluorescent,249,250,218
22.70945174172137,42.455346313558096,243.2229796921738,no_reaction,warm_indoor,243,233,202
29.213706757059917,20.872212025924746,211.58519791398982,no_reaction,overcast,211,211,194
27.191193251603256,47.91368928562345,255.0,no_reaction,harsh_direct,255,250,207
27.54458116886332,31.48051929929632,223.267206934611,no_reaction,daylight,223,221,195
30.9888026628525,17.942607682189724,232.46330755530627,no_reaction,fluorescent,231,232,216
25.739208277571432,40.60948486608934,210.67647783524265,no_reaction,warm_indoor,210,206,177
30.234756538465607,15.896002997468862,199.29002423616024,no_reaction,overcast,199,199,186
28.355517829375508,31.698271359298268,255.0,no_reaction,harsh_direct,255,253,223
36.94110184395161,0.0,217.40830711660854,no_reaction,daylight,217,217,217
42.01825881234097,0.0,238.8755852164408,no_reaction,fluorescent,238,238,238
35.648908286640136,0.0,222.83575787048025,no_reaction,warm_indoor,222,222,222
39.18487733651934,0.0,207.32426502471841,no_reaction,overcast,207,207,207
36.355961321777585,9.796823691340133,251.64313386817028,no_reaction,harsh_direct,249,251,241
31.68928714349177,44.48744669003434,242.05831943447575,no_reaction,daylight,239,242,199
36.138679369162354,48.31909265446748,255.0,no_reaction,fluorescent,244,255,206
28.747397547894955,50.64155546161115,222.61962484841007,no_reaction,warm_indoor,222,221,178
31.979382444017144,49.185957493863995,225.38494216075563,no_reaction,overcast,222,225,181
31.493762813308887,74.48525478601486,255.0,no_reaction,harsh_direct,250,255,180
24.407903183370607,38.40596184331149,244.3389137290911,no_reaction,daylight,244,237,207
24.64079157995848,13.586290032283209,255.0,no_reaction,fluorescent,255,252,241
19.55361356386946,44.510849073641566,238.3654930490006,no_reaction,warm_indoor,238,224,196
22.284243497870744,29.00997222092517,217.18307806563098,no_reaction,overcast,217,210,192
22.743995199227708,18.48231720403447,254.53297210172994,no_reaction,harsh_direct,254,250,236
30.017827196146897,17.73577468748783,217.42132098122255,no_reaction,daylight,217,217,202
29.637975384394018,18.07020310679416,239.19832112409958,no_reaction,fluorescent,239,239,222
30.27166540841814,29.90372491581799,209.72959668467135,no_reaction,warm_indoor,209,209,185
28.67719702921918,4.491452029159387,201.21431827336883,no_reaction,overcast,201,201,197
30.778697371887326,20.32144622310853,240.83035002704978,no_reaction,harsh_direct,240,240,221
27.266314242512095,45.202339288255565,217.3824734490034,no_reaction,daylight,217,214,178
26.443893620579207,40.35468187789928,255.0,no_reaction,fluorescent,255,250,214
24.240388255691535,48.99172470068908,226.41065004659265,no_reaction,warm_indoor,226,218,182
26.780036855876528,50.2449937419959,230.6626758074301,no_reaction,overcast,230,226,185
26.61929650860128,52.14373985692932,255.0,no_reaction,harsh_direct,255,249,202
31.481587022450018,28.245135241189804,197.56039595453558,no_reaction,daylight,196,197,175
28.782721454993546,12.311257542139657,227.03329003482702,no_reaction,fluorescent,227,226,216
25.009331672092966,51.10774839983449,202.495338784364,no_reaction,warm_indoor,202,195,161
25.44828907304565,33.59887716850294,181.3793620130596,no_reaction,overcast,181,177,157
27.406076675482016,44.515351188070575,232.2433144968395,no_reaction,harsh_direct,232,228,191
26.583310979090605,19.123931386522813,253.35549385308227,no_reaction,daylight,253,251,234
29.63567934134478,9.213278496301013,255.0,no_reaction,fluorescent,255,254,245
23.59858154035098,52.96637930193633,240.7743658191513,no_reaction,warm_indoor,240,230,190
34.52304307139499,27.460886283110252,229.9665803292441,no_reaction,overcast,226,229,205
28.166522468977274,37.624661162540754,255.0,no_reaction,harsh_direct,255,252,217
33.44895074993429,30.251129373561273,255.0,no_reaction,daylight,251,255,224
35.77370157680731,17.23056845460435,255.0,no_reaction,fluorescent,251,255,237
33.82872008616265,53.752250447857364,249.0240167109121,no_reaction,warm_indoor,241,249,196
34.367134749353674,32.13744670453576,246.0017887950342,no_reaction,overcast,241,246,214
30.907559333576792,58.64843659998765,255.0,no_reaction,harsh_direct,252,255,196
24.861127916623218,61.39886073416314,255.0,no_reaction,daylight,255,244,193
29.806878379995567,39.473274201043196,255.0,no_reaction,fluorescent,255,254,215
21.2219755659974,51.37361569285739,226.76895776319375,no_reaction,warm_indoor,226,213,181
26.195134854255738,43.18073385822812,242.97703768723287,no_reaction,overcast,242,237,201
25.930860991307913,31.697794417047373,255.0,no_reaction,harsh_direct,255,250,223
29.90710960716566,0.0,237.16542853428476,no_reaction,daylight,237,237,237
26.58023668759266,0.0,238.46867672570139,no_reaction,fluorescent,238,238,238
25.998184383784555,15.562290291603155,248.24952263899726,no_reaction,warm_indoor,248,246,233
29.188020463865694,1.2892416895108578,227.34099655487935,no_reaction,overcast,227,227,226
27.17581842704998,3.112760248601332,255.0,no_reaction,harsh_direct,255,254,251
20.749334408363524,7.4458175282696,245.9635188792603,no_reaction,daylight,245,243,238
25.51893606540676,0.0,243.2029936031949,no_reaction,fluorescent,243,243,243
18.579777292860832,9.762463860709184,224.00042062585632,no_reaction,warm_indoor,224,220,215
25.107053448474737,17.971308071269142,206.40265361855822,no_reaction,overcast,206,204,191
25.096243628297405,14.213639519476327,255.0,no_reaction,harsh_direct,255,252,240
32.46065055207012,44.450571055920555,255.0,no_reaction,daylight,251,255,210
36.992682991298445,45.35984326330545,255.0,no_reaction,fluorescent,244,255,209
28.898541342294674,34.75299345508095,254.55078934285348,no_reaction,warm_indoor,254,253,219
31.349941163782454,44.629444522862904,244.10091743150014,no_reaction,overcast,241,244,201
28.653061858919255,46.417946895830276,255.0,no_reaction,harsh_direct,255,253,208
25.046827861469332,12.733103724573223,253.6987469124153,no_reaction,daylight,253,251,241
33.438298864551996,0.8870288323729474,255.0,no_reaction,fluorescent,254,255,254
24.02552621648285,30.945947356744476,245.11383869315446,no_reaction,warm_indoor,245,239,215
24.416331766375674,0.0,228.04712215317804,no_reaction,overcast,228,228,228
27.45853772877074,9.247474703635575,255.0,no_reaction,harsh_direct,255,254,245
24.81937515985909,7.146131101443962,255.0,no_reaction,daylight,255,253,247
25.919349072430027,0.0,255.0,no_reaction,fluorescent,255,255,255
24.708551099427027,8.410118876522038,245.2535369950163,no_reaction,warm_indoor,245,243,237
25.543614263046564,0.09827292779120222,236.43924631355637,no_reaction,overcast,236,236,236
27.313236248234528,25.882489317974407,255.0,no_reaction,harsh_direct,255,252,229
28.981964483071415,33.52812147080664,242.90154241558798,no_reaction,daylight,242,241,210
31.371632865950687,36.349864089412655,255.0,no_reaction,fluorescent,253,255,218
28.375209980446833,48.49557853212098,236.236340742815,no_reaction,warm_indoor,236,234,191
32.399471189777046,41.55942014132863,227.7360870333891,no_reaction,overcast,224,227,190
27.941677101916948,30.225720617828973,255.0,no_reaction,harsh_direct,255,253,224
25.07364110848529,26.962999533853907,244.24567069841882,no_reaction,daylight,244,240,218
26.170015142994888,18.05414701047905,255.0,no_reaction,fluorescent,255,252,236
21.39481349534876,37.69324446908793,247.2665951608466,no_reaction,warm_indoor,247,236,210
26.70014722168808,24.2963347252616,219.50835543517638,no_reaction,overcast,219,217,198
23.83967242302492,48.92690204954771,255.0,no_reaction,harsh_direct,255,245,206
38.93877924590565,46.59880359154798,245.67517369936317,no_reaction,daylight,231,245,200
42.53456398174932,31.237368937739898,255.0,no_reaction,fluorescent,241,255,223
36.05940611241489,59.3471448681639,242.41242760135643,no_reaction,warm_indoor,230,242,185
36.8215904044144,46.38514051533774,237.38434919886566,no_reaction,overcast,227,237,194
38.48399994312159,44.53125808388718,255.0,no_reaction,harsh_direct,242,255,210
24.886434263061755,48.89244457254533,208.2392980613744,no_reaction,daylight,208,201,168
32.13131823433528,26.551799344755683,230.41119899917044,no_reaction,fluorescent,228,230,206
22.27147960574687,39.887544617276134,215.205524016552,no_reaction,warm_indoor,215,206,181
25.25494709842565,27.700026173262472,199.5738343228587,no_reaction,overcast,199,196,177
30.283733845325806,36.15815622751613,254.96002099694695,no_reaction,harsh_direct,254,254,218
35.70775386543966,0.0,242.57703102966138,no_reaction,daylight,242,242,242
37.02461404941245,0.0,248.57582692702124,no_reaction,fluorescent,248,248,248
32.22597135535556,2.1337568049540074,215.94604728675958,no_reaction,warm_indoor,215,215,214
35.18654353882227,5.274310516830735,220.4131253211107,no_reaction,overcast,219,220,215
34.10010761694468,9.97890582616627,255.0,no_reaction,harsh_direct,253,255,245
35.941134969481766,39.02979741774436,210.368739973327,no_reaction,daylight,203,210,178
37.63099410256981,14.671828520513252,228.82296689683474,no_reaction,fluorescent,225,228,215
32.328321353875126,30.48253324570797,199.88802333583186,no_reaction,warm_indoor,197,199,175
38.69187148021193,30.14419061679314,194.581521019793,no_reaction,overcast,187,194,171
30.97012226881804,32.31802399853101,237.54668235293892,no_reaction,harsh_direct,236,237,207
23.54674571749448,12.36836609188003,216.04234913651715,no_reaction,daylight,216,213,205
30.281786587484238,1.1448791670511287,217.82363663518862,no_reaction,fluorescent,217,217,216
27.179151228974014,27.753575854122573,199.29368193722178,no_reaction,warm_indoor,199,197,177
27.358052943391822,0.0,207.02794310202844,no_reaction,overcast,207,207,207
27.284484995600096,27.93190903326009,224.55217230283637,no_reaction,harsh_direct,224,222,199
36.865926646059414,45.01738323598953,238.9828833230992,no_reaction,daylight,229,238,196
36.20491277312526,24.693854178100693,255.0,no_reaction,fluorescent,249,255,230
26.814154719382465,38.59866508706507,243.52953309762012,no_reaction,warm_indoor,243,239,206
34.63970623622701,50.39724031368447,212.59128886451833,no_reaction,overcast,205,212,170
34.79353966789692,48.2149115430559,255.0,no_reaction,harsh_direct,246,255,206
27.889861645183604,22.287772928462402,213.03939432762976,no_reaction,daylight,213,211,194
29.815357458433454,0.0,219.33381286265185,no_reaction,fluorescent,219,219,219
24.056227754509223,33.93832103616343,195.54576430314097,no_reaction,warm_indoor,195,190,169
31.27135448073032,5.0709299990364745,195.5701351483677,no_reaction,overcast,195,195,191
28.583876173338584,39.26751321391618,223.73498383892812,no_reaction,harsh_direct,223,222,189
30.299923428320124,14.121484247541616,233.91134220120654,no_reaction,daylight,233,233,220
30.479549534338013,0.4428592757311831,228.7203292000649,no_reaction,fluorescent,228,228,228
23.406228485619597,33.33232204198843,205.4828859112422,no_reaction,warm_indoor,205,199,178
25.07971042087785,19.66400840514026,200.42541943493265,no_reaction,overcast,200,197,184
26.200591190211377,16.325813090977988,251.66897258906556,no_reaction,harsh_direct,251,249,235
35.34983844345968,22.706811511751997,252.43366567014036,no_reaction,daylight,248,252,229
37.14672781446911,7.325196479752924,255.0,no_reaction,fluorescent,253,255,247
29.597104048056686,13.61087487253819,227.68556538745693,no_reaction,warm_indoor,227,227,215
34.88505260958768,14.91520123045962,243.61788312015977,no_reaction,overcast,241,243,229
34.81631956046785,14.27077351598728,255.0,no_reaction,harsh_direct,252,255,240
27.430740379924075,56.686380536426725,255.0,no_reaction,daylight,255,250,198
33.70145039466221,33.37099134877809,255.0,no_reaction,fluorescent,250,255,221
31.32924669172653,55.23054521340086,237.1995409237831,no_reaction,warm_indoor,234,237,185
30.09387283883958,44.230692614003736,237.6207247017853,no_reaction,overcast,237,237,196
28.661731960509876,51.37742841134405,255.0,no_reaction,harsh_direct,255,252,203
32.3039086500406,34.718490059155286,246.31607956699798,no_reaction,daylight,243,246,212
32.44864812322358,7.323532406007638,254.64827036735144,no_reaction,fluorescent,254,254,247
24.727183786777502,40.2060017840618,254.08637390914643,no_reaction,warm_indoor,254,247,214
29.791733367633675,15.612875904267764,242.31895296306124,no_reaction,overcast,242,242,227
31.89513908927267,24.066213571430634,255.0,no_reaction,harsh_direct,253,255,230
38.217992427864424,30.92060974578517,249.77705033445247,no_reaction,daylight,241,249,219
38.0341810378405,25.39130163728786,255.0,no_reaction,fluorescent,248,255,229
33.2918484716306,49.27925164291763,244.0790039403868,no_reaction,warm_indoor,238,244,196
35.8444655215696,31.59012277950505,244.80872789324852,no_reaction,overcast,238,244,214
35.75160674784381,25.51270315997582,255.0,no_reaction,harsh_direct,249,255,229
26.052062772031007,61.20422748786866,248.65716319054093,no_reaction,daylight,248,241,188
25.373307709344108,45.41932878026815,255.0,no_reaction,fluorescent,255,248,209
19.603255260085525,74.96450668003605,244.9472365865338,no_reaction,warm_indoor,244,220,172
25.070986742373805,36.40134660347332,243.5974329373944,no_reaction,overcast,243,238,208
23.0437194993929,58.78920525451116,255.0,no_reaction,harsh_direct,255,241,196
29.015413135533205,26.568456445272723,237.84241445868636,no_reaction,daylight,237,237,213
33.506280685482416,6.83208466426125,255.0,no_reaction,fluorescent,254,255,248
25.90717179404685,26.484670014807463,232.69881221693524,no_reaction,warm_indoor,232,229,208
27.77408714238911,0.0,223.0278940021309,no_reaction,overcast,223,223,223
30.25782144552237,21.686725137077868,255.0,no_reaction,harsh_direct,254,255,233
31.151419093875784,22.71592334180056,220.176122966717,no_reaction,daylight,219,220,200
34.93568968347373,21.412640575158683,238.451571996359,no_reaction,fluorescent,235,238,218
28.052733175510706,38.28208978976982,196.55266050513288,no_reaction,warm_indoor,196,194,167
34.870981615480474,34.22911194014489,183.15636839364217,no_reaction,overcast,179,183,158
34.575531683856575,40.08575695805305,243.06434150987224,no_reaction,harsh_direct,236,243,204
38.766589668188,34.44104720990061,205.8124960145816,no_reaction,daylight,197,205,178
34.01374727321651,12.400311481864627,229.783310902249,no_reaction,fluorescent,228,229,218
30.045008084806895,24.686734724292993,191.67690220973583,no_reaction,warm_indoor,191,191,173
38.19070522708891,27.435123750882497,179.16826424933464,no_reaction,overcast,173,179,159
32.48697909718593,27.650231307231543,246.51423181238542,no_reaction,harsh_direct,244,246,219
26.461297234222364,60.344014151963556,247.7395991580115,no_reaction,daylight,247,241,189
30.417686419661823,36.96911220971413,255.0,no_reaction,fluorescent,254,255,218
24.44561706838838,40.85628741574086,240.22200413129283,no_reaction,warm_indoor,240,233,201
26.135259911974238,37.356475160676794,235.89591099487203,no_reaction,overcast,235,231,201
29.637205416540446,56.013626635270924,255.0,no_reaction,harsh_direct,255,254,198
23.03300949431773,45.100035794999435,241.17886118419526,no_reaction,daylight,241,231,198
24.140967979819067,23.375028208730132,255.0,no_reaction,fluorescent,255,250,231
21.834791868082714,46.46140739966228,233.14434869317296,no_reaction,warm_indoor,233,221,190
24.324178306804427,40.571261536291445,225.03204633738898,no_reaction,overcast,225,218,189
24.868109273318893,33.362513178124644,255.0,no_reaction,harsh_direct,255,249,221
37.911502913879566,33.84207205242493,220.7772290121404,no_reaction,daylight,212,220,191
41.545796612770616,22.567782416810967,241.679590938027,no_reaction,fluorescent,233,241,220
33.98915302923601,43.19069044890738,216.62428953718927,no_reaction,warm_indoor,211,216,179
40.353974268402894,38.83795741532512,199.3334366282832,no_reaction,overcast,188,199,168
36.789197294991276,33.585101967292005,248.16039421429272,no_reaction,harsh_direct,240,248,215
30.97888640363936,33.763945880775815,224.02672325282361,no_reaction,daylight,222,224,194
30.0798852826333,29.794907230032237,255.0,no_reaction,fluorescent,254,255,225
31.698432381717947,48.87969608947802,226.0039435464805,no_reaction,warm_indoor,223,226,182
28.129861886157244,29.736371064963077,228.41407268720593,no_reaction,overcast,228,226,201
28.711283908678777,42.23874813556368,255.0,no_reaction,harsh_direct,255,253,212
29.09852543842084,46.864706164387556,242.24333428341185,no_reaction,daylight,242,241,197
32.109874659719054,42.02202190173329,255.0,no_reaction,fluorescent,251,255,212
23.578811141803815,57.64680932110936,241.38588410735937,no_reaction,warm_indoor,241,229,186
27.94295211513083,45.885409327646336,239.14835572357296,no_reaction,overcast,239,236,196
26.81504050220161,41.483772007119676,255.0,no_reaction,harsh_direct,255,250,213
33.22882213439547,16.845226039831513,215.85376709218195,no_reaction,daylight,214,215,201
32.445795430267786,15.4662486770082,255.0,no_reaction,fluorescent,253,255,239
29.445272353821498,32.39022311622681,218.12464925587156,no_reaction,warm_indoor,218,217,190
30.572289087802947,28.847081978912396,204.85449255573891,no_reaction,overcast,204,204,181
32.587166429469754,42.132946960335545,241.82784333578084,no_reaction,harsh_direct,238,241,201
29.23770293972398,24.69981734559603,245.88974990506017,no_reaction,daylight,245,245,222
34.73597485222119,10.500415764245378,255.0,no_reaction,fluorescent,253,255,244
27.000947797655,35.91320129604611,225.10618693291812,no_reaction,warm_indoor,225,222,193
33.4916061628584,11.114416048404928,233.79449824896736,no_reaction,overcast,232,233,223
30.594686879275866,23.391520360329398,255.0,no_reaction,harsh_direct,254,255,231
27.71675678554806,17.755833506396208,237.64345897019672,no_reaction,daylight,237,236,221
29.302165008167357,0.0,246.2974856182973,no_reaction,fluorescent,246,246,246
18.3336266025266,24.2525044131427,219.56153295985467,no_reaction,warm_indoor,219,211,198
28.36282373252833,5.571585959066265,224.1344871622155,no_reaction,overcast,224,223,219
27.800478318275616,21.59391461654945,255.0,no_reaction,harsh_direct,255,253,233
21.016018546220735,0.0,255.0,no_reaction,daylight,255,255,255
26.938459836378488,4.875846486587072,255.0,no_reaction,fluorescent,255,254,250
23.293563365212222,14.77892383582978,243.54880922637503,no_reaction,warm_indoor,243,240,229
27.54255689687044,0.0,227.109271674769,no_reaction,overcast,227,227,227
22.571573135398687,18.308595441609405,255.0,no_reaction,harsh_direct,255,250,236
28.234937934413132,43.99258255026486,255.0,no_reaction,daylight,255,252,211
29.897432581530843,30.266961559449868,255.0,no_reaction,fluorescent,254,255,224
26.198070415454488,43.287733141644814,251.7170109422006,no_reaction,warm_indoor,251,246,208
26.72065567073616,37.958279486950055,234.39933397631518,no_reaction,overcast,234,230,199
29.810280955247304,47.018418538579134,255.0,no_reaction,harsh_direct,255,254,207
29.127038148931728,48.026831128232345,255.0,no_reaction,daylight,255,253,206
28.20063818195732,39.621979388687535,255.0,no_reaction,fluorescent,255,252,215
27.563675478422297,53.36983072561392,251.7353980415403,no_reaction,warm_indoor,251,247,199
31.32314325378227,38.34803528612281,219.00316015632734,no_reaction,overcast,217,219,186
27.822265010522216,59.70644572486788,255.0,no_reaction,harsh_direct,255,250,195
26.392427450130022,28.500360699437298,216.66577315963738,no_reaction,daylight,216,213,192
28.90254051998607,20.06981005320971,227.10797177861465,no_reaction,fluorescent,227,226,209
27.641824634091233,30.394183230312574,199.71368361025716,no_reaction,warm_indoor,199,197,175
32.18406700906948,18.887942477964845,189.30432624328037,no_reaction,overcast,188,189,175
28.699357343369275,24.75108484188007,239.91505766717964,no_reaction,harsh_direct,239,239,216
25.22468508209012,37.982668886550165,245.6991022509174,no_reaction,daylight,245,240,209
22.229311549466495,16.543925343178117,251.40433356962586,no_reaction,fluorescent,251,247,235
17.854406112282863,44.86829392304839,223.16467133863472,no_reaction,warm_indoor,223,207,183
20.093086403411093,24.15641986946337,222.64909218608676,no_reaction,overcast,222,215,201
21.82642659321336,46.10932067640181,255.0,no_reaction,harsh_direct,255,242,208
29.860975127560884,30.516731941969063,255.0,no_reaction,daylight,254,255,224
29.6015374793393,26.08184278008688,255.0,no_reaction,fluorescent,255,254,228
25.394905718830813,42.52519899703285,245.19854363005808,no_reaction,warm_indoor,245,239,204
34.06753642137935,38.870340164468416,250.52320178060947,no_reaction,overcast,245,250,212
30.30209683681428,45.88350775729229,255.0,no_reaction,harsh_direct,254,255,209
35.46383589711109,29.164389351903647,225.87320452708173,no_reaction,daylight,220,225,200
37.48640960456912,0.0,235.06385677165557,no_reaction,fluorescent,235,235,235
30.7836628408614,35.09889991458193,198.13262392457258,no_reaction,warm_indoor,197,198,170
35.49687117935289,18.363976603531707,196.32443406483148,no_reaction,overcast,193,196,182
32.78851889682348,15.193140471979639,224.15563174013877,no_reaction,harsh_direct,222,224,210
35.45660280141816,33.29796841783287,234.30640458606314,no_reaction,daylight,228,234,203
35.29038845587723,29.13403098293826,237.02237713759544,no_reaction,fluorescent,232,237,209
31.632362138793404,57.1359229385901,216.38038029560724,no_reaction,warm_indoor,213,216,167
37.37567731889225,29.09543896160536,215.73921349422963,no_reaction,overcast,209,215,191
31.98983132961549,30.638196015949134,246.12708143995178,no_reaction,harsh_direct,243,246,216
28.99242891563321,0.0,255.0,no_reaction,daylight,255,255,255
29.291190732511275,6.317342792158971,255.0,no_reaction,fluorescent,255,254,248
22.53603876759704,34.160255188381875,240.19980469628038,no_reaction,warm_indoor,240,232,208
28.09292806377273,8.01897304433174,227.56676759194107,no_reaction,overcast,227,227,220
25.965711017768214,26.12286152061946,255.0,no_reaction,harsh_direct,255,251,228
24.57462475133394,36.74367360699425,247.64425909138637,no_reaction,daylight,247,241,211
29.047464810763675,29.542874482645267,244.26604550268888,no_reaction,fluorescent,244,243,215
25.563098397148366,53.90195033548378,220.0960933664041,no_reaction,warm_indoor,220,213,173
28.273732053878312,20.349049588301746,221.04748939299628,no_reaction,overcast,221,220,203
26.357514852383577,38.186955653966514,255.0,no_reaction,harsh_direct,255,250,216
25.554562135032516,0.0,216.42319007539217,no_reaction,daylight,216,216,216
27.972904695922793,0.0,229.25807973217925,no_reaction,fluorescent,229,229,229
22.403861457268476,9.35910952419216,212.20044439223545,no_reaction,warm_indoor,212,210,204
26.623748819778157,0.0,196.22505234984632,no_reaction,overcast,196,196,196
22.95378562285593,4.2130267414697276,243.5920213442318,no_reaction,harsh_direct,243,242,239
24.494582014946694,22.661963623103738,244.80792856530806,no_reaction,daylight,244,240,223
28.89420714920161,17.96839200719254,255.0,no_reaction,fluorescent,255,254,237
19.020049051566694,36.66082209762416,245.42723706560872,no_reaction,warm_indoor,245,232,210
26.616707482224108,18.063300532380353,215.14822735026118,no_reaction,overcast,215,213,199
26.656458235466307,45.928340993410266,255.0,no_reaction,harsh_direct,255,250,209
31.334754710148747,29.29615903596608,240.94751007672292,no_reaction,daylight,239,240,213
31.12920098098865,6.022289911574498,244.37452813857487,no_reaction,fluorescent,244,244,238
28.059207900056027,30.318788472808976,219.7038645224017,no_reaction,warm_indoor,219,218,193
28.53572584876107,30.469217647898997,224.35090952880955,no_reaction,overcast,224,223,197
31.532829208485655,33.60729308490184,255.0,no_reaction,harsh_direct,253,255,221
34.09519854939124,40.92289627962232,245.0319187925593,no_reaction,daylight,239,245,205
36.531830859493134,28.704456691837734,248.61485088130652,no_reaction,fluorescent,242,248,220
30.65475372173112,36.37364816610134,225.95450732151554,no_reaction,warm_indoor,225,225,193
33.04252588919133,43.25484684347509,209.4276650190174,no_reaction,overcast,205,209,173
30.008994286411557,60.22448408621112,255.0,no_reaction,harsh_direct,254,255,194
27.814481741005622,30.48145087504801,255.0,no_reaction,daylight,255,252,224
31.26835929468931,13.051303154843813,255.0,no_reaction,fluorescent,254,255,241
29.077449795763933,39.35637581769273,250.73152414235088,no_reaction,warm_indoor,250,249,212
31.453327069396142,33.90096022072035,227.36944904064018,no_reaction,overcast,225,227,197
32.25103958754141,50.36410520019502,255.0,no_reaction,harsh_direct,250,255,204
31.602885908274235,38.171106859365686,234.608558933493,no_reaction,daylight,232,234,199
34.38570219511519,29.834273377479942,250.9125453891017,no_reaction,fluorescent,246,250,221
30.663636883817713,36.5102490591763,250.51898942154182,no_reaction,warm_indoor,249,250,214
29.42367823878877,37.957959885142735,217.58849588458366,no_reaction,overcast,217,217,185
33.537707986621065,35.43477351590444,255.0,no_reaction,harsh_direct,250,255,219
33.62212752665918,30.248651197180152,214.1512605693787,no_reaction,daylight,210,214,188
34.53272862856373,12.971222176499587,242.2859228394969,no_reaction,fluorescent,240,242,229
28.496339576109673,42.34159685862251,196.84555188114206,no_reaction,warm_indoor,196,195,164
36.25220300622424,19.432524809365486,185.8450535857802,no_reaction,overcast,182,185,171
31.050245577334135,22.99679551831348,230.33845501308156,no_reaction,harsh_direct,229,230,209
25.265558337032374,0.0,237.59054252776303,no_reaction,daylight,237,237,237
30.460510976712225,0.0,255.0,no_reaction,fluorescent,255,255,255
25.511039469916206,0.0,225.22690305880897,no_reaction,warm_indoor,225,225,225
26.961451731869722,0.0,210.89279641610844,no_reaction,overcast,210,210,210
23.118139921840957,0.0,255.0,no_reaction,harsh_direct,255,255,255
34.655913332579395,15.426901486861977,255.0,no_reaction,daylight,252,255,239
44.681610768785546,13.612719844909225,255.0,no_reaction,fluorescent,248,255,241
38.26214685177128,28.896136604758688,244.18395478704457,no_reaction,warm_indoor,236,244,216
40.717496443169495,5.942570573059584,230.8539041751478,no_reaction,overcast,228,230,225
40.5753322367474,22.445820785084525,255.0,no_reaction,harsh_direct,246,255,232
31.67298110256269,0.0,234.64716211887938,no_reaction,daylight,234,234,234
28.717779099097136,0.0,255.0,no_reaction,fluorescent,255,255,255
25.005007767734774,5.282875172412629,237.72615901152287,no_reaction,warm_indoor,237,236,232
22.17122484224431,0.0,224.6178840671516,no_reaction,overcast,224,224,224
22.415166663583836,12.504957420215066,255.0,no_reaction,harsh_direct,255,251,242
26.13215566758065,32.04255753952209,255.0,no_reaction,daylight,255,251,222
30.197857629753557,47.54873826842701,255.0,no_reaction,fluorescent,254,255,207
22.088843595134524,65.9116278531058,249.73905804140045,no_reaction,warm_indoor,249,232,185
27.514129400762915,46.59127380071162,226.97176229571934,no_reaction,overcast,226,223,185
29.17065047437592,50.36024267415209,255.0,no_reaction,harsh_direct,255,253,204
32.31640008121742,28.919510152918562,244.60851655682598,no_reaction,daylight,242,244,216
36.3905568708241,16.50298281071872,255.0,no_reaction,fluorescent,251,255,238
30.738562028728534,31.649139312300484,229.34248788628432,no_reaction,warm_indoor,228,229,200
38.54243599995726,43.181847532306236,243.79429952944153,no_reaction,overcast,231,243,202
37.07577526023199,21.656297400531294,255.0,no_reaction,harsh_direct,249,255,233
33.04867744184304,16.30215163309433,242.60771315671676,no_reaction,daylight,240,242,227
35.22534699093841,17.34767097055211,255.0,no_reaction,fluorescent,251,255,237
33.0254269108054,30.714529407277716,238.2303301590552,no_reaction,warm_indoor,235,238,209
34.78617749009442,11.925994671494594,237.14702729502477,no_reaction,overcast,235,237,226
34.44870774274858,31.59597509799824,255.0,no_reaction,harsh_direct,250,255,223
23.156804498300367,10.570982940982113,200.22987595011983,no_reaction,daylight,200,198,191
27.99918226270782,23.014277233417936,195.78266435286844,no_reaction,fluorescent,195,194,178
20.144147287845627,19.50604294607145,202.97810680099255,no_reaction,warm_indoor,202,197,187
22.92957423614067,16.75118371277079,178.6089366550156,no_reaction,overcast,178,175,166
22.9269484874146,26.501457615033843,223.09818578606715,no_reaction,harsh_direct,223,217,199
29.246009196707934,6.097721600057146,254.1519829907835,no_reaction,daylight,254,254,248
34.31885359228656,0.0,255.0,no_reaction,fluorescent,255,255,255
23.56455963036001,17.386013545085437,226.79118000987287,no_reaction,warm_indoor,226,223,211
30.020036157851457,6.114361389914137,229.46839524293932,no_reaction,overcast,229,229,223
27.78532092337245,28.878650079119108,255.0,no_reaction,harsh_direct,255,253,226
27.734027887403705,29.825243283398628,248.89115350046038,no_reaction,daylight,248,246,219
27.844246029712117,15.518478927260533,255.0,no_reaction,fluorescent,255,253,239
21.898551815119177,22.695424051161417,247.07193714093745,no_reaction,warm_indoor,247,241,225
29.605622784484407,44.09320593178363,244.41564862694793,no_reaction,overcast,244,244,202
24.47509200567489,31.43817245375881,255.0,no_reaction,harsh_direct,255,249,223
33.63720246717907,36.444596728911236,253.93149159126034,no_reaction,daylight,249,253,217
32.94541932747838,32.03338242150176,255.0,no_reaction,fluorescent,251,255,222
30.910599486316784,48.18802642535787,230.12295418313678,no_reaction,warm_indoor,228,230,186
33.51104665623556,30.315921232650762,225.4825735630788,no_reaction,overcast,222,225,198
29.125619630497937,30.711936280715157,255.0,no_reaction,harsh_direct,255,254,224
23.63200804401088,0.0,255.0,no_reaction,daylight,255,255,255
27.91198462176945,0.0,255.0,no_reaction,fluorescent,255,255,255
26.5504640091877,0.0,231.53482341645096,no_reaction,warm_indoor,231,231,231
27.840049790457286,0.0,244.9308973670803,no_reaction,overcast,244,244,244
26.834640086182457,11.55184965189882,255.0,no_reaction,harsh_direct,255,253,243
34.12600779965413,5.897210249435856,248.6531246086043,no_reaction,daylight,247,248,242
42.66439531998144,0.0,237.6310533362322,no_reaction,fluorescent,237,237,237
38.90067022430604,29.449091417308274,230.1977129139412,no_reaction,warm_indoor,222,230,203
37.45149636205383,3.279767013761126,234.08572997575934,no_reaction,overcast,233,234,231
38.481111079042925,20.177630250008505,249.75849440888967,no_reaction,harsh_direct,244,249,229
33.25496137260839,41.18102442560141,255.0,no_reaction,daylight,250,255,213
31.308416587484686,12.380172356924033,255.0,no_reaction,fluorescent,254,255,242
27.707582016422386,57.954041998128446,241.77009346196868,no_reaction,warm_indoor,241,237,186
32.26150158392254,29.974108155193804,231.37868134399122,no_reaction,overcast,229,231,204
31.874453421981553,38.1977340383501,255.0,no_reaction,harsh_direct,252,255,216
27.94742487901389,27.00061064106884,248.08498345266617,no_reaction,daylight,248,246,221
34.00553697821598,30.940145940977054,255.0,no_reaction,fluorescent,250,255,224
26.897615206641557,46.88758948445562,251.196587674102,no_reaction,warm_indoor,251,246,205
33.41655203245351,27.058204566869488,235.72518294969177,no_reaction,overcast,232,235,210
26.789588207729327,38.301579234104445,255.0,no_reaction,harsh_direct,255,251,216
29.39306501333286,30.99809782663876,233.95947074230784,no_reaction,daylight,233,233,205
31.42632415714248,15.305553361109853,242.75526128013118,no_reaction,fluorescent,241,242,228
26.840799498171556,45.54348812937188,227.73272929731323,no_reaction,warm_indoor,227,223,187
27.47804936149495,8.155364498406975,214.65405551200664,no_reaction,overcast,214,214,207
28.640242822960374,36.30653515166657,255.0,no_reaction,harsh_direct,255,253,218
28.433189327126474,25.409957103206825,237.1805986655321,no_reaction,daylight,237,236,213
30.73112451461622,9.029152078678212,255.0,no_reaction,fluorescent,254,255,245
27.515298304274765,47.720441017915235,235.6019787888836,no_reaction,warm_indoor,235,232,191
31.094270673324495,23.09115688239451,222.79908039030462,no_reaction,overcast,221,222,202
26.89208452367356,37.11240892505275,252.6678713703358,no_reaction,harsh_direct,252,249,215
29.568515615338335,40.50329702841893,249.09235882980704,no_reaction,daylight,249,248,209
31.918170103004908,16.568719455485052,255.0,no_reaction,fluorescent,253,255,238
27.38569357956176,44.12217418490852,235.6524221424646,no_reaction,warm_indoor,235,232,194
30.03618887642962,27.900070756542984,253.38575438925722,no_reaction,overcast,253,253,225
26.597863129252957,48.33755258512952,255.0,no_reaction,harsh_direct,255,249,206
31.345593372309658,47.47042317782743,245.638736194014,no_reaction,daylight,243,245,199
33.051793950169554,28.890058324842478,255.0,no_reaction,fluorescent,251,255,226
24.372400022782514,49.056232834442596,228.8243398686984,no_reaction,warm_indoor,228,220,184
32.47945065795514,46.049407787486274,238.71038005110503,no_reaction,overcast,234,238,195
35.674982757690564,45.266235680337246,255.0,no_reaction,harsh_direct,246,255,209
29.55390322183293,18.123543617702744,236.69441122462987,no_reaction,daylight,236,236,219
37.13810794074399,14.962527239447015,255.0,no_reaction,fluorescent,251,255,240
30.489001911895535,36.62559561028778,248.17839010528573,no_reaction,warm_indoor,247,248,212
36.285892953144156,27.58518624435766,238.5560286421618,no_reaction,overcast,232,238,212
31.063680172180998,42.98508766638801,255.0,no_reaction,harsh_direct,253,255,212
31.663838980011644,59.528725430496735,226.6139710737838,no_reaction,daylight,223,226,173
28.25310316176629,24.645081209109712,255.0,no_reaction,fluorescent,255,253,230
28.530205985547745,52.37127586340912,226.64987821741704,no_reaction,warm_indoor,226,224,180
29.249957399011965,38.807224110990795,222.02611113566758,no_reaction,overcast,222,221,188
29.008639999649976,61.4270413213975,255.0,no_reaction,harsh_direct,255,253,193
30.290927737748994,27.7281773281518,255.0,no_reaction,daylight,254,255,227
31.76922358928602,12.98774505181656,255.0,no_reaction,fluorescent,254,255,242
27.832112167415247,49.48859019491674,230.7622499613829,no_reaction,warm_indoor,230,227,185
37.211301569116685,19.50699652910774,237.43909666202586,no_reaction,overcast,232,237,219
31.411727699667786,42.97355299844452,254.3501064095635,no_reaction,harsh_direct,252,254,211
28.976078804205184,49.51217648356764,243.2273824429302,no_reaction,daylight,243,241,196
28.976149564282533,39.60118138659301,255.0,no_reaction,fluorescent,255,253,215
22.48875541928419,58.47717891135385,255.0,no_reaction,warm_indoor,255,240,196
30.190399191606875,63.40218910744221,238.41203880783752,no_reaction,overcast,237,238,179
27.573177873684127,52.970912058355374,255.0,no_reaction,harsh_direct,255,250,202
24.31910262612389,34.162971685295815,239.3255489924517,no_reaction,daylight,239,233,207
23.53398571982472,3.6434911963887746,255.0,no_reaction,fluorescent,255,254,251
20.721838512732162,12.375158216662165,229.45554540667777,no_reaction,warm_indoor,229,226,218
24.08756570158969,28.265255342124348,237.33120205695707,no_reaction,overcast,237,232,211
23.26769518975752,12.269703202533265,255.0,no_reaction,harsh_direct,255,252,242
30.32845516224637,48.72454077339771,252.25240603214064,no_reaction,daylight,251,252,204
29.68797361602243,47.15019131223838,246.6677984557563,no_reaction,fluorescent,246,246,201
26.702756932048295,68.02935633424957,228.39459176868039,no_reaction,warm_indoor,228,222,167
24.986852319843063,57.84691687983146,228.14922236195181,no_reaction,overcast,228,219,176
27.76812818238214,71.36202801875231,255.0,no_reaction,harsh_direct,255,250,183
30.686944369406124,16.425224685035314,243.6752499951093,no_reaction,daylight,243,243,227
31.64471203741778,3.3566851562312436,254.40113609091676,no_reaction,fluorescent,254,254,251
25.008815994097795,32.764136490785,233.537145561449,no_reaction,warm_indoor,233,228,203
35.736895915787194,21.54533538862791,221.34290263899825,no_reaction,overcast,217,221,202
31.227641470335243,35.510721763925616,255.0,no_reaction,harsh_direct,253,255,219
34.2471474082052,25.479944721364177,231.65435178709785,no_reaction,daylight,228,231,208
37.83800467134007,30.748089714401395,253.58635461305326,no_reaction,fluorescent,245,253,223
30.195040962729088,52.57314022120393,208.15992313816346,no_reaction,warm_indoor,207,208,165
39.89340022392408,54.86171036546928,201.11184819279174,no_reaction,overcast,186,201,157
34.346223102460634,45.31723306500896,255.0,no_reaction,harsh_direct,248,255,209
28.588955179976228,2.039444837664614,255.0,no_reaction,daylight,255,254,252
31.917273287733824,0.0,255.0,no_reaction,fluorescent,255,255,255
26.416441134934566,7.303409905407797,245.9551482262364,no_reaction,warm_indoor,245,245,238
29.859143172584947,0.0,230.3036205431291,no_reaction,overcast,230,230,230
29.293599421132352,0.07465961641496044,255.0,no_reaction,harsh_direct,255,254,254
33.398436035196106,21.303772876504148,234.20266442205389,no_reaction,daylight,231,234,214
36.30212465632677,11.032977006957081,249.0653655505441,no_reaction,fluorescent,246,249,238
28.418532696721982,22.40587761597519,221.82195053050393,no_reaction,warm_indoor,221,220,202
35.580352424161966,0.7497707978303154,210.70641316490438,no_reaction,overcast,210,210,210
32.873965431798396,25.735444651187773,249.90427196681983,no_reaction,harsh_direct,247,249,224
28.76652811832609,13.831821190579152,244.17481907866255,no_reaction,daylight,244,243,230
28.496562582486007,7.336558443946149,255.0,no_reaction,fluorescent,255,254,247
23.767244148556372,29.563146538684663,250.3024830377603,no_reaction,warm_indoor,250,244,221
29.624762708610206,19.076448186227143,240.09047102282227,no_reaction,overcast,240,239,222
30.317934250934396,22.408729031915833,255.0,no_reaction,harsh_direct,254,255,232
25.19525885279452,4.506619881409467,243.7385580276724,no_reaction,daylight,243,243,239
34.82132723901251,19.44953552580692,254.12035252501892,no_reaction,fluorescent,250,254,234
24.269912177950633,26.01207983922317,231.85974132362625,no_reaction,warm_indoor,231,227,208
27.19269887050641,25.684082459248792,222.29439661224512,no_reaction,overcast,222,220,199
29.891787291331624,10.789334435287975,255.0,no_reaction,harsh_direct,254,255,244
28.205013600963373,42.87291527870192,234.9809733619132,no_reaction,daylight,234,232,195
32.99941172195487,29.165268897281653,248.10601084897783,no_reaction,fluorescent,245,248,219
26.73576816197678,47.204688076249525,222.27930974721895,no_reaction,warm_indoor,222,218,181
32.045847116450254,52.312322837193136,206.7540865236656,no_reaction,overcast,203,206,164
29.735381101162012,42.821409182020034,249.62210548377942,no_reaction,harsh_direct,249,249,207
32.39990102304362,36.776966696332536,216.96574145813136,no_reaction,daylight,214,216,185
32.96125291585441,38.547791215085155,231.12369058072525,no_reaction,fluorescent,227,231,196
32.32976627612365,57.37470252683512,216.28796061503928,no_reaction,warm_indoor,212,216,167
31.61801752842318,37.3629672652019,201.03574440956376,no_reaction,overcast,199,201,171
32.06198245964865,39.78909379763565,238.334979693693,no_reaction,harsh_direct,235,238,201
23.82502022449496,13.078263085227006,245.68078099380102,no_reaction,daylight,245,243,233
27.362086771340064,7.158404360072376,255.0,no_reaction,fluorescent,255,254,247
19.864969635619456,31.594173539014815,238.76043268077493,no_reaction,warm_indoor,238,228,209
23.706294319992477,14.754438584628163,219.53260773202663,no_reaction,overcast,219,216,206
29.863527261587134,34.76312433763757,255.0,no_reaction,harsh_direct,254,255,220
28.030524149999483,18.719839241214707,255.0,no_reaction,daylight,255,253,236
31.458888456512728,14.806020668134444,255.0,no_reaction,fluorescent,254,255,240
21.3536591772845,32.98587719189259,242.31998747666088,no_reaction,warm_indoor,242,233,210
32.52516165636998,7.125243039334382,237.89315428740875,no_reaction,overcast,237,237,231
28.131899360820256,12.014265740294157,255.0,no_reaction,harsh_direct,255,254,242
37.726333624414615,44.41124715805341,239.3538076485664,no_reaction,daylight,228,239,197
39.837096750677205,21.157828613646657,242.96796548967052,no_reaction,fluorescent,236,242,222
31.646474019311892,42.89452079165947,231.20023564035245,no_reaction,warm_indoor,228,231,192
38.191052069524396,34.63003331068633,230.150135406659,no_reaction,overcast,221,230,198
35.24723047544168,36.221712541633906,255.0,no_reaction,harsh_direct,248,255,218
28.55826935751844,31.21346956775163,251.18346573606735,no_reaction,daylight,251,249,220
30.434753439581126,40.69042900807895,255.0,no_reaction,fluorescent,254,255,214
22.43492969710967,67.53508731078225,245.4550131024495,no_reaction,warm_indoor,245,229,180
28.294801630951802,38.12811290503385,240.76822612381483,no_reaction,overcast,240,238,204
24.576274418528385,54.45584366558641,255.0,no_reaction,harsh_direct,255,245,200
32.247637045230405,36.24472655369305,223.06647987469958,no_reaction,daylight,220,223,191
35.94576576733846,14.032167125608275,254.7036344043312,no_reaction,fluorescent,251,254,240
29.420761992949288,32.32337556678266,225.37966763117842,no_reaction,warm_indoor,225,224,196
31.070892784374436,10.718969675654595,213.30211381815934,no_reaction,overcast,212,213,204
31.10397832994726,13.892776686375697,255.0,no_reaction,harsh_direct,254,255,241
30.64962718793532,9.40152896878459,242.0482271930743,no_reaction,daylight,241,242,233
37.01979471307538,4.138530291394634,255.0,no_reaction,fluorescent,254,255,250
36.24970285309336,18.750442199223208,217.12661388432463,no_reaction,warm_indoor,213,217,201
39.48048914197145,14.260796506735874,217.3661434733594,no_reaction,overcast,213,217,205
37.57857366316211,12.887068378711902,255.0,no_reaction,harsh_direct,251,255,242
31.220798366825054,42.424048846484986,240.2909143828201,no_reaction,daylight,238,240,200
31.863540153662086,41.676303536216345,255.0,no_reaction,fluorescent,252,255,213
33.481282070174586,64.35324231330893,238.33273012779108,no_reaction,warm_indoor,230,238,178
31.45224286727297,50.04521456354548,222.90492734230946,no_reaction,overcast,220,222,179
33.72615135212342,55.62708615841935,255.0,no_reaction,harsh_direct,247,255,199
34.750765270537514,52.045845141472554,237.20486435202116,no_reaction,daylight,229,237,188
41.326348977709536,56.76987812973823,237.77832134973895,no_reaction,fluorescent,217,237,184
28.500737646383037,63.636274560166626,223.3111186442649,no_reaction,warm_indoor,223,220,167
35.78168534892817,70.39259862667632,220.87912121251117,no_reaction,overcast,208,220,159
37.11306525250812,68.45598410389809,248.49047732127255,no_reaction,harsh_direct,232,248,181
30.003476126091773,19.331978589967292,245.82244581002803,no_reaction,daylight,245,245,227
30.320248519409866,28.77183375342399,255.0,no_reaction,fluorescent,254,255,226
26.02670019876044,41.84753373645946,243.24292024505522,no_reaction,warm_indoor,243,238,203
27.518233614037023,26.913298951403686,221.89093531529483,no_reaction,overcast,221,220,198
27.412916718193372,32.02810763337403,255.0,no_reaction,harsh_direct,255,252,222
35.97045013368046,19.039369485775246,255.0,no_reaction,daylight,251,255,235
36.85060991295142,0.0,255.0,no_reaction,fluorescent,255,255,255
27.9490910933503,30.725741234126943,243.45144017897502,no_reaction,warm_indoor,243,241,214
36.292915268343215,0.0,222.48046730614706,no_reaction,overcast,222,222,222
32.546634644928616,22.47638097877775,255.0,no_reaction,harsh_direct,252,255,232
30.275630356187918,1.2495905417588302,248.04023842924906,no_reaction,daylight,248,248,246
30.498698859651093,0.0,255.0,no_reaction,fluorescent,255,255,255
27.37964482260171,20.116251551992313,249.869112013667,no_reaction,warm_indoor,249,248,230
29.278757014697252,13.15609636317797,214.82571813729913,no_reaction,overcast,214,214,203
31.761445230260712,12.677069072900856,255.0,no_reaction,harsh_direct,254,255,242
30.638787379700382,20.703486875348897,251.54559227205755,no_reaction,daylight,250,251,231
32.2345270916731,3.4879981228242247,255.0,no_reaction,fluorescent,254,255,251
25.266664579538592,3.6344500831519326,224.89016623079334,no_reaction,warm_indoor,224,224,221
33.03666170894241,0.0,232.64527434879807,no_reaction,overcast,232,232,232
30.24851720808647,16.82252501970813,255.0,no_reaction,harsh_direct,254,255,238
26.997681732671214,38.99611036393847,240.15975495946907,no_reaction,daylight,240,236,203
33.61198680090849,39.83263288351787,255.0,no_reaction,fluorescent,249,255,215
26.51458075349042,37.302519367328856,229.5969852780676,no_reaction,warm_indoor,229,225,196
29.394025511753966,25.982112820219342,223.07225595643658,no_reaction,overcast,223,222,200
30.914733692345493,41.17188264585841,255.0,no_reaction,harsh_direct,253,255,213
156.79762976669556,200.0784639471847,90.63903834130076,opiates_purple,daylight,90,19,72
157.08153188621588,188.40806443386575,101.82485109899011,opiates_purple,fluorescent,101,26,81
155.91051277009552,212.33727579077265,81.07803137252868,opiates_purple,warm_indoor,81,13,65
158.4233840362789,194.60048968622718,62.637508838020445,opiates_purple,overcast,62,14,47
158.63447029158326,192.38333004801783,115.05198681998606,opiates_purple,harsh_direct,115,28,87
154.4393742767022,203.49486334985428,89.2452012906462,opiates_purple,daylight,89,18,76
154.86498198350034,181.11613430052233,107.3524115941753,opiates_purple,fluorescent,107,31,92
152.4497521951207,178.24580967172741,72.1668988999549,opiates_purple,warm_indoor,72,21,66
156.75695036571403,194.553733325853,75.07339036921319,opiates_purple,overcast,75,17,60
154.63582947929333,198.1445573911988,104.73260159741966,opiates_purple,harsh_direct,104,23,89
147.89067598935895,197.8958530431934,86.36975602892052,opiates_purple,daylight,83,19,86
148.42309066855304,186.27331867454885,88.56285807934091,opiates_purple,fluorescent,86,23,88
144.50020355380724,208.56360668525394,76.81100821879386,opiates_purple,warm_indoor,66,13,76
151.96990079409522,206.40159852173485,64.89126714283756,opiates_purple,overcast,64,12,59
151.4698938081372,205.12400831048038,115.33849340196802,opiates_purple,harsh_direct,115,22,108
152.73732242433556,167.33529620646513,86.76177048585525,opiates_purple,daylight,86,29,79
157.02925372308542,170.9501320341255,105.14742658697199,opiates_purple,fluorescent,105,34,86
148.31871717196847,178.90302742621546,83.4850316722751,opiates_purple,warm_indoor,81,24,83
152.7447175064584,182.78698337159992,64.64788715333046,opiates_purple,overcast,64,18,59
157.77159944059403,180.38673126759895,132.13517768639576,opiates_purple,harsh_direct,132,38,105
151.4004572415746,179.0744062628421,141.7307276807568,opiates_purple,daylight,141,42,134
152.07142729508965,167.26242511664594,155.02087602923123,opiates_purple,fluorescent,155,53,145
147.1720528520611,202.32616935659615,101.46241770159213,opiates_purple,warm_indoor,96,20,101
149.61222509151375,171.0735226724213,103.84446317271497,opiates_purple,overcast,103,34,102
151.7531018689978,183.9610965853238,159.33095413048488,opiates_purple,harsh_direct,159,44,149
152.82602005318157,165.0951877610427,84.49042337720795,opiates_purple,daylight,84,29,77
154.81739451897488,157.46997632327202,123.35421311189654,opiates_purple,fluorescent,123,47,108
153.3337136342452,155.93334732856303,87.24217889829667,opiates_purple,warm_indoor,87,33,79
153.13452737469274,144.26351003654554,92.05544828208409,opiates_purple,overcast,92,39,85
155.19479353975973,156.8727933570437,122.07488550388558,opiates_purple,harsh_direct,122,46,106
157.75220598099608,185.24627737667012,123.10323995618172,opiates_purple,daylight,123,33,97
160.3554687958975,166.43062786969622,140.51539879045347,opiates_purple,fluorescent,140,48,106
153.08758837073867,183.60581898366246,101.65854560333838,opiates_purple,warm_indoor,101,28,92
155.1797538462155,159.7519206682927,85.69126948883985,opiates_purple,overcast,85,32,74
157.46661781698867,164.03508251123412,134.89100517813586,opiates_purple,harsh_direct,134,48,110
153.97301712164582,182.8438363491177,123.41544717575275,opiates_purple,daylight,123,34,109
156.20045436335187,179.40927509428457,143.6341848602573,opiates_purple,fluorescent,143,42,119
152.94512890232346,212.94618378507872,108.24221666454687,opiates_purple,warm_indoor,108,17,96
154.57493457912952,176.03536035484305,105.66214429268518,opiates_purple,overcast,105,32,92
153.18372798643975,167.55487191866138,134.00823161185022,opiates_purple,harsh_direct,134,45,122
157.4538497692352,201.4453262927541,42.75965151476993,opiates_purple,daylight,42,8,33
158.42677945678992,187.3013586079999,61.163113892081725,opiates_purple,fluorescent,61,16,47
151.29462748405763,183.44421448634913,54.49140259815716,opiates_purple,warm_indoor,54,15,51
155.21990311781704,187.63127966485098,39.9266385502369,opiates_purple,overcast,39,10,33
157.8853381727128,188.3755386881089,84.36149865485373,opiates_purple,harsh_direct,84,22,66
147.74306371455853,189.20058121263182,77.77935187584721,opiates_purple,daylight,75,20,77
157.06369700084633,168.8555668553461,84.99048113268289,opiates_purple,fluorescent,84,28,70
149.67105292890233,197.72585559288112,74.90135445804908,opiates_purple,warm_indoor,74,16,73
149.72850379052852,186.88810420299038,56.011863632166374,opiates_purple,overcast,56,14,55
147.30884746645893,192.88226683416337,102.93471541856704,opiates_purple,harsh_direct,98,25,102
151.98577627125573,188.16265371226987,128.4427479420292,opiates_purple,daylight,128,33,119
156.61231047106548,179.8010140017976,147.88004696838686,opiates_purple,fluorescent,147,43,121
150.09419706954804,187.21623608786564,116.91048842457577,opiates_purple,warm_indoor,116,31,114
157.7632782118425,180.47000272233947,112.11265402824338,opiates_purple,overcast,112,32,89
156.79098169751353,199.7812982049638,147.2385679897463,opiates_purple,harsh_direct,147,31,117
148.62431457144348,184.95749600953042,95.25756768898626,opiates_purple,daylight,94,26,95
147.9900471270498,178.38493109319103,107.62401142503357,opiates_purple,fluorescent,104,32,107
143.40856413794344,172.92537767547987,81.78280604256665,opiates_purple,warm_indoor,71,26,81
147.92378272375464,153.47038117001807,76.65593161301896,opiates_purple,overcast,74,30,76
147.9831624446445,166.20458980765045,120.6835386947342,opiates_purple,harsh_direct,117,42,120
159.99478713476253,172.1605935290575,69.01630580299137,opiates_purple,daylight,69,22,52
160.11648199518956,182.7850645699942,95.46248618221286,opiates_purple,fluorescent,95,27,70
154.6439222465459,179.73212863654405,81.19062289297473,opiates_purple,warm_indoor,81,23,70
158.9564613189274,171.45044480431193,61.597939524272505,opiates_purple,overcast,61,20,48
161.86363749687507,194.10032761651644,94.39520540816032,opiates_purple,harsh_direct,94,22,63
157.06665621620812,197.7368169956358,68.57518075988133,opiates_purple,daylight,68,15,54
157.85866366856195,223.49452379375825,62.92765360958198,opiates_purple,fluorescent,62,7,46
154.0231047946269,223.99563421907925,61.914959179215714,opiates_purple,warm_indoor,61,7,53
154.88814868797397,210.7988087714741,40.48339137185651,opiates_purple,overcast,40,7,34
153.0969243304674,219.82552405225553,83.13468004381168,opiates_purple,harsh_direct,83,11,73
149.3472714948955,183.60736332942494,92.27009976120426,opiates_purple,daylight,92,25,91
151.53355604713815,157.93373764022488,121.65378313618078,opiates_purple,fluorescent,121,46,115
151.71219276280377,187.17845822846596,89.10092984808651,opiates_purple,warm_indoor,89,23,83
152.05288251686784,190.1949838220522,91.92443883792203,opiates_purple,overcast,91,23,85
149.66985351000514,178.71596589860218,112.32721416812188,opiates_purple,harsh_direct,112,33,110
160.25685531258105,190.6780605907054,55.90605957033692,opiates_purple,daylight,55,14,40
161.65034623315185,173.3197714939148,81.64897150762448,opiates_purple,fluorescent,81,26,58
153.25173245645857,197.05013592265692,30.901646550792204,opiates_purple,warm_indoor,30,7,27
161.4239044886288,174.35413383581573,34.27328197284598,opiates_purple,overcast,34,10,24
155.43114455572194,177.68530859421008,80.68872158277973,opiates_purple,harsh_direct,80,24,68
160.07772530780133,193.2574348053202,100.30109696939266,opiates_purple,daylight,100,24,72
163.54746103788003,162.92051563838493,123.02075085985089,opiates_purple,fluorescent,123,44,85
154.59703297014738,183.37005668198483,90.89070047719062,opiates_purple,warm_indoor,90,25,78
157.92604118126349,165.4377843190525,78.56778385847217,opiates_purple,overcast,78,27,63
157.23624925087893,167.37170226885686,130.88363855555434,opiates_purple,harsh_direct,130,44,107
155.44985795816066,189.99986886284486,65.15703478978331,opiates_purple,daylight,65,16,54
158.2258536083704,183.76796815682846,109.64398432855978,opiates_purple,fluorescent,109,30,85
155.50966135790335,221.07374300001635,73.97418341903096,opiates_purple,warm_indoor,73,9,60
158.55223090963105,179.81158781708834,60.64148684890367,opiates_purple,overcast,60,17,47
158.06679551077295,191.97724005352853,107.75961097930495,opiates_purple,harsh_direct,107,26,83
149.78509058209264,154.00135853328788,146.11341449398077,opiates_purple,daylight,146,57,144
154.36909268209874,148.46863855734767,167.00336435327827,opiates_purple,fluorescent,167,69,150
146.95219354290316,187.37336931449923,144.37069644341292,opiates_purple,warm_indoor,136,38,144
152.39308361864468,150.4531630627602,126.12263485710665,opiates_purple,overcast,126,51,118
151.61666464535864,177.36200668077475,175.7253748643651,opiates_purple,harsh_direct,175,53,165
153.0346090660346,192.21433876842713,60.88364343042768,opiates_purple,daylight,60,14,54
159.15071132808833,160.78281343497972,77.27044393460604,opiates_purple,fluorescent,77,28,60
156.22878488586358,174.86605874102557,61.4231193495995,opiates_purple,warm_indoor,61,19,51
156.69117332129122,190.30771133800582,32.86075609987654,opiates_purple,overcast,32,8,26
156.14638574950166,168.52817294476066,75.78784615752257,opiates_purple,harsh_direct,75,25,64
146.4535830961149,151.78384326289796,119.43916027812196,opiates_purple,daylight,112,48,119
147.79016931187462,115.84970627139667,136.95484632615612,opiates_purple,fluorescent,134,74,136
144.9225797299994,160.97257801524495,103.18964838825411,opiates_purple,warm_indoor,93,38,103
147.17641831922194,137.89227981994304,98.84624982176885,opiates_purple,overcast,95,45,98
143.9570255808644,151.90939538811773,155.44809461100746,opiates_purple,harsh_direct,139,62,155
155.34629049476544,198.58657166686663,109.41872217190279,opiates_purple,daylight,109,24,91
159.95717733777587,183.8383294603372,125.02374215308056,opiates_purple,fluorescent,125,34,92
158.3180248067372,216.0536119908364,98.07052096550846,opiates_purple,warm_indoor,98,14,72
156.7436134079218,191.74718021315243,97.17448604869311,opiates_purple,overcast,97,24,78
158.45576080956687,199.60943633644447,144.54320786881817,opiates_purple,harsh_direct,144,31,109
144.17825024104562,160.49030737259307,107.9289071580877,opiates_purple,daylight,96,40,107
148.97741666829853,147.02078089122918,130.36656215729644,opiates_purple,fluorescent,129,55,130
143.02842519127117,177.10445241860953,80.12934523862033,opiates_purple,warm_indoor,68,24,80
149.18183524494958,158.6167400946793,85.80989859604983,opiates_purple,overcast,85,32,85
146.55326868614415,175.7296278171415,143.44647054067252,opiates_purple,harsh_direct,134,44,143
153.34122951258615,189.50324585352166,136.64418450511374,opiates_purple,daylight,136,35,122
154.88804829443367,181.47425008041048,143.09309479768734,opiates_purple,fluorescent,143,41,123
150.577622200833,183.2408222792012,103.39032599403457,opiates_purple,warm_indoor,103,29,99
153.06079238199405,171.33257667631085,103.54727551677611,opiates_purple,overcast,103,33,94
151.96416324678898,180.4645247581104,153.09540514841257,opiates_purple,harsh_direct,153,44,142
138.78725685450516,176.95635020125786,76.22758757862638,opiates_purple,daylight,57,23,76
141.21746374830408,191.2552440267085,88.61145474152825,opiates_purple,fluorescent,70,22,88
135.3107462349666,211.2883599377134,79.66336272556327,opiates_purple,warm_indoor,49,13,79
137.02927777177572,190.1206388311346,54.59919459816071,opiates_purple,overcast,38,13,54
140.7240415521309,195.91057817150713,101.21757855303464,opiates_purple,harsh_direct,79,23,101
154.44593916243377,183.27130265923284,57.23279882921864,opiates_purple,daylight,57,16,49
157.55181324053208,171.92381962991607,105.59180297551366,opiates_purple,fluorescent,105,34,85
152.48646731875198,204.69723019002197,61.353283545415536,opiates_purple,warm_indoor,61,12,55
155.8315803917237,184.834072865476,64.97295848724676,opiates_purple,overcast,64,17,54
155.4729774612751,189.7825784907303,84.97316179923466,opiates_purple,harsh_direct,84,21,71
151.5934164702771,167.7359191905706,74.79570920963671,opiates_purple,daylight,74,25,70
151.87322857678086,166.77370881173414,89.1668577970871,opiates_purple,fluorescent,89,30,83
152.9479393988857,188.74631312758078,67.83721433689003,opiates_purple,warm_indoor,67,17,61
149.3722972202561,181.97710016736738,72.78469489866605,opiates_purple,overcast,72,20,72
152.1581078921594,189.64456210256375,102.20688456289838,opiates_purple,harsh_direct,102,26,94
150.53974822139352,197.02524512394788,92.8717351108813,opiates_purple,daylight,92,21,89
148.74861965914954,189.06112271806083,111.4757099356794,opiates_purple,fluorescent,110,28,111
146.35570790924288,203.09571708802096,83.181915730222,opiates_purple,warm_indoor,76,16,83
153.46281215795392,204.59335717865795,69.17925056363475,opiates_purple,overcast,69,13,61
149.78601875503315,198.22886114586777,111.6149568603181,opiates_purple,harsh_direct,111,24,109
160.1235788388945,176.21460465334556,135.46368754909398,opiates_purple,daylight,135,41,101
162.0613375656439,147.90415697149461,146.63371568056294,opiates_purple,fluorescent,146,61,109
153.67209171523675,189.58424488643345,115.32275503473332,opiates_purple,warm_indoor,115,29,102
157.62631693677145,177.22368908739963,102.85207225623807,opiates_purple,overcast,102,31,82
156.65491995167093,178.32987720334253,155.34156968909676,opiates_purple,harsh_direct,155,46,128
151.03789743217803,179.2904208858246,69.6464167042374,opiates_purple,daylight,69,20,66
151.7567459287083,167.580928572094,95.4624656911758,opiates_purple,fluorescent,95,32,90
147.18923273014886,198.39527514215254,54.095854097254104,opiates_purple,warm_indoor,51,12,54
157.94394200196282,180.41895155461586,50.227065121630446,opiates_purple,overcast,50,14,39
153.6100246034087,204.22923146026386,102.65395584712151,opiates_purple,harsh_direct,102,20,90
155.79385138475828,180.8536205702385,104.98299812278,opiates_purple,daylight,104,30,88
159.39290634093533,162.78638206483396,135.13596443353194,opiates_purple,fluorescent,135,48,105
150.6453229356286,185.38866863744465,104.06801749891271,opiates_purple,warm_indoor,104,28,100
161.5192597449428,182.18615141761788,93.28278991484602,opiates_purple,overcast,93,26,65
154.1758948685116,168.65083973803198,131.23478943166342,opiates_purple,harsh_direct,131,44,116
152.1072402038391,171.00842522318862,101.11360975120164,opiates_purple,daylight,101,33,94
156.5317298969401,167.16172138627005,115.94876606779428,opiates_purple,fluorescent,115,39,97
148.31372275260009,197.3468711304577,101.07117801336332,opiates_purple,warm_indoor,98,22,101
156.27105836799396,168.10131962912848,70.94807035016089,opiates_purple,overcast,70,24,59
146.9287128590782,200.0780191531277,135.5481145304777,opiates_purple,harsh_direct,127,29,135
156.22013684339368,182.62680827471195,106.7148746119242,opiates_purple,daylight,106,30,88
155.17001391752498,175.68333890814446,123.13924714416314,opiates_purple,fluorescent,123,38,106
155.42386939530073,190.83835161874742,88.19627249764439,opiates_purple,warm_indoor,88,22,74
158.36828539868776,190.40580802053023,92.01198161451866,opiates_purple,overcast,92,23,70
159.19516083589886,197.1611931929056,130.7470706084897,opiates_purple,harsh_direct,130,29,96
149.5856314005955,197.94483341695258,117.90612115738246,opiates_purple,daylight,117,26,116
153.1305853790573,193.7945400453283,146.13693674531527,opiates_purple,fluorescent,146,35,131
149.4208215465139,214.56705945882072,125.15231769768857,opiates_purple,warm_indoor,125,19,124
151.94849778078336,201.1214526378642,122.21463341551795,opiates_purple,overcast,122,25,113
150.56318182704632,204.01158439816095,159.45024476523466,opiates_purple,harsh_direct,159,31,153
156.53864709060088,188.42423652770978,102.08636762892054,opiates_purple,daylight,102,26,83
155.33322983493534,180.2561950280703,109.85927653910335,opiates_purple,fluorescent,109,32,93
149.3645279414896,194.00756725091026,94.18903703228263,opiates_purple,warm_indoor,94,22,93
157.2282165199642,192.42230062831013,79.00765322550964,opiates_purple,overcast,79,19,62
148.31004829884645,193.45985909803846,123.16705230935094,opiates_purple,harsh_direct,120,29,123
159.3398124098805,202.57975403712427,99.22118151854544,opiates_purple,daylight,99,20,72
161.83433506374428,188.11621872899968,117.48445224109386,opiates_purple,fluorescent,117,30,80
154.70326764928865,212.84186251618192,89.52857792767095,opiates_purple,warm_indoor,89,14,75
159.21663195352892,192.72160193475673,94.31249599292696,opiates_purple,overcast,94,23,70
156.6523731476678,210.32988312779497,135.79986131314075,opiates_purple,harsh_direct,135,23,107
153.36941789751398,157.09910368006436,90.78105519894113,opiates_purple,daylight,90,34,82
158.30516273575566,134.9680653921896,130.0454172370634,opiates_purple,fluorescent,130,61,108
149.57458876939444,173.04240096174865,90.05608399192577,opiates_purple,warm_indoor,90,28,89
153.71173400300674,164.20540965302425,88.80037839408922,opiates_purple,overcast,88,31,80
157.44894191471704,170.42136496426428,142.34236127609438,opiates_purple,harsh_direct,142,47,115
152.47812310751976,196.0442727571335,73.25785309197828,opiates_purple,daylight,73,16,67
153.58978338995044,169.50191099446906,95.41519329955685,opiates_purple,fluorescent,95,31,86
149.7887599411135,205.33900081502938,68.91702581706629,opiates_purple,warm_indoor,68,13,67
155.89524723896014,178.0143042108703,48.33771104873203,opiates_purple,overcast,48,14,40
153.01540897768615,185.41393644877834,111.45036435729872,opiates_purple,harsh_direct,111,30,100
163.46663721314647,179.76051710272313,110.81126458637745,opiates_purple,daylight,110,32,73
170.69719280525464,157.685011719802,140.82921672522187,opiates_purple,fluorescent,140,53,77
162.1332512259677,188.00356124474976,113.00356928507165,opiates_purple,warm_indoor,113,29,76
164.45937188835697,176.63905986184056,99.00600243450475,opiates_purple,overcast,99,30,63
165.0436466917929,188.26581226932794,135.04201560755803,opiates_purple,harsh_direct,135,35,81
150.96782274409824,193.67256161586627,68.18973978516263,opiates_purple,daylight,68,16,65
152.65130653001154,170.6104975400473,81.46112113032126,opiates_purple,fluorescent,81,26,75
144.7035717507983,195.34356014667566,54.48115106989672,opiates_purple,warm_indoor,48,12,54
149.75868779065107,175.3249283563528,31.897820709942216,opiates_purple,overcast,31,9,31
146.33832475174856,182.97192173273112,94.32427651408506,opiates_purple,harsh_direct,87,26,94
156.16959525771966,179.8430223476963,99.63207376648026,opiates_purple,daylight,99,29,83
154.45427938700152,156.34593876614628,114.74088738734305,opiates_purple,fluorescent,114,44,102
150.64531887779805,167.9356166489006,88.0254404918609,opiates_purple,warm_indoor,88,30,85
152.13017272939751,176.58200478234636,84.81152985570392,opiates_purple,overcast,84,26,78
153.43418365352758,170.2893180570901,120.10729934678962,opiates_purple,harsh_direct,120,39,108
157.28062655027523,142.82926471037106,108.64250638750555,opiates_purple,daylight,108,47,92
160.66821815759803,115.97890777812495,126.86925889995581,opiates_purple,fluorescent,126,69,104
153.44946415437687,155.01213040491774,98.089459247995,opiates_purple,warm_indoor,98,38,89
155.88308540336763,129.12595959040638,87.28152585025623,opiates_purple,overcast,87,43,77
157.77720049314917,158.77599501193671,128.7728977077788,opiates_purple,harsh_direct,128,48,105
158.90267231214116,187.76932851587554,72.68905913710225,opiates_purple,daylight,72,19,55
162.03298469551908,163.83831342402203,94.54449518272216,opiates_purple,fluorescent,94,33,68
156.6625031717083,179.95287038655968,71.29305034412947,opiates_purple,warm_indoor,71,20,58
160.44087874344552,157.28476757715703,42.51814317851673,opiates_purple,overcast,42,16,32
158.85887589508812,167.29635810801653,116.51218101521084,opiates_purple,harsh_direct,116,40,91
154.97957629732298,151.89501202139888,102.77808995001723,opiates_purple,daylight,102,41,90
161.3920531373379,181.79963228228291,98.84731631354188,opiates_purple,fluorescent,98,28,69
153.82534431809705,163.46561793561017,85.5801411855352,opiates_purple,warm_indoor,85,30,77
158.71968092734002,157.24148182014127,86.58244393533906,opiates_purple,overcast,86,33,69
161.9438457161371,183.121640423978,125.79389529064376,opiates_purple,harsh_direct,125,35,87
156.18538004567756,179.63453443915398,89.75658528642121,opiates_purple,daylight,89,26,74
160.60319768197698,168.9755628518194,105.67457262707934,opiates_purple,fluorescent,105,35,78
151.82499389819128,178.740258068541,85.9512077436184,opiates_purple,warm_indoor,85,25,80
157.71370228959347,152.65663458747343,72.80801048188717,opiates_purple,overcast,72,29,60
161.01369544758646,180.74458186809315,100.40588832272002,opiates_purple,harsh_direct,100,29,72
149.25877297812988,196.6752246591882,105.58843909877211,opiates_purple,daylight,105,24,105
153.7838792832463,185.9542755469453,108.13394645749776,opiates_purple,fluorescent,108,29,95
151.9477966768391,208.41627368006885,85.62488647533321,opiates_purple,warm_indoor,85,15,79
154.44459763488956,188.84128273082044,83.07710085578313,opiates_purple,overcast,83,21,72
152.61602207895203,198.41989892617926,118.82006610173164,opiates_purple,harsh_direct,118,26,108
152.7543369801776,159.96317489531322,92.30278428457292,opiates_purple,daylight,92,34,85
156.49930636513264,153.38274802704913,129.67420233099344,opiates_purple,fluorescent,129,51,110
148.74171017527493,175.2549052665924,114.03152029661203,opiates_purple,warm_indoor,112,35,114
156.65837455690354,174.95486215787525,85.6760379933549,opiates_purple,overcast,85,26,70
153.7593438452261,167.38882612579187,119.06793032192836,opiates_purple,harsh_direct,119,40,107
154.4804992618391,167.4240211819978,117.4894533982216,opiates_purple,daylight,117,40,103
154.30794003657067,171.84114574502985,122.15799119643538,opiates_purple,fluorescent,122,39,107
155.1856419300721,162.39067404948221,114.38918917391207,opiates_purple,warm_indoor,114,41,99
159.58456820424306,153.09724199486203,108.24937766666201,opiates_purple,overcast,108,43,85
157.35086488497916,158.56708544316947,140.69017251083295,opiates_purple,harsh_direct,140,53,116
158.48570514143717,172.29432841249852,128.72345758533072,opiates_purple,daylight,128,41,101
163.57644688596747,156.2717495603849,136.30209749213793,opiates_purple,fluorescent,136,52,95
155.57675301021968,172.8004283167458,108.94142210133559,opiates_purple,warm_indoor,108,35,93
157.75737010134696,159.64773139676953,113.42947741693662,opiates_purple,overcast,113,42,92
161.54487270195108,185.4149310921749,146.48512766302366,opiates_purple,harsh_direct,146,39,102
154.83895764946078,161.59434420876187,91.59775485210575,opiates_purple,daylight,91,33,80
157.86586128097068,146.60336726650291,120.1073089230683,opiates_purple,fluorescent,120,51,99
154.07144456135194,183.11980391601344,81.53052569569793,opiates_purple,warm_indoor,81,22,71
154.6341104323375,162.77882774150285,79.531690877339,opiates_purple,overcast,79,28,70
155.0134348888994,181.8873935321976,113.57479831143795,opiates_purple,harsh_direct,113,32,97
155.0325483626409,177.35155120639183,100.3164246516139,opiates_purple,daylight,100,30,86
156.74265731789708,157.3311878541986,112.10572584865291,opiates_purple,fluorescent,112,42,94
147.06769318755178,189.3651377887283,96.20468154240972,opiates_purple,warm_indoor,91,24,96
154.45060486119692,170.89825091197497,77.5047582778185,opiates_purple,overcast,77,25,68
155.2783016290478,190.85396965031111,130.83245293530277,opiates_purple,harsh_direct,130,32,110
153.68499065092442,169.8336818385405,109.53983471758775,opiates_purple,daylight,109,36,98
157.42449351598145,150.43258016631978,128.16212927500953,opiates_purple,fluorescent,128,52,107
147.69906791755437,170.7056247442802,107.532758682978,opiates_purple,warm_indoor,103,35,107
157.6071855582461,157.5148496073408,100.08031725225754,opiates_purple,overcast,100,38,82
155.56429915275936,167.6428253012375,146.3011238936981,opiates_purple,harsh_direct,146,50,125
150.5274857423348,177.8166206172595,80.96164315994356,opiates_purple,daylight,80,24,78
153.25980949324156,171.3620126869848,93.76666347684815,opiates_purple,fluorescent,93,30,85
150.39102800307023,189.88813553506455,75.39671174714834,opiates_purple,warm_indoor,75,19,73
153.58282113641675,164.21289712959282,51.14808821124143,opiates_purple,overcast,51,18,46
153.88176860112063,184.03004873740608,99.85772033692481,opiates_purple,harsh_direct,99,27,88
155.8084751253378,165.96924143711655,128.87914380954373,opiates_purple,daylight,128,44,110
155.43480793836858,161.15034548673378,133.17139471612512,opiates_purple,fluorescent,133,49,115
150.9802709365022,184.06904475021366,106.17639082816936,opiates_purple,warm_indoor,106,29,101
157.5472072075804,152.78007749140835,102.43334268301136,opiates_purple,overcast,102,41,85
161.56639462760361,165.5139156668667,136.17279153112196,opiates_purple,harsh_direct,136,47,99
154.164635928854,177.63997558324309,96.62389876348182,opiates_purple,daylight,96,29,85
152.5519783536396,163.9520582421514,125.44218398055382,opiates_purple,fluorescent,125,44,116
145.58070078373026,178.44083540366438,97.2577753646034,opiates_purple,warm_indoor,89,29,97
153.08145475732303,170.82293758853058,81.82289923102792,opiates_purple,overcast,81,27,74
154.8537021877712,177.13314520736864,110.71240512660556,opiates_purple,harsh_direct,110,33,96
155.07251948010065,175.89924924653903,88.70128119170079,opiates_purple,daylight,88,27,76
156.61411212785643,168.7684409483187,106.4122642208292,opiates_purple,fluorescent,106,35,88
150.28182293937672,175.35706926466725,92.76686892424298,opiates_purple,warm_indoor,92,28,90
157.86609905060266,177.29848756042907,96.84614775958259,opiates_purple,overcast,96,29,77
157.97457618375063,192.39343408112242,127.4790177845402,opiates_purple,harsh_direct,127,31,99
148.8620553486379,177.91661387328492,84.48036458470011,opiates_purple,daylight,83,25,84
156.77265102323958,171.57706597605895,100.53526119236241,opiates_purple,fluorescent,100,32,83
146.9260683813991,192.91690290404833,78.20871931994907,opiates_purple,warm_indoor,73,19,78
150.96035515957632,184.11386480671277,69.93009515374,opiates_purple,overcast,69,19,66
156.7048367255977,198.76098884940924,125.84740008173684,opiates_purple,harsh_direct,125,27,101
155.5363055830217,191.2030618761552,95.75802791077574,opiates_purple,daylight,95,23,80
161.64731816145576,154.99376056257253,110.05731495504637,opiates_purple,fluorescent,110,43,82
152.95789016368298,174.07453987661896,82.42495970993562,opiates_purple,warm_indoor,82,26,75
161.1999505086897,152.740001352115,80.32044062656654,opiates_purple,overcast,80,32,60
159.07386386347682,182.19749257521968,136.0896747465266,opiates_purple,harsh_direct,136,38,103
150.8973345364643,202.09794756500744,121.87074246163863,opiates_purple,daylight,121,25,116
154.21268977370448,192.23827967290546,128.28111122632382,opiates_purple,fluorescent,128,31,111
146.06115640160957,204.43395093334212,108.25199444231158,opiates_purple,warm_indoor,99,21,108
150.47351243569926,191.4257774421904,87.86800708332767,opiates_purple,overcast,87,21,84
147.36348249065583,187.4545316819004,147.71551574253638,opiates_purple,harsh_direct,141,39,147
148.8731322253921,186.124267973178,81.07148133058585,opiates_purple,daylight,80,21,81
152.48337295726063,158.75132026710136,91.19799678174601,opiates_purple,fluorescent,91,34,84
147.09409240899416,177.64487248929476,79.39524263213683,opiates_purple,warm_indoor,75,24,79
152.0664704480661,186.9119687753041,65.95444990567748,opiates_purple,overcast,65,17,61
156.5178696851716,181.59757832167193,121.05622993171855,opiates_purple,harsh_direct,121,34,99
155.61627521134972,204.4470107967151,94.61380709846813,opiates_purple,daylight,94,18,78
156.02472926854142,192.1751776363324,122.72614569650335,opiates_purple,fluorescent,122,30,101
151.35957247024655,208.71936354124276,95.31123558775626,opiates_purple,warm_indoor,95,17,89
153.93651932505398,194.57294971114425,77.11134109340408,opiates_purple,overcast,77,18,67
153.2969966988676,210.25384117210945,131.69084284410394,opiates_purple,harsh_direct,131,23,116
171.0955276989505,174.20779145239072,103.79323421780784,opiates_purple,daylight,103,32,51
173.9707893545468,149.5069161797691,122.25211762719539,opiates_purple,fluorescent,122,50,62
165.0240889066934,192.4830220856911,91.70808482577894,opiates_purple,warm_indoor,91,22,54
167.13629673058645,146.61875056977348,84.57143235839688,opiates_purple,overcast,84,35,55
168.24262626560468,175.48227778805284,128.9211367482904,opiates_purple,harsh_direct,128,40,72
143.9189775808608,176.74764458524845,83.57052376774222,opiates_purple,daylight,73,25,83
145.6360768563057,178.74295067689232,91.07320288403236,opiates_purple,fluorescent,83,27,91
142.72995121370968,186.46822240563046,77.84684138077795,opiates_purple,warm_indoor,65,20,77
151.3138541118147,169.7754630873173,49.24484798582885,opiates_purple,overcast,49,16,46
148.19336776246206,208.28437830412557,96.53418376448992,opiates_purple,harsh_direct,93,17,96
160.06958187037745,193.95292514789477,140.71436691716892,opiates_purple,daylight,140,33,101
162.07758078465514,187.65211040164422,142.0394079981173,opiates_purple,fluorescent,142,37,96
158.41212752024506,199.47353882953766,112.92799495231179,opiates_purple,warm_indoor,112,24,85
164.80843366874626,185.13925997013325,111.21595268363659,opiates_purple,overcast,111,30,68
159.7522344388374,196.01410751980953,160.1677093751799,opiates_purple,harsh_direct,160,37,116
146.63295083552578,192.3955558325019,124.8177972420557,opiates_purple,daylight,116,30,124
149.0366709612165,187.26927003345799,137.86065297626504,opiates_purple,fluorescent,137,36,137
144.819908702337,197.2958999771599,117.0324571385378,opiates_purple,warm_indoor,103,26,117
146.4287442988255,187.61860746901752,93.10733228433504,opiates_purple,overcast,86,24,93
148.18607425762374,199.7674664087715,151.13868683493217,opiates_purple,harsh_direct,147,32,151
149.15331031028165,139.77850683600485,104.08512816363555,opiates_purple,daylight,104,47,104
157.0443875448538,139.45505074500088,121.89472570775386,opiates_purple,fluorescent,121,55,104
153.28494676349797,151.53546955428925,94.9191085527913,opiates_purple,warm_indoor,94,38,87
156.68469413115878,134.86047189493846,77.92132432131022,opiates_purple,overcast,77,36,67
154.62281264243583,151.70323788268067,110.54463773140279,opiates_purple,harsh_direct,110,44,98
158.34483882139463,160.6913971469936,80.11051817224137,opiates_purple,daylight,80,29,64
158.57117552701501,167.7327343566369,110.7552979690573,opiates_purple,fluorescent,110,37,87
152.00341933900089,170.4490787167548,89.44363029572237,opiates_purple,warm_indoor,89,29,83
159.92193094956755,165.93000114449268,68.24021963619926,opiates_purple,overcast,68,23,52
153.51961776633962,175.1007808771621,137.56657683654234,opiates_purple,harsh_direct,137,43,123
148.2391483327495,177.37124915496508,158.21968229626697,opiates_purple,daylight,154,48,158
148.35048987887623,169.03472461199837,138.19951013113297,opiates_purple,fluorescent,135,46,138
143.41232129900519,186.4290050088182,128.44296910035382,opiates_purple,warm_indoor,110,34,128
151.43894422906942,154.99886474499533,132.35209492861512,opiates_purple,overcast,132,51,126
146.27610315328116,174.2481365276845,168.54583803482376,opiates_purple,harsh_direct,157,53,168
149.2501195606218,191.30925604948206,94.62224256163108,opiates_purple,daylight,94,23,94
156.88255635617196,186.12139807482964,128.63990511152076,opiates_purple,fluorescent,128,34,104
149.06105456960256,187.4274077793638,85.50013377597425,opiates_purple,warm_indoor,85,22,85
154.91040572014325,183.80027400861573,73.97958111007271,opiates_purple,overcast,73,20,63
150.53897184925043,216.11169364776873,116.87239872413718,opiates_purple,harsh_direct,116,17,112
155.026468760773,153.51021837788383,104.29835370286322,opiates_purple,daylight,104,41,91
156.94222032843462,147.82002916031834,118.67928360170023,opiates_purple,fluorescent,118,49,100
149.14810795160088,173.09609386214004,95.81936729383447,opiates_purple,warm_indoor,95,30,95
155.826966693987,155.18169165236793,84.38167988060407,opiates_purple,overcast,84,33,72
153.64421561626148,172.31608192024058,148.9799305846434,opiates_purple,harsh_direct,148,48,133
156.5197608805126,185.45473549182492,84.66651302700107,opiates_purple,daylight,84,23,69
154.293573510456,161.94587220392498,102.45298727856289,opiates_purple,fluorescent,102,37,91
148.09844341899387,198.5141987608255,76.33622952110014,opiates_purple,warm_indoor,74,16,76
151.1836043935289,163.56675820202298,73.08830250069907,opiates_purple,overcast,73,26,69
152.69304655502305,182.72112486333072,119.7424862542079,opiates_purple,harsh_direct,119,33,109
145.68582387354903,180.26989092351107,82.3128469040941,opiates_purple,daylight,75,24,82
150.1361548448099,166.05924215370254,92.54764454088904,opiates_purple,fluorescent,92,32,90
148.30840672505786,203.01074274325535,72.09276224135972,opiates_purple,warm_indoor,70,14,72
149.90699957941862,158.81045037368716,58.037293007517555,opiates_purple,overcast,58,21,57
147.68766542252115,193.781315290261,113.76912240093488,opiates_purple,harsh_direct,109,27,113
149.14619752242785,213.64794503492905,102.15900752094625,opiates_purple,daylight,102,16,102
153.5238394441628,196.61067026957198,114.78358775534711,opiates_purple,fluorescent,114,26,101
147.8824690385006,225.25420734797513,94.74482514024433,opiates_purple,warm_indoor,91,11,94
153.8080129958078,206.04448823710854,73.45670038073364,opiates_purple,overcast,73,14,64
147.1811322725655,202.8058133261647,120.39202773817848,opiates_purple,harsh_direct,114,24,120
152.57965864624947,201.62736845206436,64.36419543591936,opiates_purple,daylight,64,13,58
153.5917225083846,189.72329064121217,80.71142546967636,opiates_purple,fluorescent,80,20,71
148.46061521757264,203.1030858020134,56.271532192264274,opiates_purple,warm_indoor,55,11,56
154.81661351262792,195.79492706122136,82.82339285705935,opiates_purple,overcast,82,19,70
149.87461177854834,206.8986850444146,105.86452371043939,opiates_purple,harsh_direct,105,19,103
153.64484756932097,158.39950472349136,94.24654530066617,opiates_purple,daylight,94,35,85
158.07578241235075,135.43826823828067,126.24089226200051,opiates_purple,fluorescent,126,59,106
152.53952303435182,154.31953212419066,82.92811100922118,opiates_purple,warm_indoor,82,32,77
157.69123152482211,126.92646444033633,81.85727604815314,opiates_purple,overcast,81,41,70
157.0994068834106,163.45684166751343,127.31019399726044,opiates_purple,harsh_direct,127,45,105
145.03722638585904,178.84267153066966,73.61250966606421,opiates_purple,daylight,66,21,73
150.99101570426433,161.6672479965657,88.66156301363858,opiates_purple,fluorescent,88,32,85
143.8692159609704,185.77392367539417,54.893507205603555,opiates_purple,warm_indoor,47,14,54
147.69552542514694,176.08189472348135,54.995188714872484,opiates_purple,overcast,53,17,54
148.58021156979245,188.4432947146247,91.86944272046736,opiates_purple,harsh_direct,90,23,91
159.50584472457277,138.18902023245275,92.77780790527436,opiates_purple,daylight,92,42,75
158.44740887940804,122.81639464825653,104.78518814097347,opiates_purple,fluorescent,104,54,89
154.43081088861385,147.598143913581,72.20230171384387,opiates_purple,warm_indoor,72,30,64
163.91419995974638,119.23877896944046,79.88780835863906,opiates_purple,overcast,79,42,61
161.63121087879162,143.38662279921445,110.95664447735858,opiates_purple,harsh_direct,110,48,84
151.35443003736358,146.42275175725925,79.31353438115543,opiates_purple,daylight,79,33,75
154.2320439550849,129.23518072282843,94.25394836901842,opiates_purple,fluorescent,94,46,86
145.02027957005959,150.49495575556014,67.53449296403848,opiates_purple,warm_indoor,61,27,67
153.79987138536254,134.8317114069497,44.24788573385102,opiates_purple,overcast,44,20,40
152.0512543927834,143.86557654139435,96.81194721299451,opiates_purple,harsh_direct,96,42,91
155.0467113457803,205.0183248516493,107.34405615665446,opiates_purple,daylight,107,21,90
158.85977576846304,195.15869782553946,121.67312593826628,opiates_purple,fluorescent,121,28,91
153.25995462139696,206.91817596075882,109.39897968183679,opiates_purple,warm_indoor,109,20,97
158.0154260394185,204.6750305981024,94.85702513158836,opiates_purple,overcast,94,18,72
154.02785301721565,201.20706855585246,137.460357604567,opiates_purple,harsh_direct,137,28,119
150.4295780709713,177.55118131072885,89.58772511996665,opiates_purple,daylight,89,27,86
153.59643459549318,167.42114766006114,121.96450023002436,opiates_purple,fluorescent,121,41,110
147.78310184714996,190.09707197711296,75.75083144991835,opiates_purple,warm_indoor,73,19,75
151.76618160039507,170.4376175455324,76.29562547290433,opiates_purple,overcast,76,25,71
150.93616250584694,186.59919255168415,121.37479205665619,opiates_purple,harsh_direct,121,32,116
147.51162256423035,172.49809931252864,80.94316189603924,opiates_purple,daylight,77,26,80
152.42691033888988,180.09568877141479,111.30483054294227,opiates_purple,fluorescent,111,32,102
149.21696433076056,193.8132717978008,80.23846133092803,opiates_purple,warm_indoor,80,19,80
154.4883535748119,179.0480948931878,52.96191002532,opiates_purple,overcast,52,15,46
146.01139353501242,194.84866894052098,120.08439570807487,opiates_purple,harsh_direct,110,28,120
159.2978118451642,186.69142370335533,58.18625669730977,opiates_purple,daylight,58,15,43
163.09266486413918,167.15710842133635,70.14235468367536,opiates_purple,fluorescent,70,24,48
159.1858845960969,189.5870652028996,44.29017529271584,opiates_purple,warm_indoor,44,11,33
161.89480058259758,177.4389776860858,33.90382068366444,opiates_purple,overcast,33,10,23
162.9413508472487,189.38070192862466,83.14035847112281,opiates_purple,harsh_direct,83,21,54
146.704871450198,197.2674217592395,62.323924620105196,opiates_purple,daylight,58,14,62
149.3608521056441,186.6061940342255,78.04776459428557,opiates_purple,fluorescent,78,20,77
146.08364187347942,199.7952376847376,60.03707171936006,opiates_purple,warm_indoor,55,12,60
146.9857102909169,171.70773936634032,50.51687377556082,opiates_purple,overcast,48,16,50
150.89927909445686,201.47283969324653,97.36077219050048,opiates_purple,harsh_direct,97,20,92
154.33008721568905,164.90638542169873,113.70681121732336,opiates_purple,daylight,113,40,100
156.94751660767304,155.86390837792888,138.66075703135854,opiates_purple,fluorescent,138,53,116
153.10521773845514,170.41030252214563,95.12948796688642,opiates_purple,warm_indoor,95,31,86
159.5774977722742,163.05696765947422,82.6160794445612,opiates_purple,overcast,82,29,64
158.27780365794266,161.84312830655722,154.08341929382829,opiates_purple,harsh_direct,154,56,124
145.583565000139,162.0280607352305,123.5741838868196,opiates_purple,daylight,114,45,123
150.3077156388908,161.387843390971,151.66856464183655,opiates_purple,fluorescent,151,55,147
139.6743564753849,192.82444876520267,113.5378674332393,opiates_purple,warm_indoor,86,27,113
147.9013208840439,181.10307490399393,114.50703385371654,opiates_purple,overcast,111,33,114
147.2922390390761,180.58882057419825,135.91800084153562,opiates_purple,harsh_direct,129,39,135
152.51354681947277,167.10720870421662,120.38056686791191,opiates_purple,daylight,120,41,111
156.01485805308326,164.130508140987,124.04390475442308,opiates_purple,fluorescent,124,44,105
147.1493367797817,175.53157622136726,101.39569733493244,opiates_purple,warm_indoor,96,31,101
149.1894146943143,177.2206667263457,83.87091586297716,opiates_purple,overcast,83,25,83
153.29789326322694,169.15416290621113,133.78511599264385,opiates_purple,harsh_direct,133,45,121
151.6103611913006,218.17631778249654,125.53165296712217,opiates_purple,daylight,125,18,116
152.01198835776574,200.73811406692698,138.32327571180835,opiates_purple,fluorescent,138,29,127
149.9736185601726,222.7532109390382,112.4242034857336,opiates_purple,warm_indoor,112,14,109
151.26776452675952,207.44498082674673,110.39648475601481,opiates_purple,overcast,110,20,104
147.86747103680054,206.59742285007493,148.55795528473084,opiates_purple,harsh_direct,143,28,148
148.91805880220554,196.25482854533564,114.51652184814448,opiates_purple,daylight,113,26,114
146.59946300380065,175.20481978820396,123.86205506747947,opiates_purple,fluorescent,116,38,123
141.49426404899452,210.80205814594495,120.62143367475358,opiates_purple,warm_indoor,94,20,120
147.27344193680716,168.2226970385027,102.74608496277361,opiates_purple,overcast,98,34,102
148.84851067564998,189.02849068852854,131.64236281198478,opiates_purple,harsh_direct,130,34,131
146.2303903733517,210.1538588685538,105.99410491119852,opiates_purple,daylight,97,18,105
147.17591438945502,193.688887128651,125.05044928079992,opiates_purple,fluorescent,118,30,125
142.54158264415847,219.57410016417347,97.49411419741764,opiates_purple,warm_indoor,78,13,97
148.65848773297117,181.49242870251229,83.59003901296765,opiates_purple,overcast,82,24,83
146.5632888097791,208.8368311606971,126.38179696628097,opiates_purple,harsh_direct,117,22,126
145.895161355851,162.31395233085777,111.92184444250654,opiates_purple,daylight,104,40,111
144.49522783215517,167.33630467351898,143.10483020707414,opiates_purple,fluorescent,128,49,143
145.12084709927203,181.5923048413378,102.51465553720978,opiates_purple,warm_indoor,92,29,102
149.32197828402607,158.36990524647425,101.61224055765894,opiates_purple,overcast,101,38,101
146.19000788888292,172.6528366009595,133.11958298343825,opiates_purple,harsh_direct,124,42,133
156.6955706535854,179.20979851586253,90.44868363573475,opiates_purple,daylight,90,26,74
160.7969073066044,151.98655929373325,129.2500916962885,opiates_purple,fluorescent,129,52,99
152.32412611323227,165.63840036113115,80.2825555239431,opiates_purple,warm_indoor,80,28,74
159.1950243577943,152.02004102205507,80.38004841327363,opiates_purple,overcast,80,32,64
156.78776847624349,175.82203555718442,126.09807393502646,opiates_purple,harsh_direct,126,39,103
155.97120548989588,216.26475201854134,74.03035961236442,opiates_purple,daylight,74,11,59
163.11368978108115,209.41801132420431,95.43559157043376,opiates_purple,fluorescent,95,17,58
156.2031186665857,219.78504456047688,69.28192491356243,opiates_purple,warm_indoor,69,9,55
157.06148128476303,203.01151006672998,54.74298980455677,opiates_purple,overcast,54,11,43
158.71467310221482,218.1050767090912,91.6310419449163,opiates_purple,harsh_direct,91,13,66
147.30715671925745,176.0901884684176,88.91831679744092,opiates_purple,daylight,85,27,88
154.2675372004967,163.5964590777994,102.89272734171021,opiates_purple,fluorescent,102,36,91
144.5318856548145,181.44517498109855,79.37644692298096,opiates_purple,warm_indoor,70,22,79
151.75468925900597,163.12415100552326,84.34779556562694,opiates_purple,overcast,84,30,79
149.85506940136509,179.02236283718918,102.5036419472505,opiates_purple,harsh_direct,102,30,100
151.33520725981506,174.818572571786,84.5957899397655,opiates_purple,daylight,84,26,80
156.58577958587173,155.41136080683287,105.79676478772826,opiates_purple,fluorescent,105,41,89
150.33090811484018,185.3441857578131,73.93423687144458,opiates_purple,warm_indoor,73,20,71
157.82812828570283,175.25481749519352,77.94887983263466,opiates_purple,overcast,77,24,62
154.3764672155049,178.2103552383739,123.59300858646486,opiates_purple,harsh_direct,123,37,108
158.66819450219626,184.07313215425637,64.04372456541444,opiates_purple,daylight,64,17,49
158.14124215600256,173.83349868837482,68.30750652553314,opiates_purple,fluorescent,68,21,54
153.59674593935895,210.7999580638293,45.80870648317932,opiates_purple,warm_indoor,45,7,40
161.80984821192044,169.6063247130756,31.917080238907825,opiates_purple,overcast,31,10,22
156.79262959771307,188.33218998233383,93.66756013402431,opiates_purple,harsh_direct,93,24,75
162.17631738842474,138.08776770152812,106.13412147480268,opiates_purple,daylight,106,48,81
160.30486771516087,136.2955790934242,118.28208860416247,opiates_purple,fluorescent,118,55,94
157.10982406064159,147.88129723650704,86.45423054085876,opiates_purple,warm_indoor,86,36,73
156.9995091422741,147.42255077441996,76.69455523550862,opiates_purple,overcast,76,32,65
157.52693879313688,143.75550954551943,129.97188167523967,opiates_purple,harsh_direct,129,56,109
151.2764465290049,184.67308114354705,95.71657535753732,opiates_purple,daylight,95,26,90
155.88026069941102,178.50313681198878,105.52883558583905,opiates_purple,fluorescent,105,31,88
148.08272392778812,180.50384263553332,84.56908231669667,opiates_purple,warm_indoor,82,24,84
152.45140988613082,192.02189132959833,82.31542443583119,opiates_purple,overcast,82,20,75
150.09139731208606,203.69006198556275,114.07781778260888,opiates_purple,harsh_direct,114,22,111
150.24035371390224,164.191213356138,106.03945656393417,opiates_purple,daylight,106,37,103
158.01109826338768,152.5836338818587,110.30547667422037,opiates_purple,fluorescent,110,44,90
149.66785307601873,178.34475040745951,92.32977262731603,opiates_purple,warm_indoor,92,27,91
155.96069831916375,162.22835295318023,93.94616236020747,opiates_purple,overcast,93,34,80
156.98908246129506,168.10708597975434,124.3110944548432,opiates_purple,harsh_direct,124,42,102
151.549472371716,176.77978042097996,106.12055348709916,opiates_purple,daylight,106,32,100
153.10474517040174,167.9463747871347,131.42824586753636,opiates_purple,fluorescent,131,44,120
151.05560213996966,197.12759375964396,117.49179960072863,opiates_purple,warm_indoor,117,26,111
155.04451972326785,182.28771080051484,84.32699196488704,opiates_purple,overcast,84,24,72
152.84418371255327,187.25476014351193,136.75945069701663,opiates_purple,harsh_direct,136,36,124
156.37338225699938,187.15732262798636,109.75534050317364,opiates_purple,daylight,109,29,90
156.36314660095675,178.75235252533213,122.60681096446874,opiates_purple,fluorescent,122,36,101
149.98263764125474,187.49988090194884,97.85448153667706,opiates_purple,warm_indoor,97,25,95
150.8520928910006,183.98295921994065,74.61508179889235,opiates_purple,overcast,74,20,71
151.55540688868243,190.84596625696406,138.29471409839277,opiates_purple,harsh_direct,138,34,130
156.84337211505076,185.6010408496109,158.67114714868646,opiates_purple,daylight,158,43,128
150.38765395302056,211.33611118156034,177.18236818253592,opiates_purple,fluorescent,177,30,171
149.84173395993585,206.7633470993847,145.332663721092,opiates_purple,warm_indoor,145,27,142
151.18902974478797,188.8146763193913,124.9696842715431,opiates_purple,overcast,124,32,118
155.6794439494143,207.85966923576458,189.21258426108014,opiates_purple,harsh_direct,189,34,155
153.42473548875066,174.67178120605232,140.75279466802772,opiates_purple,daylight,140,44,126
154.0617618027536,165.69899854690334,147.72878108214087,opiates_purple,fluorescent,147,51,131
152.28789002295014,190.23459498835226,133.0829897166309,opiates_purple,warm_indoor,133,33,122
153.68693521721843,165.2547368469767,114.58776378648984,opiates_purple,overcast,114,40,103
146.74604403392104,178.66074009811473,169.64590497104402,opiates_purple,harsh_direct,160,50,169
149.98748870750572,182.2901593009428,113.39866668884305,opiates_purple,daylight,113,32,111
151.6358114205736,178.72658286263731,127.7286755423886,opiates_purple,fluorescent,127,38,120
151.7352071574798,203.21127483421893,96.33621368639852,opiates_purple,warm_indoor,96,19,89
148.43956764916055,196.76734270087442,77.16715786246394,opiates_purple,overcast,75,17,77
149.42957714597327,207.7224624134304,135.4099803109028,opiates_purple,harsh_direct,135,25,134
157.85780231750567,206.73070249249452,82.66991535005852,opiates_purple,daylight,82,15,63
160.6937078335997,191.75652535947057,100.53724754604555,opiates_purple,fluorescent,100,24,71
152.29910161666064,201.6999827814485,83.5076520016205,opiates_purple,warm_indoor,83,17,76
159.12176528240508,188.90865879848664,85.35802020423854,opiates_purple,overcast,85,22,64
157.64859075673436,195.86023045354148,127.290408890001,opiates_purple,harsh_direct,127,29,99
158.4223128953581,177.65377882743732,103.24624897566454,opiates_purple,daylight,103,31,80
159.20063829316888,170.1355186003502,135.85868964505488,opiates_purple,fluorescent,135,45,105
154.9356410080432,173.19868422839707,127.50191831568921,opiates_purple,warm_indoor,127,40,110
155.0351322760005,168.5507693881302,92.7055100208376,opiates_purple,overcast,92,31,80
159.05231839641854,177.88319279612887,147.56345264900546,opiates_purple,harsh_direct,147,44,113
152.40401186982552,190.37113287370107,102.84711038890177,opiates_purple,daylight,102,26,94
151.80580598330948,171.95334050935222,116.35877958921198,opiates_purple,fluorescent,116,37,109
150.00360834594414,202.85001990099698,92.99070977268468,opiates_purple,warm_indoor,92,19,90
151.1752997808132,174.94665391967064,83.12547968006812,opiates_purple,overcast,83,26,79
150.31456093742318,211.67058133700516,125.47828098250874,opiates_purple,harsh_direct,125,21,121
160.87690179176482,174.2638844057666,92.10433816065446,opiates_purple,daylight,92,29,67
160.27331065642704,168.2056121488863,92.9725496488432,opiates_purple,fluorescent,92,31,70
156.3316096580201,179.57480801135435,75.47483036004206,opiates_purple,warm_indoor,75,22,62
160.62503545401285,196.56155340298463,63.95754129125784,opiates_purple,overcast,63,14,45
159.58273389298833,191.50176889850658,91.89325106581784,opiates_purple,harsh_direct,91,22,67
152.71228656127056,200.05129991616639,109.96287908298399,opiates_purple,daylight,109,23,99
152.8105179983092,192.0075247590971,109.00868818253964,opiates_purple,fluorescent,109,26,98
149.03386308929964,189.45871752013548,88.74781406990894,opiates_purple,warm_indoor,88,22,88
154.45759731412306,181.2933131594453,86.58844131507928,opiates_purple,overcast,86,25,75
153.1451706187527,203.5231790749576,123.37760268042555,opiates_purple,harsh_direct,123,24,110
152.59641135923601,159.66695406953588,83.40113923809557,opiates_purple,daylight,83,31,77
154.0213492200096,177.3585347472294,101.17486790903862,opiates_purple,fluorescent,101,30,89
146.03754192710574,175.23029726952615,65.44801567474977,opiates_purple,warm_indoor,60,20,65
148.02462737957694,166.84473055694522,65.14593684145188,opiates_purple,overcast,63,22,65
151.5865344016643,167.65426685465707,111.49064094108762,opiates_purple,harsh_direct,111,38,105
159.24629565971117,196.3162656698399,87.57752617582727,opiates_purple,daylight,87,20,64
155.17686251618517,201.64906796197226,105.98688531896296,opiates_purple,fluorescent,105,22,89
148.9161900820123,209.28261007837787,92.14092599983067,opiates_purple,warm_indoor,91,16,92
155.31415572331474,203.16363569775987,90.02319757142428,opiates_purple,overcast,90,18,75
157.8844680156724,202.98289311871744,113.23466428643712,opiates_purple,harsh_direct,113,23,86
151.34147583165577,180.0374834425038,88.90603230845316,opiates_purple,daylight,88,26,84
154.52352521145045,169.24790385795828,115.49579184496804,opiates_purple,fluorescent,115,38,101
146.0374578476166,178.27106056997403,77.99081103121492,opiates_purple,warm_indoor,72,23,77
153.22856752308448,159.48831331284708,60.208926915825515,opiates_purple,overcast,60,22,55
154.44752460259517,180.90947784351908,127.87973645167062,opiates_purple,harsh_direct,127,37,111
148.70072670048737,192.13268511716092,96.09546836286594,opiates_purple,daylight,94,23,96
146.72068176943066,193.20023913253817,110.68639038714733,opiates_purple,fluorescent,103,26,110
145.50786700242043,225.42372275777436,96.85636358130753,opiates_purple,warm_indoor,86,11,96
148.7793686410245,213.48121615881905,81.56246760239831,opiates_purple,overcast,80,13,81
148.842288897482,215.4585818441337,127.58375677416048,opiates_purple,harsh_direct,126,19,127
146.2103396309969,180.20329557333196,121.50953771665196,opiates_purple,daylight,113,35,121
150.70981362461637,165.00926175079678,128.97326268905013,opiates_purple,fluorescent,128,45,124
145.21444901892337,177.4034491314375,110.55354338438252,opiates_purple,warm_indoor,100,33,110
149.45836674069525,161.73816004022365,102.25647027022298,opiates_purple,overcast,102,37,101
146.7148426964168,175.28490984246847,135.06715822875177,opiates_purple,harsh_direct,127,42,135
148.64035374207126,166.05327777813307,104.737967440063,opiates_purple,daylight,103,36,104
153.32680968369826,164.72860015338154,121.57605742276888,opiates_purple,fluorescent,121,43,110
146.44447499675985,170.4714788821364,93.66452937843937,opiates_purple,warm_indoor,87,31,93
152.95398993543532,158.42127388753767,86.08030941830191,opiates_purple,overcast,86,32,79
147.68870766221787,164.56662089888616,127.73730136838672,opiates_purple,harsh_direct,123,45,127
145.23403426384664,173.78949780925734,108.3714356516219,opiates_purple,daylight,98,34,108
146.8425460002554,170.29988994963873,117.31678649685568,opiates_purple,fluorescent,111,38,117
141.70097014511265,189.8818081877274,82.89327871481882,opiates_purple,warm_indoor,67,21,82
147.31967210440482,170.07378921495328,74.514276606754,opiates_purple,overcast,71,24,74
143.95326957112997,180.981684350819,129.66713311387693,opiates_purple,harsh_direct,113,37,129
150.2271763171669,186.42919732278554,113.76550129328145,opiates_purple,daylight,113,30,110
158.71212770789535,184.87711858019713,118.96671924007137,opiates_purple,fluorescent,118,32,91
147.95079580394489,203.21126817330236,75.7115125766112,opiates_purple,warm_indoor,73,15,75
151.96401522585907,170.08354519281028,76.74382296884848,opiates_purple,overcast,76,25,71
151.08160147299105,193.20526760619825,117.1702763540488,opiates_purple,harsh_direct,117,28,111
151.46876685262606,167.68804387120545,98.01489181667338,opiates_purple,daylight,98,33,93
154.02075727003577,161.31322277148698,111.48427863229197,opiates_purple,fluorescent,111,40,100
149.414642410396,183.92370801653402,101.12207335140333,opiates_purple,warm_indoor,101,28,100
152.93884906919547,168.16225934586956,85.46159419441238,opiates_purple,overcast,85,29,78
155.85668368692146,173.59694095357753,112.7687458849363,opiates_purple,harsh_direct,112,35,95
148.66928855574722,219.91515836828435,78.38520850761876,opiates_purple,daylight,77,10,78
151.52755848971074,196.57534381587087,91.26600071502745,opiates_purple,fluorescent,91,20,85
147.81133012487783,226.2287683718823,73.48416862268176,opiates_purple,warm_indoor,70,8,73
148.24964593488951,221.25007936635663,57.80500852471881,opiates_purple,overcast,56,7,57
152.90967061225012,207.38669420009242,111.26403952988753,opiates_purple,harsh_direct,111,20,99
161.44240973867556,191.744539155553,84.49716556917213,opiates_purple,daylight,84,20,58
165.58860382376113,190.95683537850132,74.23667110186003,opiates_purple,fluorescent,74,18,43
157.203578872222,223.5169504358475,65.91079845639503,opiates_purple,warm_indoor,65,8,50
162.7675782915507,194.92915136743824,47.504546269025425,opiates_purple,overcast,47,11,30
160.57744725698473,214.56829163888872,117.5874963576195,opiates_purple,harsh_direct,117,18,79
159.6192482438829,191.05279897740036,105.53618105205163,opiates_purple,daylight,105,26,77
160.6917188411193,184.20320758253925,123.48202311779116,opiates_purple,fluorescent,123,34,89
161.41846832029967,210.93901475809082,88.99594283438078,opiates_purple,warm_indoor,88,15,58
158.96411111786594,190.80729793500012,84.30986237523564,opiates_purple,overcast,84,21,63
160.7830010950883,183.42542321387373,119.4290858557164,opiates_purple,harsh_direct,119,33,85
149.77015010523536,170.78194734851178,99.03901413882376,opiates_purple,daylight,99,32,97
155.17682829997656,173.13622076449556,96.41113680914358,opiates_purple,fluorescent,96,30,83
151.85058882755197,199.05924472087074,87.41126910630642,opiates_purple,warm_indoor,87,19,81
149.31185821467778,176.045400385744,81.26048716706843,opiates_purple,overcast,81,25,80
150.02980652811942,197.69138567451452,129.67323297432335,opiates_purple,harsh_direct,129,29,126
147.8797263696298,175.86245382255274,83.56890191459313,opiates_purple,daylight,81,25,83
150.3078610346485,159.9444322718958,69.76224284961594,opiates_purple,fluorescent,69,26,68
143.90398138381397,190.21936861494424,50.50817938441855,opiates_purple,warm_indoor,43,12,50
151.98227423206725,190.0378409442773,48.93651360968887,opiates_purple,overcast,48,12,45
151.88016567376516,178.68532214709734,76.02826542081657,opiates_purple,harsh_direct,76,22,71
154.96344576724618,190.2104078060925,96.56340694402891,opiates_purple,daylight,96,24,82
151.42809641351985,190.8398771888737,112.27624181671658,opiates_purple,fluorescent,112,28,105
152.4530297856258,186.22934580638548,77.15689387893147,opiates_purple,warm_indoor,77,20,70
153.03662345257607,172.22618221376194,55.203960960564714,opiates_purple,overcast,55,17,50
152.6577021635874,210.81981842660542,118.18410552994396,opiates_purple,harsh_direct,118,20,106
155.398976034481,183.3819545371537,86.26540955153713,opiates_purple,daylight,86,24,73
157.86641585719204,190.35913801073852,100.4429455401313,opiates_purple,fluorescent,100,25,78
152.05193862315255,205.37245682860723,87.00232847841245,opiates_purple,warm_indoor,87,16,80
153.53101869028248,174.86027489300605,74.58269818521788,opiates_purple,overcast,74,23,67
153.95825710558634,189.38214906326357,118.46564928474112,opiates_purple,harsh_direct,118,30,104
150.35666555197704,201.92337250288097,53.85932594496233,opiates_purple,daylight,53,11,52
149.2255531987946,196.76921747625107,71.69530101416782,opiates_purple,fluorescent,71,16,71
146.37181613607757,208.3784647030414,55.11593719018286,opiates_purple,warm_indoor,50,10,55
150.18256967346642,196.43438701690653,29.29168643648461,opiates_purple,overcast,29,6,28
147.16834829875737,208.02548618570398,105.58671461857007,opiates_purple,harsh_direct,99,19,105
155.33332510215965,169.66604202081194,76.32081357764197,opiates_purple,daylight,76,25,65
155.0077364578846,163.93405634179342,78.0147959141746,opiates_purple,fluorescent,78,27,68
150.5172824709808,166.3965108660903,52.12546999008806,opiates_purple,warm_indoor,52,18,50
158.58352020640817,161.77006100728462,41.69160076706524,opiates_purple,overcast,41,15,33
157.48924640746517,162.47813140918922,69.0003455256748,opiates_purple,harsh_direct,69,25,56
150.9505885692861,183.62376952492903,78.01150330838013,opiates_purple,daylight,78,21,74
151.5170829324051,162.20572449306908,95.41424167191842,opiates_purple,fluorescent,95,34,90
147.48478735122185,198.22515985836583,69.97139307987692,opiates_purple,warm_indoor,66,15,69
148.56065416662608,182.48013769866097,62.52938029582434,opiates_purple,overcast,61,17,62
146.1588896037055,180.0216422893715,82.4385777633423,opiates_purple,harsh_direct,76,24,82
153.96019690135313,172.16748393222232,107.85005518065721,opiates_purple,daylight,107,35,96
158.07069120905717,171.5461196047466,139.39403315292648,opiates_purple,fluorescent,139,45,111
154.84628797267501,187.83553440164553,106.88095023949087,opiates_purple,warm_indoor,106,28,91
155.23622347371725,159.48020670743992,99.51378203644943,opiates_purple,overcast,99,37,86
159.99150852208095,167.40813648394655,143.03291752606816,opiates_purple,harsh_direct,143,49,108
152.66572218580092,164.96595783632318,117.98405103364377,opiates_purple,daylight,117,41,109
156.6595990631914,157.7198916072638,125.33997249488617,opiates_purple,fluorescent,125,47,105
148.77459618956027,173.2368231806784,119.8860636714749,opiates_purple,warm_indoor,118,38,119
153.30439042236404,160.12791794394371,109.19929528744365,opiates_purple,overcast,109,40,99
152.0253751580971,163.25605151230025,151.1177129747613,opiates_purple,harsh_direct,151,54,141
149.865570408541,192.09161705973352,121.35629766563727,opiates_purple,daylight,121,29,119
155.80756690494147,186.26730441250356,130.06176470508987,opiates_purple,fluorescent,130,35,108
147.82339323223442,191.98114897068513,107.66396394767187,opiates_purple,warm_indoor,104,26,107
151.7737313202383,187.83136933118706,118.05951042205479,opiates_purple,overcast,118,31,110
150.22638055014076,191.3640259807175,152.8931719168042,opiates_purple,harsh_direct,152,38,148
153.01151828439487,161.92595067338826,116.88295185893398,opiates_purple,daylight,116,42,107
151.77008019086293,168.30878083178388,146.50768548373134,opiates_purple,fluorescent,146,49,138
146.9261568517909,169.3046372875353,105.44123136620016,opiates_purple,warm_indoor,100,35,105
148.61657965700329,162.1166522337237,92.5527411173917,opiates_purple,overcast,91,33,92
151.497337197211,178.96825244250485,135.8667381204592,opiates_purple,harsh_direct,135,40,128
149.3021555585808,167.75774082991336,70.04217428613856,opiates_purple,daylight,70,23,69
148.94919467462975,158.13911121691598,86.9433585610483,opiates_purple,fluorescent,86,33,86
149.80327113492027,181.95694700521523,54.29409084526303,opiates_purple,warm_indoor,54,15,53
150.3909775460329,160.41498123461778,65.68016691485494,opiates_purple,overcast,65,24,63
148.47257773935158,162.2754498882164,93.47847633137269,opiates_purple,harsh_direct,92,33,93
150.02824384558951,200.7032272422594,141.48022960849332,opiates_purple,daylight,141,30,138
157.23356664798186,197.46118560474093,132.95495426452027,opiates_purple,fluorescent,132,30,105
150.43653516789172,201.85866567582858,105.9111339732698,opiates_purple,warm_indoor,105,22,102
152.05028442269787,193.5009603320001,121.31691734415648,opiates_purple,overcast,121,29,112
154.11081195521655,213.55938797031158,156.44677506048382,opiates_purple,harsh_direct,156,25,134
146.3768896661924,158.934248883643,108.59546153128859,opiates_purple,daylight,102,40,108
149.17304805513322,171.27267840969017,132.91965475141546,opiates_purple,fluorescent,132,43,132
143.7239828510853,175.72975184392195,92.0849372421239,opiates_purple,warm_indoor,80,28,92
151.50534665049628,162.15631065202558,90.50821050820244,opiates_purple,overcast,90,32,85
147.94081265834583,183.15506246445892,133.34649339539493,opiates_purple,harsh_direct,129,37,133
153.0290979748084,166.6230713549492,139.486562626162,opiates_purple,daylight,139,48,127
153.08927320177335,147.04785494020248,143.80203634896043,opiates_purple,fluorescent,143,60,132
148.58288633353166,181.04576634972997,117.94447159320207,opiates_purple,warm_indoor,116,34,117
152.04830800512534,166.26606934455447,108.66657143388338,opiates_purple,overcast,108,37,101
153.43803184561648,174.38326775461377,165.97952351412835,opiates_purple,harsh_direct,165,52,149
149.5358205364944,160.74364929167544,112.6207945333393,opiates_purple,daylight,112,41,111
149.6219164729325,164.3408312245377,110.1001279556093,opiates_purple,fluorescent,110,39,109
144.92489061126318,176.43348340593417,91.49700153674632,opiates_purple,warm_indoor,82,28,91
147.0473596927631,160.04534411310243,81.63918502121489,opiates_purple,overcast,77,30,81
151.63354647140991,176.5496103373933,117.4893827988054,opiates_purple,harsh_direct,117,36,110
152.63581454634087,199.68731510425752,107.63626487999318,opiates_purple,daylight,107,23,97
153.13430244330863,173.42248784040623,106.44980371333008,opiates_purple,fluorescent,106,34,96
149.27630271657887,197.94147531342364,94.78171154745847,opiates_purple,warm_indoor,94,21,94
152.40760990042568,180.27308258535723,94.03347400062115,opiates_purple,overcast,94,27,86
148.7255912711405,197.03484078692728,108.44657566040063,opiates_purple,harsh_direct,107,24,108
154.63998498229773,147.22709463631008,118.37886839967707,opiates_purple,daylight,118,50,105
154.06642402339895,142.53280653361236,125.85787992802149,opiates_purple,fluorescent,125,55,114
147.71047983345767,155.46129711833888,94.79257407007258,opiates_purple,warm_indoor,91,37,94
155.11817673811063,158.0528780834352,89.39221097077906,opiates_purple,overcast,89,33,78
152.92221654189552,157.28356308790964,130.56259601722834,opiates_purple,harsh_direct,130,50,120
151.66332198825617,224.5384159149176,88.32683300923861,opiates_purple,daylight,88,10,81
156.24461470851054,190.85687120838568,100.03341372287666,opiates_purple,fluorescent,100,25,82
152.11574613723326,236.45182719043459,82.22067323014518,opiates_purple,warm_indoor,82,5,74
151.1271285279587,207.93961431899228,70.9614921837753,opiates_purple,overcast,70,13,67
155.86431729061988,220.85226415954793,128.17649116892696,opiates_purple,harsh_direct,128,17,103
155.69315776202302,173.96260777334479,111.35068800364655,opiates_purple,daylight,111,35,94
155.37318084342272,144.12764301120933,121.52209450101653,opiates_purple,fluorescent,121,52,107
151.016313808715,180.04985332696802,111.08826628036519,opiates_purple,warm_indoor,111,32,106
159.08979925748125,166.9660497222502,98.91746674486063,opiates_purple,overcast,98,34,77
152.88448864148114,185.7643520818105,127.03042516347625,opiates_purple,harsh_direct,127,34,115
150.60190479871486,178.48895000628661,132.1346250287484,opiates_purple,daylight,132,39,127
156.8095151457842,160.10322493577866,155.03369162440148,opiates_purple,fluorescent,155,57,130
151.42434519378875,193.20219291234258,137.99463407935994,opiates_purple,warm_indoor,137,33,130
152.88139825678022,171.03912995349046,112.08563232193849,opiates_purple,overcast,112,36,102
154.38113175380292,179.96269704117876,159.36990681892144,opiates_purple,harsh_direct,159,46,139
152.45010288092772,211.93171713582484,115.7904333868975,opiates_purple,daylight,115,19,105
156.07960531343403,196.7468373728905,133.54156434279943,opiates_purple,fluorescent,133,30,109
148.95504772334186,205.37883567677468,97.14898308992346,opiates_purple,warm_indoor,96,18,97
151.59254794361226,178.99980441623475,98.58677996413124,opiates_purple,overcast,98,29,92
150.68696230432747,196.01026738333667,138.26710247686594,opiates_purple,harsh_direct,138,31,132
153.61234463464928,177.36528794559973,57.26742038130421,opiates_purple,daylight,57,17,51
152.93911783555055,184.3902959431639,80.06015378543154,opiates_purple,fluorescent,80,22,72
147.2401858975873,211.48624807108243,57.75422778068909,opiates_purple,warm_indoor,54,9,57
151.934850152506,175.95759049519063,62.171465484044674,opiates_purple,overcast,62,19,58
150.38801156218705,203.55061428398528,83.56224719740334,opiates_purple,harsh_direct,83,16,80
151.42722135984312,191.60367981474533,134.3189087588125,opiates_purple,daylight,134,33,126
154.6501715541429,178.91126650756797,150.59067476850333,opiates_purple,fluorescent,150,44,131
147.84120044036834,210.3651037999636,107.84150150271894,opiates_purple,warm_indoor,103,18,107
154.1648440148287,171.94627007547334,118.26788700646019,opiates_purple,overcast,118,38,104
151.91327538596073,191.9142125574824,149.77370449848857,opiates_purple,harsh_direct,149,37,139
149.5435143949134,196.1399318466155,78.71379606670129,opiates_purple,daylight,78,18,77
154.72274517910185,172.12359478147118,103.76932116067975,opiates_purple,fluorescent,103,33,90
155.0349105696107,195.6362342094936,82.79300554912953,opiates_purple,warm_indoor,82,19,70
157.03045621821067,184.93847983468717,75.58327913087281,opiates_purple,overcast,75,20,61
158.97248848107532,187.45026216468028,106.52086540048813,opiates_purple,harsh_direct,106,28,80
155.54416465513495,188.84620676973307,88.57752039830137,opiates_purple,daylight,88,22,74
154.98761675079632,174.57397371551926,106.75643704317574,opiates_purple,fluorescent,106,33,92
151.48602916525934,197.27852368008826,84.78395332439622,opiates_purple,warm_indoor,84,19,79
157.93182702911216,182.3367307259639,71.06080178778208,opiates_purple,overcast,71,20,56
156.39977837217754,186.18812359478162,109.84799111448432,opiates_purple,harsh_direct,109,29,90
153.14935976067787,148.41925502426912,104.8529127283757,opiates_purple,daylight,104,43,96
154.55110684771228,151.07430598715024,139.3999419728233,opiates_purple,fluorescent,139,56,124
151.45122722601258,181.59075563859147,108.6792708537554,opiates_purple,warm_indoor,108,31,102
153.33403727353416,151.11823103053229,83.48368376703611,opiates_purple,overcast,83,34,76
154.24030162128696,163.58282572140064,128.7882891471183,opiates_purple,harsh_direct,128,46,114
141.52185995249238,162.42668241296593,103.80533231362031,opiates_purple,daylight,86,37,103
149.58895056877137,161.717959914436,128.91342443517468,opiates_purple,fluorescent,128,47,127
140.9661947441194,183.46187248605804,107.67717434470208,opiates_purple,warm_indoor,86,30,107
143.43369498654909,168.71450884182087,86.88811488217507,opiates_purple,overcast,75,29,86
142.2859303784566,189.7400126440024,148.50465578089091,opiates_purple,harsh_direct,123,38,148
152.75984662368708,159.35429604779554,82.1342788537427,opiates_purple,daylight,82,30,75
156.31034962196162,157.62134580421193,111.52936538581478,opiates_purple,fluorescent,111,42,95
147.35582266073848,163.76059943707963,107.41073416903548,opiates_purple,warm_indoor,103,38,107
153.0669201594849,166.85881222150238,91.12319355936589,opiates_purple,overcast,91,31,83
155.2721004835607,184.54994232003062,124.24396822590037,opiates_purple,harsh_direct,124,34,105
153.8306620891284,209.8852862441962,67.69236295098801,opiates_purple,daylight,67,11,58
155.69670221337026,197.21024927625606,79.2201635362421,opiates_purple,fluorescent,79,17,65
151.3148256427904,215.92239015834713,58.33263091633924,opiates_purple,warm_indoor,58,8,54
154.13832955942792,204.60443208817227,41.24946652462246,opiates_purple,overcast,41,8,35
154.95712555889864,221.97638677070918,99.99830837591256,opiates_purple,harsh_direct,99,12,83
145.29085315954276,200.26213316664868,99.68447056475357,opiates_purple,daylight,89,21,99
149.1454209029918,195.46248058290237,123.01303338419818,opiates_purple,fluorescent,122,28,123
144.95863577493816,192.3383523609187,102.08107337445446,opiates_purple,warm_indoor,91,25,102
148.64827393759413,190.2183095682985,76.06887425124224,opiates_purple,overcast,75,19,76
148.92243192905383,195.46564222663784,131.33109873928737,opiates_purple,harsh_direct,130,30,131
161.48080207745159,197.2300110843065,128.28621264554837,opiates_purple,daylight,128,29,87
161.9421768531721,188.61136388644502,164.79766992101636,opiates_purple,fluorescent,164,42,112
154.64058810541331,199.50423043589342,110.27972011053278,opiates_purple,warm_indoor,110,24,94
160.68865120466808,192.7144021570197,108.35765390010606,opiates_purple,overcast,108,26,76
157.23060588116093,210.73204624955838,145.2427750592002,opiates_purple,harsh_direct,145,25,112
155.41655313774325,192.1326939082073,132.44697195272866,opiates_purple,daylight,132,32,111
155.18555069754387,182.56069242743345,153.24466703012712,opiates_purple,fluorescent,153,43,131
149.2964220954311,193.78845648328416,129.78030731471824,opiates_purple,warm_indoor,129,31,129
153.92562899880593,183.29838739561148,120.06752462731463,opiates_purple,overcast,120,33,106
150.51933775906122,199.74391170769337,159.63270561585367,opiates_purple,harsh_direct,159,34,153
157.12959889232172,169.3979095350646,94.48901051963017,opiates_purple,daylight,94,31,77
157.72940445659012,157.81288075211089,116.01306551591065,opiates_purple,fluorescent,116,44,95
152.82086145686648,175.34512749694025,109.95509165665645,opiates_purple,warm_indoor,109,34,100
153.08296357512694,164.54477828789473,73.7114555313902,opiates_purple,overcast,73,26,67
158.13173702794654,166.4666536008477,113.87160892997528,opiates_purple,harsh_direct,113,39,91
152.98103327651685,157.63292985926964,100.2661493214416,opiates_purple,daylight,100,38,92
150.65391797245258,143.37075922497274,118.44192056576682,opiates_purple,fluorescent,118,51,115
147.7391354636117,169.73635801577868,90.38387996481632,opiates_purple,warm_indoor,87,30,90
150.796146142279,144.8461651925102,79.78674811560343,opiates_purple,overcast,79,34,77
151.8926097271089,163.0971968369968,129.5964560632371,opiates_purple,harsh_direct,129,46,122
151.8623655655112,209.01216473354114,128.33301848004544,opiates_purple,daylight,128,23,118
154.78292233531616,195.57798731863042,140.99622258592584,opiates_purple,fluorescent,140,32,120
146.6398347385734,213.68651176162132,125.02099075973977,opiates_purple,warm_indoor,116,20,125
150.16577571466135,191.67341862514928,97.52073539253419,opiates_purple,overcast,97,24,95
149.07043471016607,217.25495910768723,151.29526154449664,opiates_purple,harsh_direct,150,22,151
155.46539529898854,151.45184180787237,83.5317564162683,opiates_purple,daylight,83,33,73
153.52169098172251,163.02807079851056,111.92285646036075,opiates_purple,fluorescent,111,40,101
153.3988993396083,170.23215999804708,87.85665825162366,opiates_purple,warm_indoor,87,29,79
156.44789781975854,161.79190810775293,61.29960451431977,opiates_purple,overcast,61,22,51
155.68512769822573,159.1474444745207,121.65849416179879,opiates_purple,harsh_direct,121,45,105
159.84078199748907,210.49415407820283,87.8947550872553,opiates_purple,daylight,87,15,61
160.54834052569186,182.9226901654157,86.55341100007168,opiates_purple,fluorescent,86,24,62
156.03820718527214,226.62027338331987,76.67631559010294,opiates_purple,warm_indoor,76,8,60
160.69576976256377,194.99817073342038,61.495188466502256,opiates_purple,overcast,61,14,43
156.26427164444524,211.46259965425097,94.49635891885914,opiates_purple,harsh_direct,94,16,75
148.64668194777423,200.2915933844549,98.94624966499241,opiates_purple,daylight,97,21,98
157.37550825922813,183.75979937165852,117.74163375020174,opiates_purple,fluorescent,117,32,94
151.04869942650382,193.91829729917177,87.0157078366315,opiates_purple,warm_indoor,87,20,82
150.33419141157077,191.46420859379168,81.33764367156587,opiates_purple,overcast,81,20,78
150.06677575056446,194.20843559836734,119.61407935607444,opiates_purple,harsh_direct,119,28,116
155.91993456533024,167.3166596062298,95.36215417607174,opiates_purple,daylight,95,32,81
157.77829785997022,161.1046657218949,112.36163624332423,opiates_purple,fluorescent,112,41,91
154.41107981785126,172.10578224417188,105.76095829607347,opiates_purple,warm_indoor,105,34,93
159.86306756733424,168.21555806358407,92.69902864561574,opiates_purple,overcast,92,31,70
158.1492053297598,182.63015888253756,126.38153911332739,opiates_purple,harsh_direct,126,35,99
148.96483574140885,181.79063799768355,85.14358112514915,opiates_purple,daylight,84,24,85
144.6152076890246,163.87189617727827,116.47782213945649,opiates_purple,fluorescent,105,41,116
142.84544147118223,187.30443385196162,85.8087064686903,opiates_purple,warm_indoor,72,22,85
150.6468990072942,177.1934833409622,90.43064493211105,opiates_purple,overcast,90,27,87
146.83118713371243,188.4848695748807,106.11802487079689,opiates_purple,harsh_direct,99,27,106
150.40914976952214,182.1168299494974,66.40562796426879,opiates_purple,daylight,66,18,64
150.0710699284038,180.30046119776057,77.85740017725529,opiates_purple,fluorescent,77,22,76
138.30877092672407,197.33806213797405,58.50235975102614,opiates_purple,warm_indoor,42,13,58
145.69098509681666,174.16330978031573,51.59716865335841,opiates_purple,overcast,47,16,51
148.24382580567817,187.2803188429798,97.37761587282345,opiates_purple,harsh_direct,95,25,97
145.31191094475497,169.7531171412457,95.26273332906085,opiates_purple,daylight,87,31,95
145.41731671304225,159.56761657386298,119.56306127898033,opiates_purple,fluorescent,110,44,119
140.50979368254812,175.03140142331654,98.46862904420155,opiates_purple,warm_indoor,78,30,98
144.16819213332033,182.27742438104966,78.85331735003082,opiates_purple,overcast,69,22,78
147.98664488072004,181.63450860913676,136.03042354821974,opiates_purple,harsh_direct,132,39,136
152.06950701441178,180.78622094630953,120.32054507715056,opiates_purple,daylight,120,35,112
155.5291302091175,166.05481331887358,130.8023571208187,opiates_purple,fluorescent,130,45,112
149.0765858579477,173.27679989827,117.65555978422735,opiates_purple,warm_indoor,117,37,117
155.43441716367482,188.7866793694651,93.14431826838997,opiates_purple,overcast,93,24,78
150.43116207410608,184.0281418360735,147.24365790244462,opiates_purple,harsh_direct,147,40,142
156.75028272879644,187.15608491618713,112.84535803669479,opiates_purple,daylight,112,30,91
160.34687401458072,168.93730225826167,110.72065804775762,opiates_purple,fluorescent,110,37,83
154.18136423719338,206.70006733344914,95.48702044954831,opiates_purple,warm_indoor,95,18,82
156.83472069338848,175.61688271348132,77.54469003382427,opiates_purple,overcast,77,24,63
155.30165271149954,189.23091587567097,144.75780826268533,opiates_purple,harsh_direct,144,37,122
149.82348603370227,176.75721873894793,55.534819947498896,opiates_purple,daylight,55,17,54
148.7838930328768,172.88061453461466,87.38183114772218,opiates_purple,fluorescent,86,28,87
146.06427335288546,198.48474936910702,55.55895917548128,opiates_purple,warm_indoor,51,12,55
153.80979204666886,157.9043162400882,41.088713535873175,opiates_purple,overcast,41,15,37
149.5041018456768,177.4303222459884,105.55532914073216,opiates_purple,harsh_direct,105,32,104
152.24341509755982,177.81820512631893,86.79621280955709,opiates_purple,daylight,86,26,80
152.20486622398084,170.21989356716702,116.82866188964674,opiates_purple,fluorescent,116,38,108
148.85305153658578,202.75976829338816,78.47041957574979,opiates_purple,warm_indoor,77,16,78
150.80630004269202,164.85439871399996,62.08868279594655,opiates_purple,overcast,62,21,59
152.12764036702157,191.06781773102912,124.85884096849361,opiates_purple,harsh_direct,124,31,115
149.7084105637973,181.9788303710892,101.51632829643293,opiates_purple,daylight,101,29,100
150.49375661647474,169.287089573739,109.91728806217581,opiates_purple,fluorescent,109,36,106
147.09020791123385,207.57106810427194,94.68866518769087,opiates_purple,warm_indoor,89,17,94
150.0612228670234,194.37458777429208,78.48138309871916,opiates_purple,overcast,78,18,76
150.5399870073813,201.16655160202941,127.03802666156625,opiates_purple,harsh_direct,127,26,122
161.6758082190288,184.0988578884218,136.33204982049776,opiates_purple,daylight,136,37,95
162.3031821511036,177.68480863084503,128.6634330762788,opiates_purple,fluorescent,128,39,89
157.47124514112286,192.2337118050553,99.61787569215757,opiates_purple,warm_indoor,99,24,78
161.75933832430243,181.1609902662187,100.6055152548168,opiates_purple,overcast,100,29,70
158.20963725981807,197.29190724838134,152.69385511407185,opiates_purple,harsh_direct,152,34,116
151.76108334659827,192.61866518193466,85.47134441829458,opiates_purple,daylight,85,20,79
154.90161722331536,166.1608997528601,87.79941636493588,opiates_purple,fluorescent,87,30,76
154.45218717407366,191.32689185716808,72.3207295424118,opiates_purple,warm_indoor,72,18,62
154.40621629618562,169.55699179334232,44.12543460830554,opiates_purple,overcast,44,14,38
153.30408580848214,170.63786661665438,98.59073600577028,opiates_purple,harsh_direct,98,32,89
155.8509059189,168.69056696834113,113.05117007321014,opiates_purple,daylight,113,38,96
157.14427924982908,161.4550989517422,119.58126113276958,opiates_purple,fluorescent,119,43,99
149.67936321668577,164.5097866398185,100.29540290080831,opiates_purple,warm_indoor,100,35,99
153.72221885627786,168.11275579623646,85.86151035046944,opiates_purple,overcast,85,29,77
155.493423322679,155.49238627263404,117.22203912925504,opiates_purple,harsh_direct,117,45,102
155.28679405299184,161.62007542687616,66.97272160323892,opiates_purple,daylight,66,24,58
152.34656103078055,165.9604455447409,90.05673133904881,opiates_purple,fluorescent,90,31,83
150.19813690754123,178.44335438374972,60.906590953498366,opiates_purple,warm_indoor,60,18,59
156.47937948070037,162.05525047943175,68.103878563472,opiates_purple,overcast,68,24,57
153.16618119439687,183.29786978408978,96.38577201089554,opiates_purple,harsh_direct,96,27,87
152.11079489216223,194.23081327005468,83.04911183382366,opiates_purple,daylight,83,19,76
154.65930769507287,170.67157793986564,98.53968342488999,opiates_purple,fluorescent,98,32,86
141.78525579250615,194.55670285912427,78.30389162447564,opiates_purple,warm_indoor,63,18,78
151.59675216875218,186.16099078246785,66.04919811768907,opiates_purple,overcast,66,17,62
150.7490817299966,191.76785572715377,104.5347577977125,opiates_purple,harsh_direct,104,25,100
157.19920972558177,145.19945740822888,77.26914544784727,opiates_purple,daylight,77,33,65
156.84689481955795,145.89069046851048,92.21357928948886,opiates_purple,fluorescent,92,39,78
150.179781022677,172.16308236573352,68.37120067884344,opiates_purple,warm_indoor,68,22,66
155.72373926161677,134.05217071867878,54.396252178491565,opiates_purple,overcast,54,25,48
154.64339189300904,160.67351812457076,117.40728660072175,opiates_purple,harsh_direct,117,43,103
159.29642109884213,196.05245546456314,95.67709747245371,opiates_purple,daylight,95,22,70
160.0829788725468,177.16283976706066,117.90196290826766,opiates_purple,fluorescent,117,35,87
157.53097696538947,206.01828999490968,89.83834520848956,opiates_purple,warm_indoor,89,17,69
156.17518529922245,195.581058333732,94.7450545697963,opiates_purple,overcast,94,22,77
152.94994605262613,209.01301706272085,119.97956178677215,opiates_purple,harsh_direct,119,21,107
140.60025911367106,179.02200180473648,79.96729713321145,opiates_purple,daylight,63,23,79
151.6339328003414,179.9766788485994,107.0885581849925,opiates_purple,fluorescent,107,31,100
143.07693050519657,200.42198399045404,78.1456598038958,opiates_purple,warm_indoor,65,16,78
145.50457675921314,169.44100759491664,81.67566470301531,opiates_purple,overcast,75,27,81
145.91491559056135,197.0742630724492,98.6374576566362,opiates_purple,harsh_direct,90,22,98
155.5338121614138,167.77049400767584,73.22062744546714,opiates_purple,daylight,73,25,62
156.10547230891237,174.6645551663576,101.10299221692601,opiates_purple,fluorescent,101,31,84
153.03450021180115,180.77130602016618,42.42912650242444,opiates_purple,warm_indoor,42,12,38
158.86441994711697,169.44911812264638,51.36392845273669,opiates_purple,overcast,51,17,40
155.19513259303736,182.97079707670738,110.2904548580996,opiates_purple,harsh_direct,110,31,94
158.37070952097505,202.83359075409916,97.85974911002856,opiates_purple,daylight,97,20,73
160.86693953359386,184.47326759339683,103.69437893892379,opiates_purple,fluorescent,103,28,74
156.28506199202477,209.5352505739235,88.51276403732392,opiates_purple,warm_indoor,88,15,71
160.96133927382576,183.6402742794474,72.94757804145061,opiates_purple,overcast,72,20,52
156.79300225757052,207.35706520546557,110.78987539934886,opiates_purple,harsh_direct,110,20,87
150.58522201153673,160.25520601708456,92.01622819752664,opiates_purple,daylight,92,34,89
151.60485124792282,156.8322390631541,100.62375067365585,opiates_purple,fluorescent,100,38,95
152.89847974377557,178.99973771022135,81.26271214662395,opiates_purple,warm_indoor,81,24,74
153.29384359784808,162.01057662329126,61.42368944541184,opiates_purple,overcast,61,22,56
151.66268698990964,175.97910998816607,108.66370959958508,opiates_purple,harsh_direct,108,33,102
154.42722599187505,152.51947983103193,105.08490665757114,opiates_purple,daylight,105,42,94
161.2571277066683,154.1062916015894,132.63016141827742,opiates_purple,fluorescent,132,52,100
154.16495334017566,166.0657621641112,87.2315004486736,opiates_purple,warm_indoor,87,30,77
159.2791015750966,152.36110155800117,84.18162556621097,opiates_purple,overcast,84,33,67
155.64257299384948,162.64299204984582,118.14903708471635,opiates_purple,harsh_direct,118,42,101
148.22480181798804,136.8502122529925,113.39689789762645,opiates_purple,daylight,111,52,113
150.6128701156944,141.92342583408575,127.00069692871283,opiates_purple,fluorescent,127,56,123
146.22499039902544,157.24901282415937,101.95828172095491,opiates_purple,warm_indoor,95,39,101
153.80794508679583,141.6754003397017,95.7461062771903,opiates_purple,overcast,95,42,87
149.20879424250484,169.5432326406376,138.8866177120991,opiates_purple,harsh_direct,138,46,138
157.92676519151948,205.50136287993848,77.62542139148734,opiates_purple,daylight,77,15,59
164.2787196147388,197.2919920524332,107.35157147979457,opiates_purple,fluorescent,107,24,65
156.24589110311936,207.56896360004777,75.82143681563923,opiates_purple,warm_indoor,75,14,61
161.06995515894752,208.5631429437818,62.1483827514349,opiates_purple,overcast,62,11,41
160.37802459026793,208.99952966423845,112.41127228760101,opiates_purple,harsh_direct,112,20,77
154.05820086305513,191.00542248030075,80.59315749604113,opiates_purple,daylight,80,20,70
152.63709835455379,173.16943094155678,100.90542205353145,opiates_purple,fluorescent,100,32,92
147.4389169407835,195.62143879388194,84.1032989942778,opiates_purple,warm_indoor,80,19,84
151.57010930612913,172.0375058960809,63.070602870001736,opiates_purple,overcast,63,20,59
149.5939349174202,180.81231789227786,110.38087144209427,opiates_purple,harsh_direct,110,32,109
156.43228064918958,205.41547677306806,113.16451937172874,opiates_purple,daylight,113,22,90
160.21925589157968,170.460163538725,135.1678983373492,opiates_purple,fluorescent,135,44,101
156.0438883419027,196.05712402395844,107.40729964356537,opiates_purple,warm_indoor,107,24,88
158.51772771529963,174.47170894537015,106.56855769804406,opiates_purple,overcast,106,33,83
160.3993741658168,186.47891072671857,157.3485098833915,opiates_purple,harsh_direct,157,42,114
159.90809040504547,189.35756707097445,114.89590675146947,opiates_purple,daylight,114,29,84
157.58105417504453,163.37494005557758,126.9759357888274,opiates_purple,fluorescent,126,45,104
150.99264168262758,181.4314170234353,105.73991267720645,opiates_purple,warm_indoor,105,30,101
157.7916270070557,180.3680775145416,91.08077568937267,opiates_purple,overcast,91,26,72
152.53966463902714,174.87004716999087,150.53026815732025,opiates_purple,harsh_direct,150,47,138
161.6379218609567,192.89330381038084,113.99893554906392,opiates_purple,daylight,113,27,77
165.20267337506027,183.7347070599973,141.69676603820537,opiates_purple,fluorescent,141,39,86
156.86306126591882,204.51280993026805,95.84084922653715,opiates_purple,warm_indoor,95,18,76
160.66442831748844,196.41915720368922,82.9898559564963,opiates_purple,overcast,82,19,58
160.84077533704496,191.54930116159676,126.53435697063962,opiates_purple,harsh_direct,126,31,89
165.18796308010207,180.39557407127336,104.39494120720681,opiates_purple,daylight,104,30,64
161.78027681534718,186.69265660396388,120.89986348935834,opiates_purple,fluorescent,120,32,83
160.17952755730644,195.18360692363592,91.78630272218167,opiates_purple,warm_indoor,91,21,65
163.64915139213613,181.17901973031616,90.28025786323349,opiates_purple,overcast,90,26,59
163.37685379510967,189.17731943449826,137.8375701760884,opiates_purple,harsh_direct,137,35,89
156.0730087793852,182.32802531408961,113.81462695516389,opiates_purple,daylight,113,32,94
160.20024591767123,185.26153068197638,118.91615344502321,opiates_purple,fluorescent,118,32,86
154.02626233692382,186.245882966191,99.97852018254792,opiates_purple,warm_indoor,99,26,88
160.50285313234772,184.53678726846695,92.45255000648054,opiates_purple,overcast,92,25,67
154.43369037316847,200.23731616647007,144.49163950954613,opiates_purple,harsh_direct,144,31,124
159.50980543230295,208.46542351187819,93.8711179156133,opiates_purple,daylight,93,17,67
161.32892167406035,192.9477536071019,100.18816835523779,opiates_purple,fluorescent,100,24,69
154.92244337849513,211.41403765363074,81.06364606280643,opiates_purple,warm_indoor,81,13,68
162.15876189696192,203.77913954232596,52.984763033649614,opiates_purple,overcast,52,10,34
156.4147266186628,206.23354872623744,118.36277457429863,opiates_purple,harsh_direct,118,22,95
152.95446061694878,201.1382781128482,116.30070943162549,opiates_purple,daylight,116,24,104
153.4442604823776,201.39348559397973,125.45490802701794,opiates_purple,fluorescent,125,26,111
149.58958159835817,222.07298011959102,100.35378034091185,opiates_purple,warm_indoor,100,12,99
154.1549046465367,204.19350560024824,88.9830100244953,opiates_purple,overcast,88,17,77
150.38708226592627,220.14229372219086,135.27545974634523,opiates_purple,harsh_direct,135,18,130
156.09064370200988,147.65987443700888,135.45191101739067,opiates_purple,daylight,135,57,117
161.79358319445063,154.70098545925686,149.20904864032366,opiates_purple,fluorescent,149,58,110
153.82648946452576,165.3674826679322,132.52565294007863,opiates_purple,warm_indoor,132,46,119
157.989879948996,140.97869590965877,104.72902884027496,opiates_purple,overcast,104,46,87
154.07249003888577,153.68283374307657,171.40569535606753,opiates_purple,harsh_direct,171,68,154
145.6541722664776,159.14048638097665,96.73118925495834,opiates_purple,daylight,89,36,96
148.55468889770935,148.9650103292133,104.52601130161516,opiates_purple,fluorescent,103,43,104
148.62400654079906,180.68234413769716,93.28643908527869,opiates_purple,warm_indoor,92,27,93
149.7082617952387,177.16990752597872,78.21654771202104,opiates_purple,overcast,78,23,77
147.31363398823868,175.46564164848365,129.2742419490141,opiates_purple,harsh_direct,123,40,129
159.49684165683001,168.92447197431028,104.46774780736762,opiates_purple,daylight,104,35,80
154.49065948478463,166.21937102606643,133.74119287181213,opiates_purple,fluorescent,133,46,118
155.60700708832286,176.47186909261148,108.34570209193947,opiates_purple,warm_indoor,108,33,92
155.24961962964753,164.87772194564945,93.51553338277745,opiates_purple,overcast,93,33,81
153.97151890083745,180.47390050218914,125.37889875210467,opiates_purple,harsh_direct,125,36,111
153.82158834188235,160.37155512026484,97.32855809497622,opiates_purple,daylight,97,36,87
156.6582361403229,153.66165264628813,110.1134129045534,opiates_purple,fluorescent,110,43,93
151.3345159192246,191.18405604599332,91.8500844680305,opiates_purple,warm_indoor,91,22,86
157.65197783813565,153.5217832378564,75.70537086406242,opiates_purple,overcast,75,30,62
151.95023653904002,187.15225036480354,131.0305782310315,opiates_purple,harsh_direct,131,34,122
159.06632637249675,166.2699436224963,113.12230720428393,opiates_purple,daylight,113,39,88
162.96209685567027,170.64450161892506,133.11137587886142,opiates_purple,fluorescent,133,44,91
157.51697874469954,185.4773772749173,110.13590914211676,opiates_purple,warm_indoor,110,30,87
158.4309606981764,178.89632076234128,85.93319868635167,opiates_purple,overcast,85,25,67
160.3906717343042,192.87123638365932,145.83568822644517,opiates_purple,harsh_direct,145,35,104
156.9415829842913,167.00302808763794,110.40596452212546,opiates_purple,daylight,110,38,91
153.8850327839223,164.22171534509692,138.67429832415579,opiates_purple,fluorescent,138,49,124
148.5554299388397,171.74522077263867,100.85012615397467,opiates_purple,warm_indoor,99,32,100
152.6241622540079,162.05968499083775,100.24202521350247,opiates_purple,overcast,100,36,92
157.50579342162234,173.02962690416328,153.0312882890618,opiates_purple,harsh_direct,153,49,124
150.1298347200772,160.03047099705392,120.97192667895892,opiates_purple,daylight,120,45,118
146.14484811112575,171.29901001867893,146.2837396483526,opiates_purple,fluorescent,136,48,146
145.8605867241629,179.40677056929803,119.72347103461637,opiates_purple,warm_indoor,110,35,119
151.88271554424867,158.80313818214398,94.96276953273033,opiates_purple,overcast,94,35,89
150.39131211059228,169.9477360247703,143.58085840946177,opiates_purple,harsh_direct,143,47,139
151.79120077665283,193.36853223216275,97.19555351300154,opiates_purple,daylight,97,23,90
155.97296303601885,171.08024941702493,109.98486391232653,opiates_purple,fluorescent,109,36,93
148.71763105661933,194.66126058173722,88.23360801175029,opiates_purple,warm_indoor,87,20,88
149.732558300445,190.51277070615757,74.04425918789241,opiates_purple,overcast,74,18,72
150.27042436922736,190.78100688019953,125.58496519952652,opiates_purple,harsh_direct,125,31,122
154.25465943042352,154.2096401171052,101.307263533047,opiates_purple,daylight,101,40,90
160.37599607729427,130.82603205314402,125.74518968843677,opiates_purple,fluorescent,125,61,101
155.62940501722667,136.43825437757002,105.28687738378082,opiates_purple,warm_indoor,105,48,93
158.00548576282964,149.78446169450459,98.18312011621634,opiates_purple,overcast,98,40,81
158.64471623058856,167.66151465020067,128.85761718606437,opiates_purple,harsh_direct,128,44,101
150.95543440103606,180.22398764799172,85.56508041041425,opiates_purple,daylight,85,25,81
159.04702737378017,173.1784500438231,101.42168600398625,opiates_purple,fluorescent,101,32,78
155.71237013915606,174.47501828179657,76.4573843008316,opiates_purple,warm_indoor,76,24,64
160.19708158304516,182.68162896656304,52.995143364897885,opiates_purple,overcast,52,15,38
155.14029352395175,184.9355165435268,121.34889039616195,opiates_purple,harsh_direct,121,33,103
160.5516791266168,167.84530514544272,87.66025902440406,mdma_purple_black,daylight,87,29,65
163.88836799723742,150.0788437221411,94.9701111397403,mdma_purple_black,fluorescent,94,39,67
156.7916421935018,174.91086618128713,72.41907359904042,mdma_purple_black,warm_indoor,72,22,59
161.39156379846966,151.4865823452508,60.58996175182385,mdma_purple_black,overcast,60,24,45
158.9451631852889,166.0741775696747,102.33407538268722,mdma_purple_black,harsh_direct,102,35,80
160.08828757678575,185.1714598272618,82.727973551322,mdma_purple_black,daylight,82,22,60
156.08847775634106,173.56432646117943,79.0709431732067,mdma_purple_black,fluorescent,79,25,66
154.6781388154002,189.4357249940265,74.08179517945425,mdma_purple_black,warm_indoor,74,19,63
165.11124448228625,173.9136971829017,48.059165455427646,mdma_purple_black,overcast,48,15,30
159.4319075179519,190.55046401627598,104.94380894499145,mdma_purple_black,harsh_direct,104,26,77
154.9447349288296,174.13881993203475,70.39513747291537,mdma_purple_black,daylight,70,22,61
157.325854243942,169.9994324159862,78.01059405683658,mdma_purple_black,fluorescent,78,26,63
155.47681585755433,185.84078715312182,64.47447211321636,mdma_purple_black,warm_indoor,64,17,54
163.87631207215364,188.09014240560148,49.70953940374182,mdma_purple_black,overcast,49,13,31
157.48032457187296,195.33339249630777,96.97874858963822,mdma_purple_black,harsh_direct,96,22,76
157.44519418277739,172.48354787558404,76.66228958002905,mdma_purple_black,daylight,76,24,62
158.67201897339973,171.32424569832227,111.82051568341923,mdma_purple_black,fluorescent,111,36,87
155.7191753224301,183.91945070619488,76.81631721285378,mdma_purple_black,warm_indoor,76,21,64
156.00711075986405,179.18460609632055,52.504670146617855,mdma_purple_black,overcast,52,15,44
155.8204284025371,186.14860503657832,119.79389758299234,mdma_purple_black,harsh_direct,119,32,100
155.24996054300658,168.85072991095896,17.178260581577526,mdma_purple_black,daylight,17,5,14
159.58346199421922,157.90915201817504,22.073952299453193,mdma_purple_black,fluorescent,22,8,17
147.58796116966434,178.2874048689545,0.0,mdma_purple_black,warm_indoor,0,0,0
154.36639921487972,171.86858793788375,1.6431245511387564,mdma_purple_black,overcast,1,0,1
157.32602745091882,175.8433019514922,40.43330859178457,mdma_purple_black,harsh_direct,40,12,32
159.47296596922902,176.93642123271513,42.459105727353304,mdma_purple_black,daylight,42,12,32
162.5348414245347,163.46545635143593,42.064102136079235,mdma_purple_black,fluorescent,42,15,29
159.3031385025876,213.7889496120166,20.56024261657069,mdma_purple_black,warm_indoor,20,3,14
159.5429559366823,184.62832041677473,9.348509915856711,mdma_purple_black,overcast,9,2,6
158.57998746206735,202.93949584004324,54.80277876252296,mdma_purple_black,harsh_direct,54,11,41
158.05558017510793,147.0780678205997,77.77458486362292,mdma_purple_black,daylight,77,32,64
160.38191035155413,151.23452978789834,90.92251277072798,mdma_purple_black,fluorescent,90,36,70
153.27214563200363,154.79812056368198,46.469119093814435,mdma_purple_black,warm_indoor,46,18,42
159.97368554672946,172.86927382396752,28.971548588477955,mdma_purple_black,overcast,28,9,21
157.19038611564955,157.12378116953266,105.89577282272964,mdma_purple_black,harsh_direct,105,40,88
149.9204523179663,173.27456531836594,16.582725471803638,mdma_purple_black,daylight,16,5,16
161.25391587408106,152.72168150216612,43.751514688602654,mdma_purple_black,fluorescent,43,17,33
152.1631457582077,186.1794073782093,14.9242268891111,mdma_purple_black,warm_indoor,14,4,13
155.82380602943715,171.5675353628193,4.677537201147288,mdma_purple_black,overcast,4,1,3
153.82528215508393,178.72473785582704,34.50146877451788,mdma_purple_black,harsh_direct,34,10,30
160.03979871619546,190.73921424887467,37.488566062027026,mdma_purple_black,daylight,37,9,27
158.9120855096428,187.29760595332198,68.81190166706924,mdma_purple_black,fluorescent,68,18,52
151.88266643868528,196.62181445253722,37.83424431339951,mdma_purple_black,warm_indoor,37,8,35
160.56401396220505,184.8523033588859,31.481252412821075,mdma_purple_black,overcast,31,8,22
156.88127839848025,192.51227159809386,84.40339489465424,mdma_purple_black,harsh_direct,84,20,67
157.14725390196645,113.63454369315045,85.12923786860843,mdma_purple_black,daylight,85,47,74
161.84864061774536,132.926581911752,105.32082891019117,mdma_purple_black,fluorescent,105,50,81
153.06742144443368,148.76903813116314,73.45234357494098,mdma_purple_black,warm_indoor,73,30,67
160.83180175504503,127.07545963485657,57.8101520082983,mdma_purple_black,overcast,57,29,46
158.42604844621175,137.70448941307833,105.23448136107356,mdma_purple_black,harsh_direct,105,48,87
155.24994405504978,145.80328904805208,80.49796328094337,mdma_purple_black,daylight,80,34,71
159.02152572996062,128.39774566529658,91.67291037357195,mdma_purple_black,fluorescent,91,45,76
150.42398937907186,142.87088638301793,60.318258775374275,mdma_purple_black,warm_indoor,60,26,58
154.83097624027369,141.52105113946192,54.85178772128529,mdma_purple_black,overcast,54,24,49
153.2823091071846,166.4259535123523,108.59941246049699,mdma_purple_black,harsh_direct,108,37,98
156.891012053926,174.28379873555852,66.7895019777736,mdma_purple_black,daylight,66,21,54
156.7700790331821,156.3412981137327,95.77529340556198,mdma_purple_black,fluorescent,95,37,80
150.99560721478295,169.03672392320297,64.25948890590148,mdma_purple_black,warm_indoor,64,21,61
157.71057331750117,166.5908018368613,51.96285207783926,mdma_purple_black,overcast,51,18,42
155.3584049631325,152.982669888054,112.90589137598383,mdma_purple_black,harsh_direct,112,45,98
160.43130367824662,160.28660396824796,45.308004591171084,mdma_purple_black,daylight,45,16,34
160.68455270421958,150.5299588433868,55.54212230397872,mdma_purple_black,fluorescent,55,22,42
157.45282033883782,156.74697336190457,33.125571169204555,mdma_purple_black,warm_indoor,33,12,27
161.0062111216287,165.69905694309003,24.053296434347196,mdma_purple_black,overcast,24,8,17
159.5493677148263,160.02941747878495,65.34209578015852,mdma_purple_black,harsh_direct,65,24,51
154.7893408314796,128.2137461264683,65.85372775173798,mdma_purple_black,daylight,65,32,59
150.48071845640544,131.29150475214604,98.54345356543773,mdma_purple_black,fluorescent,98,47,96
151.19645912820465,132.20376035731263,60.87961125408886,mdma_purple_black,warm_indoor,60,29,58
157.1147079072282,130.77269701136933,41.203528070778404,mdma_purple_black,overcast,41,20,35
155.79537469307027,148.07362543029643,99.81783297306185,mdma_purple_black,harsh_direct,99,41,86
158.57644020896538,156.06918067453282,70.18297900983914,mdma_purple_black,daylight,70,27,56
163.07281394868085,148.0464859013675,70.93195856166305,mdma_purple_black,fluorescent,70,29,51
155.26895235276726,158.94139672655572,68.27536392439323,mdma_purple_black,warm_indoor,68,25,59
161.03813111604404,148.80146656544508,46.679003296886755,mdma_purple_black,overcast,46,19,35
161.64683805106486,160.13561756488573,94.54460759283415,mdma_purple_black,harsh_direct,94,35,69
159.62956357569288,182.9272935594952,75.52768524920576,mdma_purple_black,daylight,75,21,56
165.40408810443003,167.5952765054217,78.68173608476175,mdma_purple_black,fluorescent,78,26,50
162.28264069230755,186.38759385000935,46.38422254641954,mdma_purple_black,warm_indoor,46,12,31
161.02529724990308,172.5268014040956,40.20860668113626,mdma_purple_black,overcast,40,13,29
164.23238841628182,184.95701015509815,93.55694030748634,mdma_purple_black,harsh_direct,93,25,59
154.22645505336016,179.5142534741537,56.494212292732186,mdma_purple_black,daylight,56,16,49
158.9604898202247,172.23240560668637,53.31005898734867,mdma_purple_black,fluorescent,53,17,41
153.51746094511415,178.28472173010914,25.79012625558273,mdma_purple_black,warm_indoor,25,7,23
158.9986825690597,168.17197462800283,31.812726446803172,mdma_purple_black,overcast,31,10,24
153.91705060659754,185.00467467159532,64.39225101076057,mdma_purple_black,harsh_direct,64,17,56
154.6583642245572,184.1000116723475,56.17997933254061,mdma_purple_black,daylight,56,15,48
157.32847586480293,170.6095884781565,72.09344234566198,mdma_purple_black,fluorescent,72,23,58
150.04129586947093,176.8759288990991,28.595088552648168,mdma_purple_black,warm_indoor,28,8,28
156.59285512001819,163.5333781148192,29.659167785877855,mdma_purple_black,overcast,29,10,24
155.91476822095234,183.1718447585327,99.70691401146287,mdma_purple_black,harsh_direct,99,28,83
157.08808130572172,173.760361249824,16.658985945253406,mdma_purple_black,daylight,16,5,13
167.45925783209566,155.48272054790093,31.9057915508922,mdma_purple_black,fluorescent,31,12,19
155.33881745022123,182.81019507317794,9.209193260468101,mdma_purple_black,warm_indoor,9,2,7
161.73653547273742,179.59324965531883,0.0,mdma_purple_black,overcast,0,0,0
160.04170908477212,185.81652948834267,47.06209117510584,mdma_purple_black,harsh_direct,47,12,34
155.71782617355555,186.19762859679238,52.08083799213787,mdma_purple_black,daylight,52,14,43
156.96903539361236,167.7748251785763,77.68315865350911,mdma_purple_black,fluorescent,77,26,64
151.08351196132918,178.0601978427264,38.476303105072674,mdma_purple_black,warm_indoor,38,11,36
154.91008477285698,175.3897076569236,26.756975874741542,mdma_purple_black,overcast,26,8,23
158.0350752771986,191.04899625064294,86.46405549999963,mdma_purple_black,harsh_direct,86,21,67
158.73565670440664,192.90984597339343,76.59877654101807,mdma_purple_black,daylight,76,18,58
156.15254666303903,184.8857467035172,93.65432487498371,mdma_purple_black,fluorescent,93,25,77
150.29328889311057,187.68567081206172,75.38834596232961,mdma_purple_black,warm_indoor,75,19,73
157.34002931455657,183.36375949487896,56.257062410857664,mdma_purple_black,overcast,56,15,45
157.56046205894415,180.99009065488764,100.59607902992896,mdma_purple_black,harsh_direct,100,29,80
158.12164987278075,177.39439212074257,47.66587800240535,mdma_purple_black,daylight,47,14,37
160.16781752142091,162.14883673299758,49.62790490452097,mdma_purple_black,fluorescent,49,18,37
149.60170573844806,193.51424703830722,27.172423852773264,mdma_purple_black,warm_indoor,27,6,26
157.98457546227337,196.97463953079432,18.13729672100062,mdma_purple_black,overcast,18,4,13
157.57224516951416,175.74584237087416,78.60046343122278,mdma_purple_black,harsh_direct,78,24,63
152.95274524383885,190.36422487734933,68.94524503978148,mdma_purple_black,daylight,68,17,62
151.71035406261078,185.56521961944193,68.21349919799702,mdma_purple_black,fluorescent,68,18,63
154.5432156104181,189.7129704693632,37.04020678462318,mdma_purple_black,warm_indoor,37,9,32
152.69891828479993,172.06729296905868,47.566555723007006,mdma_purple_black,overcast,47,15,43
152.7745589568989,197.16918344887384,93.61282940999568,mdma_purple_black,harsh_direct,93,21,84
159.9625019320578,154.53520781954188,68.10883226137555,mdma_purple_black,daylight,68,26,53
156.44904043628745,137.18068241774262,84.59682676443533,mdma_purple_black,fluorescent,84,39,73
156.52127505274322,154.49001522484926,55.07472179451692,mdma_purple_black,warm_indoor,55,21,46
153.45527206767656,136.8026661896242,61.8212981129387,mdma_purple_black,overcast,61,28,57
157.7895632626125,146.9431825662735,103.28211253015547,mdma_purple_black,harsh_direct,103,43,86
157.7927931821314,173.38255879026292,78.23634354997503,mdma_purple_black,daylight,78,25,62
160.17012377975595,164.0693047629926,102.89304965461534,mdma_purple_black,fluorescent,102,36,78
153.63865383175272,200.82072613965025,78.31112065019205,mdma_purple_black,warm_indoor,78,16,69
158.08024632518178,183.08090205971754,74.66727764224646,mdma_purple_black,overcast,74,21,58
162.5157915936999,188.292902546996,103.56506555246075,mdma_purple_black,harsh_direct,103,27,69
149.2176865130802,162.8438829057206,73.73267498523403,mdma_purple_black,daylight,73,26,73
147.79259852597968,149.44809948696977,92.81242265307142,mdma_purple_black,fluorescent,90,38,92
144.7169315585921,170.80778088261832,80.43100357992867,mdma_purple_black,warm_indoor,72,26,80
148.25850046486863,144.9238068744003,60.4468204629404,mdma_purple_black,overcast,59,26,60
144.38283397417504,188.4262875876581,99.74559400812055,mdma_purple_black,harsh_direct,87,26,99
146.70737229377195,148.88562828166175,51.812098999572775,mdma_purple_black,daylight,49,21,51
150.42349146634578,153.97383756701535,75.71259462829525,mdma_purple_black,fluorescent,75,29,73
148.58831153578996,165.41945782967943,59.70760983700531,mdma_purple_black,warm_indoor,58,20,59
145.35199077159209,136.22727034562223,49.5302142157482,mdma_purple_black,overcast,46,23,49
152.93327582250228,157.74547943939857,79.1325377864064,mdma_purple_black,harsh_direct,79,30,72
154.2053584857621,167.53536796747562,60.694311453748654,mdma_purple_black,daylight,60,20,53
159.25031876501055,170.2746584731079,67.8390048212479,mdma_purple_black,fluorescent,67,22,52
155.49223305422362,192.46518538648547,54.25856221490359,mdma_purple_black,warm_indoor,54,13,45
153.69640859971136,185.25101020433206,40.48624371064408,mdma_purple_black,overcast,40,11,36
156.64063197409007,190.8686187919289,82.51779228790333,mdma_purple_black,harsh_direct,82,20,67
159.80731607037643,168.43185556780662,76.72780546802004,mdma_purple_black,daylight,76,26,58
156.1450120364453,161.9082922196372,103.97413809027479,mdma_purple_black,fluorescent,103,37,88
154.2838495470726,182.81550105783316,72.24512788334424,mdma_purple_black,warm_indoor,72,20,63
154.1689068678834,170.81270480836577,53.804596985862545,mdma_purple_black,overcast,53,17,47
157.36221650219147,181.40453001433585,107.69981544612874,mdma_purple_black,harsh_direct,107,31,86
158.99692050673607,169.34132191517858,80.96451810100518,mdma_purple_black,daylight,80,27,63
159.99581238358434,170.59020219194116,79.68024232107487,mdma_purple_black,fluorescent,79,26,60
157.73047788058022,185.71324695485583,43.768640147990446,mdma_purple_black,warm_indoor,43,11,34
159.9073922759988,191.56773559032777,44.78646853694459,mdma_purple_black,overcast,44,11,32
160.27243860102138,187.0753333235396,90.1763336669205,mdma_purple_black,harsh_direct,90,24,65
157.02462937972436,148.32537346571365,26.518616777729928,mdma_purple_black,daylight,26,11,22
154.8743029064578,144.49062727544896,54.608284050840666,mdma_purple_black,fluorescent,54,23,48
153.92515542503358,174.32927184747768,11.589273747042869,mdma_purple_black,warm_indoor,11,3,10
157.02897374543608,149.57481100984782,26.763641545537123,mdma_purple_black,overcast,26,11,22
153.01707285765784,159.22204845249598,49.592391600194915,mdma_purple_black,harsh_direct,49,18,45
153.33529268932392,161.02747997968507,57.07855075366077,mdma_purple_black,daylight,57,21,52
152.64469594033386,160.52429150250651,66.67333604117759,mdma_purple_black,fluorescent,66,24,61
148.64142255926507,167.26068374528137,35.851884521047815,mdma_purple_black,warm_indoor,35,12,35
149.45527633871336,165.99615185991186,50.982539048591825,mdma_purple_black,overcast,50,17,50
153.63658940685715,174.98976154069123,64.78279769224605,mdma_purple_black,harsh_direct,64,20,58
148.14740836801218,178.16772429438655,68.03114452492592,mdma_purple_black,daylight,66,20,68
151.86124594986586,153.6577840437634,113.41240066488623,mdma_purple_black,fluorescent,113,45,107
150.3814123421063,185.20095278122784,80.51867179496153,mdma_purple_black,warm_indoor,80,22,78
151.3507306912569,167.50059051097097,62.66094110478072,mdma_purple_black,overcast,62,21,59
154.11964271895943,194.7954066609856,108.27138423623964,mdma_purple_black,harsh_direct,108,25,94
165.0736446954368,141.29424450217985,82.29951542566867,mdma_purple_black,daylight,82,36,57
162.56725103923566,136.65793891838533,104.82782912746775,mdma_purple_black,fluorescent,104,48,79
160.37105964851924,133.696218810792,84.56483292722254,mdma_purple_black,warm_indoor,84,40,67
161.34980089886858,143.0969367183934,69.0112009568286,mdma_purple_black,overcast,69,30,53
161.96812808978692,143.79819156515538,123.4573387452046,mdma_purple_black,harsh_direct,123,53,93
164.09787774107198,182.46748600629806,59.890209022669545,mdma_purple_black,daylight,59,17,38
165.81491175202763,172.7011800981049,72.9971201496771,mdma_purple_black,fluorescent,72,23,45
159.91339954145585,189.81936975625396,48.61036758567043,mdma_purple_black,warm_indoor,48,12,35
166.35098983777385,177.20248830487265,46.014780217519615,mdma_purple_black,overcast,46,14,27
162.42063531460016,185.03220769517904,94.6072624531681,mdma_purple_black,harsh_direct,94,25,64
158.14837424046613,187.18546483133701,68.90984572987006,mdma_purple_black,daylight,68,18,53
161.84037892162615,176.08098690650303,73.30956997027181,mdma_purple_black,fluorescent,73,22,51
155.65528758709655,193.21404993759344,37.36816495326666,mdma_purple_black,warm_indoor,37,9,31
159.43895329506253,176.07557282772933,45.31004477022728,mdma_purple_black,overcast,45,14,34
156.7126496514972,180.32488631032354,90.60967530637825,mdma_purple_black,harsh_direct,90,26,74
162.4810877462937,150.72001838326332,60.220253336129474,mdma_purple_black,daylight,60,24,44
162.0873216962501,146.68212715620587,70.9468096368877,mdma_purple_black,fluorescent,70,30,53
158.00758839104822,184.43155513946826,44.142250604911375,mdma_purple_black,warm_indoor,44,12,34
162.91030157728946,163.78886815321752,29.268014376204356,mdma_purple_black,overcast,29,10,20
160.22474486077715,177.77259013949373,92.82279221884829,mdma_purple_black,harsh_direct,92,28,68
162.94132123134025,175.53020143245863,40.271369699628394,mdma_purple_black,daylight,40,12,27
165.196004840754,173.1695828305017,61.91883932769781,mdma_purple_black,fluorescent,61,19,39
157.26155512960327,183.3614458884153,34.44162615325865,mdma_purple_black,warm_indoor,34,9,27
161.74100616816858,163.31298199507827,21.021625624180533,mdma_purple_black,overcast,21,7,15
163.27467287172615,176.95556433185052,69.49323170398242,mdma_purple_black,harsh_direct,69,21,46
156.55621091091479,158.6213420356182,75.54517644404717,mdma_purple_black,daylight,75,28,63
162.30963664281086,159.0789205446446,84.9283884963676,mdma_purple_black,fluorescent,84,31,61
156.00438282139052,175.0758697510014,72.55798465818015,mdma_purple_black,warm_indoor,72,22,61
163.28710928783008,155.82423714694872,42.22640546666747,mdma_purple_black,overcast,42,16,30
158.3445179561479,158.38625573795315,82.41348473091539,mdma_purple_black,harsh_direct,82,31,66
154.61726371068875,174.62173673969534,33.683600678275226,mdma_purple_black,daylight,33,10,29
154.30256815645663,155.28814137613568,57.48663366844455,mdma_purple_black,fluorescent,57,22,51
149.704770695259,189.9220804795625,18.58275667234094,mdma_purple_black,warm_indoor,18,4,18
159.8150282816165,164.78961746876476,24.839406246454768,mdma_purple_black,overcast,24,8,19
154.8364532689396,166.1609526732754,50.08283846797826,mdma_purple_black,harsh_direct,50,17,43
160.28299982462048,165.9872504203247,76.2836266414417,mdma_purple_black,daylight,76,26,57
161.94603670208343,143.29290881221604,75.91985205564797,mdma_purple_black,fluorescent,75,33,57
154.02432892465774,166.77873986015,61.989660579233096,mdma_purple_black,warm_indoor,61,21,55
162.2781483185188,154.90547574757463,57.24031459134871,mdma_purple_black,overcast,57,22,41
159.08880938081498,176.43391747742453,100.6472558058823,mdma_purple_black,harsh_direct,100,31,77
148.33184887034105,172.54679155227024,87.49871941717572,mdma_purple_black,daylight,85,28,87
150.67348543896483,178.1399706889683,93.44945581452275,mdma_purple_black,fluorescent,93,28,90
144.4373560511732,187.6796492095227,71.04219234804523,mdma_purple_black,warm_indoor,62,18,71
149.3468390106876,167.96774840607003,61.86658599235213,mdma_purple_black,overcast,61,21,61
149.73520445884984,188.58156864779082,107.47496759573018,mdma_purple_black,harsh_direct,107,27,105
153.9645119694254,186.40349203943552,52.41391038656107,mdma_purple_black,daylight,52,14,46
154.90734083528562,167.55315091691816,74.47944183953022,mdma_purple_black,fluorescent,74,25,65
149.65115722076703,197.46099163144248,46.81960116888777,mdma_purple_black,warm_indoor,46,10,46
154.128183748672,184.76047557278065,25.11204346420279,mdma_purple_black,overcast,25,6,22
153.76005706632574,189.57485643226144,65.31814822615341,mdma_purple_black,harsh_direct,65,16,57
161.76813726798605,151.20324470692265,85.10040114675392,mdma_purple_black,daylight,85,34,63
160.2316345933733,158.8547159534365,94.89559669076365,mdma_purple_black,fluorescent,94,35,72
155.58627135767125,181.46909019588895,82.28754044450943,mdma_purple_black,warm_indoor,82,23,69
160.3834648378805,163.7615872263127,59.22055807926049,mdma_purple_black,overcast,59,21,44
160.02793058881394,175.83012786448822,103.38996464654932,mdma_purple_black,harsh_direct,103,32,77
154.36199202594008,192.11166370220377,43.21497565585096,mdma_purple_black,daylight,43,10,37
160.23635187604606,166.69344011909322,67.50254160494185,mdma_purple_black,fluorescent,67,23,51
155.38716499668254,196.48465824445336,27.459884148584305,mdma_purple_black,warm_indoor,27,6,23
156.3306681664993,192.8004706798215,12.093931762290854,mdma_purple_black,overcast,12,2,9
158.30778820290658,189.79727713888457,56.45936029139581,mdma_purple_black,harsh_direct,56,14,43
148.61308780402044,188.7624533130658,63.77979248785145,mdma_purple_black,daylight,62,16,63
154.82193609007004,182.18605005376935,70.86339512143155,mdma_purple_black,fluorescent,70,20,61
145.89687531028065,203.79389061555358,55.23997702522332,mdma_purple_black,warm_indoor,50,11,55
149.06998190502966,196.7823829941921,41.011745236086746,mdma_purple_black,overcast,40,9,41
150.20046338366643,203.72609699863608,80.181702978338,mdma_purple_black,harsh_direct,80,16,77
162.73881580668876,186.0918429973614,63.74059802200636,mdma_purple_black,daylight,63,17,42
167.89105531310855,171.05819803420562,77.37498959574955,mdma_purple_black,fluorescent,77,25,44
157.54116424827112,189.42948032643326,60.24062208110865,mdma_purple_black,warm_indoor,60,15,47
164.68780416530734,164.56055756921643,47.66182925471851,mdma_purple_black,overcast,47,16,31
160.88135983100017,173.9444412478599,90.53735797882356,mdma_purple_black,harsh_direct,90,28,66
153.14781102197162,157.0952454947899,90.72051643422839,mdma_purple_black,daylight,90,34,83
156.85048788212697,138.56541342659207,87.92002076880561,mdma_purple_black,fluorescent,87,40,75
152.33537029768578,172.45620505661267,78.69416343958436,mdma_purple_black,warm_indoor,78,25,73
153.90080130087995,168.88666095103676,79.44661138647614,mdma_purple_black,overcast,79,26,71
155.7738073937482,156.72097654375705,122.86210067422928,mdma_purple_black,harsh_direct,122,47,106
158.47697203438648,124.54652964407029,36.60645116072094,mdma_purple_black,daylight,36,18,31
161.97497839638163,124.88224683299043,69.7890274043046,mdma_purple_black,fluorescent,69,35,55
155.50499828812477,145.62362530585446,15.972862752570435,mdma_purple_black,warm_indoor,15,6,14
158.9172933664111,131.9988018497579,18.006805699861008,mdma_purple_black,overcast,18,8,14
151.79539600649534,146.65145741744112,65.63509625982554,mdma_purple_black,harsh_direct,65,27,62
158.94420964764228,194.05650151019472,68.50824510366273,mdma_purple_black,daylight,68,16,51
163.30791638670553,189.20407307135767,94.81355335174861,mdma_purple_black,fluorescent,94,24,61
153.1765916630194,215.25804585106235,56.77113446070755,mdma_purple_black,warm_indoor,56,8,50
157.80142066010671,170.54646223404015,56.77105781189867,mdma_purple_black,overcast,56,18,45
158.18080386433715,199.90306297475496,106.7053512997868,mdma_purple_black,harsh_direct,106,23,81
157.26485687242803,190.13769749084994,51.1430818307519,mdma_purple_black,daylight,51,13,40
158.3836837142877,173.73703520847263,74.45978067914454,mdma_purple_black,fluorescent,74,23,58
153.43823344273198,209.67888486733446,44.21969084154902,mdma_purple_black,warm_indoor,44,7,39
156.9796561682276,172.41963774982773,30.227794178188514,mdma_purple_black,overcast,30,9,24
158.47141027748955,202.95785061034698,86.93179922761426,mdma_purple_black,harsh_direct,86,17,65
149.8637450802318,157.28134495366336,51.766157977247104,mdma_purple_black,daylight,51,19,51
151.35110421574535,149.72852071595534,75.92800652453047,mdma_purple_black,fluorescent,75,31,72
149.29218867475268,157.5880979439869,51.83663185588238,mdma_purple_black,warm_indoor,51,19,51
152.7725096070233,151.20098263866802,61.15395356199865,mdma_purple_black,overcast,61,24,56
149.90427722762047,163.05541427991975,88.94864660862008,mdma_purple_black,harsh_direct,88,32,87
153.7961261611815,195.83383692824108,84.67132158196573,mdma_purple_black,daylight,84,19,74
156.78898318818204,189.43377966652477,79.70003805384843,mdma_purple_black,fluorescent,79,20,64
148.7277740958146,198.65639432341814,54.02929190527562,mdma_purple_black,warm_indoor,53,11,54
151.70745904591502,185.99164239834332,50.03609618686321,mdma_purple_black,overcast,50,13,46
148.9548019683733,201.3857236190574,90.93202250721208,mdma_purple_black,harsh_direct,90,19,90
153.76799581135288,191.34848501573407,47.90478128280702,mdma_purple_black,daylight,47,11,42
152.7840761121471,161.57341797000944,65.53015434771686,mdma_purple_black,fluorescent,65,24,60
152.0698796073049,185.64125230585014,44.135411581260065,mdma_purple_black,warm_indoor,44,12,41
155.20475661391797,163.70711762410497,44.82551493597916,mdma_purple_black,overcast,44,16,39
154.2635113328425,183.42262246812197,70.93736355469836,mdma_purple_black,harsh_direct,70,19,62
158.72435049288418,147.36910761651959,4.110123826547033,mdma_purple_black,daylight,4,1,3
160.8968438269098,149.075883544087,10.979017116474019,mdma_purple_black,fluorescent,10,4,8
153.86522181963022,178.6904140279398,0.0,mdma_purple_black,warm_indoor,0,0,0
160.56537312153782,151.15430434160504,0.0,mdma_purple_black,overcast,0,0,0
158.40633870027455,166.38146939538555,23.168077781276025,mdma_purple_black,harsh_direct,23,8,18
157.23609647164136,187.2809054098644,87.08852999894611,mdma_purple_black,daylight,87,23,69
164.10133749142446,160.99595618793,99.82766143124232,mdma_purple_black,fluorescent,99,36,68
157.4774067568331,196.29137219433105,68.91908793565166,mdma_purple_black,warm_indoor,68,15,54
156.62865774665192,172.12030650978437,69.40702794753248,mdma_purple_black,overcast,69,22,57
156.2144639310029,172.66064679556493,117.72275090121589,mdma_purple_black,harsh_direct,117,38,98
167.26459881238338,193.34957041018816,23.6610819027537,mdma_purple_black,daylight,23,5,12
164.15600746254933,180.4532786897244,62.156407067435275,mdma_purple_black,fluorescent,62,18,40
162.08201737098722,209.76265857566375,37.36029616401719,mdma_purple_black,warm_indoor,37,6,24
164.44819935180917,201.81628651118558,19.98374850606943,mdma_purple_black,overcast,19,4,11
164.84545249587302,213.78310223813176,80.45699844572107,mdma_purple_black,harsh_direct,80,13,45
159.324079749701,167.30528324799417,63.89229949101171,mdma_purple_black,daylight,63,21,49
160.1846312506297,140.19367758644918,59.079979421100674,mdma_purple_black,fluorescent,59,26,47
156.5816133009702,176.71581575044172,34.944443348964036,mdma_purple_black,warm_indoor,34,10,28
163.46910429731415,156.9197455548718,39.30427636661703,mdma_purple_black,overcast,39,15,27
159.6081551218695,168.47827478529305,87.72156602840221,mdma_purple_black,harsh_direct,87,29,67
162.81690337364446,188.56309815127022,71.72503399737722,mdma_purple_black,daylight,71,18,47
163.27025710321828,181.57186019510846,93.86452919072138,mdma_purple_black,fluorescent,93,27,62
163.01143422757428,196.4292602329058,81.97878286804959,mdma_purple_black,warm_indoor,81,18,52
166.31950191880685,174.26685990837865,71.71284762051778,mdma_purple_black,overcast,71,22,43
165.96168732440546,192.40117335929497,109.44137636594854,mdma_purple_black,harsh_direct,109,26,62
154.0735066389658,180.83611847538162,72.31495825867276,mdma_purple_black,daylight,72,21,63
155.23455197827838,161.45528199266641,75.35609532534244,mdma_purple_black,fluorescent,75,27,65
148.17948066271413,190.55109746393467,54.14659802933179,mdma_purple_black,warm_indoor,52,13,54
155.64558826927853,163.24041554899927,44.591449792321754,mdma_purple_black,overcast,44,16,38
150.9815888461236,179.8614273532564,98.49804407984706,mdma_purple_black,harsh_direct,98,29,94
162.35577589311512,166.98958637671208,59.798985969006964,mdma_purple_black,daylight,59,20,42
163.70553297926347,160.18773658202096,68.33388638869154,mdma_purple_black,fluorescent,68,25,47
159.82886270891316,175.1066830894328,33.0918255169167,mdma_purple_black,warm_indoor,33,10,24
159.6879153010962,157.0180023058741,47.09241999788229,mdma_purple_black,overcast,47,18,36
166.92481555518313,160.31259822462127,83.96953556987712,mdma_purple_black,harsh_direct,83,31,52
156.87225233137232,194.03138611554067,42.509948389869216,mdma_purple_black,daylight,42,10,34
161.66792041356268,180.84530789157844,56.00417686123249,mdma_purple_black,fluorescent,56,16,39
155.48897890950136,205.7278263150122,35.17139021977639,mdma_purple_black,warm_indoor,35,6,29
158.56595843074234,177.67456751763925,32.13122277599458,mdma_purple_black,overcast,32,9,25
156.97505200485583,201.95382757051465,64.65335878479307,mdma_purple_black,harsh_direct,64,13,51
158.4385914785988,193.5453353550803,42.24853251666155,mdma_purple_black,daylight,42,10,32
159.177027053393,167.17601258069485,60.86284674469519,mdma_purple_black,fluorescent,60,20,47
156.05615416142243,179.85284126507236,50.29024031472356,mdma_purple_black,warm_indoor,50,14,42
155.8952425533614,181.77599209073702,20.40855716988382,mdma_purple_black,overcast,20,5,17
154.3443476781762,178.32186893559205,86.2940346249247,mdma_purple_black,harsh_direct,86,25,75
156.30617150350267,161.3771798894698,77.84605437001704,mdma_purple_black,daylight,77,28,66
161.20622552272346,157.2796623624221,75.92087925512357,mdma_purple_black,fluorescent,75,29,57
154.96959355899415,190.5115047681034,45.55830620806586,mdma_purple_black,warm_indoor,45,11,38
159.81656689614573,163.59312385034127,57.630761189771896,mdma_purple_black,overcast,57,20,44
156.72167391911458,191.9088407496098,97.94767683344452,mdma_purple_black,harsh_direct,97,24,79
155.32879614212234,158.72766945771968,39.358310457369086,mdma_purple_black,daylight,39,14,34
167.3948503918532,140.0879628177844,31.460465094071534,mdma_purple_black,fluorescent,31,14,20
156.88853787245,146.051589257369,13.992951543565043,mdma_purple_black,warm_indoor,13,5,11
162.29548224216938,130.34826345202495,9.218842356770185,mdma_purple_black,overcast,9,4,7
157.7898660497404,143.80228597209864,55.96814922267426,mdma_purple_black,harsh_direct,55,24,46
161.66903429970424,187.81590109182733,54.41012592042926,mdma_purple_black,daylight,54,14,37
165.37098053071,178.8087119137654,57.31762143823776,mdma_purple_black,fluorescent,57,17,35
161.31619080329205,194.2361091719778,43.81329342770005,mdma_purple_black,warm_indoor,43,10,30
165.2284155033243,167.03732369421374,34.652190156181675,mdma_purple_black,overcast,34,11,22
162.09224337093266,178.7680529574718,90.92027293642549,mdma_purple_black,harsh_direct,90,27,63
154.65553040208044,149.78712408974147,47.20867580883196,mdma_purple_black,daylight,47,19,42
155.4127130481583,157.74975064213044,53.4064090185824,mdma_purple_black,fluorescent,53,20,46
148.19761597924773,179.03318100240568,39.458592304744094,mdma_purple_black,warm_indoor,38,11,39
157.986606165116,159.6675838798532,36.30672036960237,mdma_purple_black,overcast,36,13,29
155.55421200258002,181.18801752576888,81.28528034665679,mdma_purple_black,harsh_direct,81,23,68
156.3830024271338,170.17546858289649,80.20160108221523,mdma_purple_black,daylight,80,26,67
152.49845746914554,161.49523242935402,105.6019464662096,mdma_purple_black,fluorescent,105,38,98
153.84528424521616,181.14407467344384,73.29790441581223,mdma_purple_black,warm_indoor,73,21,65
154.5827568021375,163.00349533292794,70.74596924714048,mdma_purple_black,overcast,70,25,62
157.31014980369883,184.65122732916313,102.31036599059878,mdma_purple_black,harsh_direct,102,28,82
150.11314753743667,143.99644239811715,51.9083080141402,mdma_purple_black,daylight,51,22,50
149.92265776865196,152.5246287818403,82.24185593713021,mdma_purple_black,fluorescent,82,33,80
148.17878462287172,148.97941429849894,56.12977523372796,mdma_purple_black,warm_indoor,55,23,56
149.3815241884513,141.83523978752498,36.38984336389381,mdma_purple_black,overcast,36,16,36
153.04959043969453,166.84284785104694,84.41227633173361,mdma_purple_black,harsh_direct,84,29,77
164.46089903112147,188.70672223894064,76.69027930084646,mdma_purple_black,daylight,76,19,47
164.63451310199883,185.06012628626686,89.60515056595912,mdma_purple_black,fluorescent,89,24,55
159.36808328456073,201.95715829434408,66.73254925515872,mdma_purple_black,warm_indoor,66,13,48
164.3268093671579,194.93273471342604,34.89651235702686,mdma_purple_black,overcast,34,8,21
164.61339481373795,203.80591821799416,99.86478743441482,mdma_purple_black,harsh_direct,99,20,58
158.09769075272177,151.6030042405814,45.07751757535064,mdma_purple_black,daylight,45,18,37
161.61151209496208,136.3662118966233,35.22996776060482,mdma_purple_black,fluorescent,35,16,27
155.53501132088098,155.46578737117466,33.94355367874562,mdma_purple_black,warm_indoor,33,13,29
162.69831878767963,137.19257583797094,6.525161209731738,mdma_purple_black,overcast,6,3,4
158.55633623098106,145.45733078576583,50.85297561059399,mdma_purple_black,harsh_direct,50,21,41
161.6405593772478,168.0962824998333,93.02141673118203,mdma_purple_black,daylight,93,31,67
161.34727029656614,142.429097859744,118.82767023175458,mdma_purple_black,fluorescent,118,52,91
155.07885316912808,194.23065972204898,105.68529602197879,mdma_purple_black,warm_indoor,105,25,89
156.1188281722434,167.82406926048122,79.44812844639873,mdma_purple_black,overcast,79,27,67
156.09841492309,167.916400422923,115.9767029967819,mdma_purple_black,harsh_direct,115,39,98
157.24178924854107,127.79919818326636,68.41941632540657,mdma_purple_black,daylight,68,34,59
157.2226858352439,123.26015311295147,94.73869571238274,mdma_purple_black,fluorescent,94,48,82
152.95343433664945,142.95962771608777,45.41543711663897,mdma_purple_black,warm_indoor,45,19,42
156.0775243189537,123.32223476489571,40.05635594068061,mdma_purple_black,overcast,40,20,35
154.84838891037998,143.50390149188394,89.14992765902947,mdma_purple_black,harsh_direct,89,38,79
160.05415248281938,189.60629143488455,56.052520983239226,mdma_purple_black,daylight,56,14,40
161.31069363228002,165.8135124911267,58.46910358494537,mdma_purple_black,fluorescent,58,20,42
154.67151383366124,194.7882868741187,45.35221842744105,mdma_purple_black,warm_indoor,45,10,38
159.90614666977393,178.02011106325102,50.50566720928566,mdma_purple_black,overcast,50,15,37
161.21253464357636,183.47444451506166,86.24108765532856,mdma_purple_black,harsh_direct,86,24,61
156.15929949886032,149.45146382584787,68.13149944568511,mdma_purple_black,daylight,68,28,58
155.99765541313252,146.33120497691885,84.24989933260339,mdma_purple_black,fluorescent,84,35,73
153.37180383721386,162.52974418262764,62.01871835497833,mdma_purple_black,warm_indoor,62,22,56
156.62384586589363,140.85642461988232,50.01522464117229,mdma_purple_black,overcast,50,22,43
157.58753555945634,163.5346416440802,93.64044329215595,mdma_purple_black,harsh_direct,93,33,76
162.07030129247698,173.5120793992858,46.42847089510583,mdma_purple_black,daylight,46,14,32
160.21639223318067,174.70460703896856,71.79073368702423,mdma_purple_black,fluorescent,71,22,53
155.75580921850604,193.93838302611135,39.28711539635959,mdma_purple_black,warm_indoor,39,9,32
161.84454264528395,178.80873632236793,25.816217331314313,mdma_purple_black,overcast,25,7,18
158.04647054026012,196.05402799241202,85.91176004662313,mdma_purple_black,harsh_direct,85,19,66
158.58701767708988,152.53787098393457,54.72943267673571,mdma_purple_black,daylight,54,21,44
158.97053180828178,153.32892173523868,87.94273963134329,mdma_purple_black,fluorescent,87,35,70
154.97082378923415,170.34676368144022,38.9238256354966,mdma_purple_black,warm_indoor,38,12,33
159.2864369915603,135.9027086656442,48.184164338632826,mdma_purple_black,overcast,48,22,39
159.47030318682653,142.3658224719204,91.14821972573185,mdma_purple_black,harsh_direct,91,40,73
160.26977209946773,172.85933878471258,51.87727825461327,mdma_purple_black,daylight,51,16,38
161.67646576096615,170.84339102656378,69.20082423405094,mdma_purple_black,fluorescent,69,22,49
156.76570366092471,196.23737149366355,58.6126517775739,mdma_purple_black,warm_indoor,58,13,47
161.88760293101814,165.00327924694628,38.37903151642175,mdma_purple_black,overcast,38,13,27
157.27472790446376,183.21687989188888,81.44728661524896,mdma_purple_black,harsh_direct,81,22,65
153.88223574099027,159.38553752361807,56.28069045397583,mdma_purple_black,daylight,56,21,50
160.31215659248895,170.71166828358827,77.88968781968794,mdma_purple_black,fluorescent,77,25,58
152.84895413140302,182.16185496100218,53.47530136456512,mdma_purple_black,warm_indoor,53,15,48
160.4518220841447,153.58112989832617,44.310800054554186,mdma_purple_black,overcast,44,17,34
158.48069241238284,157.39646559126484,88.22797159108444,mdma_purple_black,harsh_direct,88,33,71
160.92187916990974,173.91913458620945,66.19937585393927,mdma_purple_black,daylight,66,21,48
163.78588601613495,165.96078067042225,94.09247946014963,mdma_purple_black,fluorescent,94,32,64
161.1102502071103,164.36327536518678,56.324938440186585,mdma_purple_black,warm_indoor,56,20,41
166.47388926908218,167.18322985234738,55.11328389306744,mdma_purple_black,overcast,55,18,34
162.60062659412,174.6239784529749,107.95229870248258,mdma_purple_black,harsh_direct,107,34,74
155.72067375376392,184.14315679136908,66.88718776410967,mdma_purple_black,daylight,66,18,56
158.8540802407575,169.2204021981515,78.47482861227917,mdma_purple_black,fluorescent,78,26,61
153.17880110372965,184.66196570538082,58.691416715158596,mdma_purple_black,warm_indoor,58,16,52
156.82076530070069,172.43013701054937,27.37711912717498,mdma_purple_black,overcast,27,8,22
158.88531275000975,176.75798244897445,87.72108065825473,mdma_purple_black,harsh_direct,87,26,67
156.59520620856458,181.82344156760087,9.962630455805515,mdma_purple_black,daylight,9,2,8
157.52817324026157,163.35618893348996,34.10506531576161,mdma_purple_black,fluorescent,34,12,27
153.415622856258,189.37547058171342,10.887694693541066,mdma_purple_black,warm_indoor,10,2,9
154.3109607851265,172.84683616890453,0.0,mdma_purple_black,overcast,0,0,0
157.74222676678065,178.03004618315978,31.003185492786834,mdma_purple_black,harsh_direct,31,9,24
153.72326857019374,140.6565810635069,83.71783125749872,mdma_purple_black,daylight,83,37,76
155.37051522593376,151.44570023239834,88.35751542654252,mdma_purple_black,fluorescent,88,35,77
151.57656134937736,153.368228935391,51.96241149566593,mdma_purple_black,warm_indoor,51,20,49
153.98121291122396,165.58983064294995,45.9763646306141,mdma_purple_black,overcast,45,16,41
152.98947061048366,162.27590930990544,102.59888361363377,mdma_purple_black,harsh_direct,102,37,94
156.87609063506483,173.13676404045856,38.516352378575434,mdma_purple_black,daylight,38,12,31
156.77402850168042,161.27831280743646,58.31931754855567,mdma_purple_black,fluorescent,58,21,48
148.72610037143994,191.9953513197823,28.79488876850132,mdma_purple_black,warm_indoor,28,7,28
158.0723998964968,170.47992948957335,12.810592289399949,mdma_purple_black,overcast,12,4,10
157.0776667964545,184.98371781875804,56.480304259967134,mdma_purple_black,harsh_direct,56,15,45
158.0650945582214,201.32779832367095,77.07565729252813,mdma_purple_black,daylight,77,16,58
162.4269054590335,195.187040620724,112.31281657787822,mdma_purple_black,fluorescent,112,26,74
156.2052844188604,202.97463665815303,74.82666314980284,mdma_purple_black,warm_indoor,74,15,60
160.55983818745884,201.35265359911062,69.49244780001013,mdma_purple_black,overcast,69,14,48
155.64294030504973,182.45299478028613,114.65040021142036,mdma_purple_black,harsh_direct,114,32,96
154.73916837366502,135.04418868508705,36.93380706068847,mdma_purple_black,daylight,36,17,33
154.6155026367438,127.06435285654507,33.37254678844436,mdma_purple_black,fluorescent,33,16,30
150.87020695657932,139.75263856402682,22.12956718593601,mdma_purple_black,warm_indoor,22,10,21
156.32975731263136,150.09939403193297,0.7448013350124674,mdma_purple_black,overcast,0,0,0
156.57180814429813,138.90495784733844,46.620797581401966,mdma_purple_black,harsh_direct,46,21,40
158.7159581288781,154.71623057133834,75.55485128190578,mdma_purple_black,daylight,75,29,60
154.1451549160562,144.04900252870672,77.13983253203286,mdma_purple_black,fluorescent,77,33,69
149.15154163484073,159.31614482309578,58.72080128452356,mdma_purple_black,warm_indoor,58,22,58
155.55456156596767,156.4245471639416,38.51374748752357,mdma_purple_black,overcast,38,14,33
156.60880313334644,163.5215451163809,72.82063248598574,mdma_purple_black,harsh_direct,72,26,61
164.7448152888382,195.01457304860577,64.2120473894815,mdma_purple_black,daylight,64,15,38
165.88402978930824,179.16996851364993,93.45321865050002,mdma_purple_black,fluorescent,93,27,56
160.37925037178684,195.42055493290238,69.74583509003601,mdma_purple_black,warm_indoor,69,16,49
161.46993043539322,184.10986440493838,60.48392962909307,mdma_purple_black,overcast,60,16,42
163.47199840844974,186.74587513917638,104.95099558586827,mdma_purple_black,harsh_direct,104,28,68
150.77911472773005,170.58898580787235,36.571803126304204,mdma_purple_black,daylight,36,12,35
155.67965981463365,146.9232545291491,41.00155736118558,mdma_purple_black,fluorescent,41,17,35
149.05657752746026,175.47252307978854,19.22480895797588,mdma_purple_black,warm_indoor,19,5,19
155.77389697302817,156.46437562276844,0.0,mdma_purple_black,overcast,0,0,0
148.8124204120899,169.59456641541252,59.75055869498506,mdma_purple_black,harsh_direct,59,20,59
156.26895811054044,151.68141586602871,82.59716798878527,mdma_purple_black,daylight,82,33,70
162.33415694772197,131.64253152798457,97.91404706499512,mdma_purple_black,fluorescent,97,47,75
153.56273321946435,150.72976497403167,65.9569135138358,mdma_purple_black,warm_indoor,65,26,60
160.7899349486749,131.21166871386583,56.18006163303514,mdma_purple_black,overcast,56,27,44
157.9675316874447,155.86630206945134,100.206275040872,mdma_purple_black,harsh_direct,100,38,82
160.67979211887595,159.05614182819428,43.65748004406729,mdma_purple_black,daylight,43,16,33
160.7971150513249,143.3722090155338,52.73266504948337,mdma_purple_black,fluorescent,52,23,41
156.3820355672735,158.43752472136356,34.10519909903008,mdma_purple_black,warm_indoor,34,12,28
159.12567768744555,148.2793611402534,24.149234182781328,mdma_purple_black,overcast,24,10,19
162.10938137573484,167.02723685671424,77.6366942787118,mdma_purple_black,harsh_direct,77,26,55
161.21562753393542,156.90573507546918,37.75356746918563,mdma_purple_black,daylight,37,14,28
163.05787096519546,166.01533855260814,59.00086472751253,mdma_purple_black,fluorescent,59,20,41
159.56818316794295,188.65970429804435,37.11133151431299,mdma_purple_black,warm_indoor,37,9,27
160.0439093737943,174.52307557273673,32.80506097849413,mdma_purple_black,overcast,32,10,24
163.75458285166397,185.84088060487414,74.24910959057053,mdma_purple_black,harsh_direct,74,20,47
143.2189574336734,186.68264506551813,95.88969460931115,mdma_purple_black,daylight,81,25,95
147.07998854279438,174.88818427097289,93.47428397516117,mdma_purple_black,fluorescent,88,29,93
138.26388447576326,205.21971882722949,64.99904038223809,mdma_purple_black,warm_indoor,45,12,64
144.54521377221812,193.49431351223436,68.72369122171725,mdma_purple_black,overcast,60,16,68
145.25286991948244,206.49563914700676,117.83300100317717,mdma_purple_black,harsh_direct,105,22,117
162.49873193119703,175.09122585637581,45.12715062962181,mdma_purple_black,daylight,45,14,31
166.55045026481656,157.28661707531012,45.24608369444654,mdma_purple_black,fluorescent,45,17,28
159.2469734452691,183.72312000169273,37.53354476686579,mdma_purple_black,warm_indoor,37,10,28
162.6725463282565,162.88785806825027,27.321257126681544,mdma_purple_black,overcast,27,9,19
166.09814962077792,179.68045610533105,72.60587231632223,mdma_purple_black,harsh_direct,72,21,43
156.8511286360724,170.82476813098398,39.61450671789626,mdma_purple_black,daylight,39,13,32
151.19341284253434,173.97726399629883,59.7865786362713,mdma_purple_black,fluorescent,59,18,57
147.30651232590967,192.00855856953785,41.21398707810778,mdma_purple_black,warm_indoor,39,10,41
148.55285998769,166.158049439776,11.229896294699731,mdma_purple_black,overcast,11,3,11
152.22057279586738,186.1270824819859,64.2476181454202,mdma_purple_black,harsh_direct,64,17,59
154.38149027534226,142.56460074274707,78.75107981249201,mdma_purple_black,daylight,78,34,71
151.07750160682323,145.60721543231085,91.06575555358259,mdma_purple_black,fluorescent,91,39,87
149.1623913022784,169.03807036078075,60.674237838107764,mdma_purple_black,warm_indoor,60,20,60
153.77050682387434,165.61788581510342,58.718322162746674,mdma_purple_black,overcast,58,20,52
153.89827271135897,179.23890751162372,86.36779678284267,mdma_purple_black,harsh_direct,86,25,76
159.89980337512534,173.34570394547754,42.84097387458008,mdma_purple_black,daylight,42,13,32
158.75450346913715,167.24615999293601,66.77322889318125,mdma_purple_black,fluorescent,66,22,52
151.91075917064933,194.15872889087638,54.67730160182009,mdma_purple_black,warm_indoor,54,13,50
158.60868258986307,179.72041876452414,39.93430704962087,mdma_purple_black,overcast,39,11,31
161.80832495987036,189.79020083636135,83.3833124961032,mdma_purple_black,harsh_direct,83,21,57
158.4374419730968,147.3675745915024,57.89281691866078,mdma_purple_black,daylight,57,24,47
164.2466964546604,151.74058091174598,69.77544079843169,mdma_purple_black,fluorescent,69,28,48
158.09417808747116,167.08780488350223,56.53902443909326,mdma_purple_black,warm_indoor,56,19,45
160.90930000264663,137.2759135644646,54.09372268353269,mdma_purple_black,overcast,54,24,42
161.89482208193024,153.82364874580574,69.03850641543602,mdma_purple_black,harsh_direct,69,27,51
155.12582300868357,185.66818870365591,58.87647074237887,mdma_purple_black,daylight,58,16,50
158.69927908588073,179.5584708087867,76.03041165127213,mdma_purple_black,fluorescent,76,22,58
149.3745180427889,191.57246890338044,43.20299318386073,mdma_purple_black,warm_indoor,43,10,42
155.15646927168896,188.36791286271304,47.467515886903385,mdma_purple_black,overcast,47,12,40
155.45354553225158,187.07525188054,84.5199701975508,mdma_purple_black,harsh_direct,84,22,71
160.1865674096531,153.22112447291443,80.88275858863246,mdma_purple_black,daylight,80,32,62
160.49619311091627,126.20707335186762,110.46679700868188,mdma_purple_black,fluorescent,110,55,89
154.92578856010132,147.9066521161559,77.4011949651781,mdma_purple_black,warm_indoor,77,32,68
162.46414387565167,121.55129482610133,69.40254208986353,mdma_purple_black,overcast,69,36,54
156.3003502399618,152.81175177165736,116.26788998442838,mdma_purple_black,harsh_direct,116,46,99
151.79287753285865,136.9192764435191,76.52312510547776,mdma_purple_black,daylight,76,35,72
150.16787867557463,133.45132516162886,83.58692107371678,mdma_purple_black,fluorescent,83,39,82
149.44644034097527,147.9774359470416,43.09831554529476,mdma_purple_black,warm_indoor,43,18,42
151.61127736437268,137.0257310305021,35.41407211335917,mdma_purple_black,overcast,35,16,33
152.93850606586437,135.93352584404093,83.32419272021943,mdma_purple_black,harsh_direct,83,38,77
163.2373570759407,159.80731408058847,61.165968385800795,mdma_purple_black,daylight,61,22,43
164.21353370998014,142.76083038141735,67.85879455900435,mdma_purple_black,fluorescent,67,29,48
164.0333624238836,170.96326936623853,28.00025445234219,mdma_purple_black,warm_indoor,28,9,18
165.2509825915106,145.8638412742448,31.29146287836788,mdma_purple_black,overcast,31,13,21
160.17245061264975,164.0953339621483,81.53949841163652,mdma_purple_black,harsh_direct,81,29,62
154.59017212912806,172.86710613927582,35.44339819506063,mdma_purple_black,daylight,35,11,31
156.38124635735858,140.68666809699184,51.249608413849465,mdma_purple_black,fluorescent,51,22,44
149.49528393547567,172.90634447277904,13.796902828821446,mdma_purple_black,warm_indoor,13,4,13
155.13376134937025,163.7488261252036,11.067089136748715,mdma_purple_black,overcast,11,3,9
155.37871976411674,170.31683523381386,59.120874637613284,mdma_purple_black,harsh_direct,59,19,50
151.1906887997208,179.3819985158711,57.340202309256895,mdma_purple_black,daylight,57,17,54
154.09358908207972,147.34049678010797,76.25115221673178,mdma_purple_black,fluorescent,76,32,68
149.52620164357091,174.06892021599768,48.28963505558041,mdma_purple_black,warm_indoor,48,15,47
152.67180813118568,153.0994095789356,24.793240487724272,mdma_purple_black,overcast,24,9,23
148.02376467723724,170.7316991228058,81.09476467721568,mdma_purple_black,harsh_direct,79,26,81
149.7336626964351,147.28884917629665,49.65141599187928,mdma_purple_black,daylight,49,20,49
154.07680984911522,146.25470699067031,86.47700988343254,mdma_purple_black,fluorescent,86,36,78
150.4966178850229,164.22800228196144,52.02376008618909,mdma_purple_black,warm_indoor,52,18,50
153.345299526212,149.62994130133416,35.947265379062735,mdma_purple_black,overcast,35,14,32
152.60917360336262,166.0942006110017,77.71926440022501,mdma_purple_black,harsh_direct,77,27,71
151.38931967751847,194.6594910269851,32.499311472871625,mdma_purple_black,daylight,32,7,30
153.63109409681687,169.67258020413436,54.894256815536565,mdma_purple_black,fluorescent,54,18,49
151.9309991495778,193.99025701808378,16.13200105645289,mdma_purple_black,warm_indoor,16,3,14
155.74611086427316,184.4498300167175,10.017291524184696,mdma_purple_black,overcast,10,2,8
157.70715282115972,189.05977671759194,54.61169976736063,mdma_purple_black,harsh_direct,54,14,43
162.97833919591523,198.55699097560174,68.59563231785903,mdma_purple_black,daylight,68,15,43
162.7098786918865,181.12886775082927,91.06971886044445,mdma_purple_black,fluorescent,91,26,61
157.33364823124498,201.365776278382,40.05294832953423,mdma_purple_black,warm_indoor,40,8,31
161.4355312791336,172.08999468151416,45.154799208024144,mdma_purple_black,overcast,45,14,32
163.0229014093565,202.616301826072,87.48715737660466,mdma_purple_black,harsh_direct,87,17,55
165.42426101257186,173.46655391431696,46.11837809747756,mdma_purple_black,daylight,46,14,29
162.59486751875815,184.50312045080076,49.74456486122374,mdma_purple_black,fluorescent,49,13,33
161.76466222306695,211.99713256462087,29.382073171721235,mdma_purple_black,warm_indoor,29,4,19
163.39677639367017,196.95414117393597,11.996955971226548,mdma_purple_black,overcast,11,2,7
168.68943685899444,192.28787089534876,65.27406785494557,mdma_purple_black,harsh_direct,65,16,33
159.68418789285147,157.66659947495333,70.7971465200197,mdma_purple_black,daylight,70,27,55
156.94366571247733,141.94279554976168,98.85968996420493,mdma_purple_black,fluorescent,98,43,84
156.48305330777447,157.39600505330915,57.42581254226987,mdma_purple_black,warm_indoor,57,21,48
157.66695525174651,164.76482033159382,39.28987371147471,mdma_purple_black,overcast,39,13,32
153.84616266171557,164.536550952857,100.18251579889193,mdma_purple_black,harsh_direct,100,35,90
161.66310820700127,185.92491745667226,43.3079898308433,mdma_purple_black,daylight,43,11,30
162.315869263053,178.61850808627094,41.55617034359241,mdma_purple_black,fluorescent,41,12,28
162.932979338895,204.747057810609,24.789481665042068,mdma_purple_black,warm_indoor,24,4,15
165.71524154017027,187.3680750195021,15.915630393244292,mdma_purple_black,overcast,15,4,9
161.90305065351563,202.01834313652935,50.25331578184648,mdma_purple_black,harsh_direct,50,10,33
148.8107123164448,163.28731969847996,58.0587402070076,mdma_purple_black,daylight,57,20,58
151.19506885466672,151.7129436707651,56.412678218339224,mdma_purple_black,fluorescent,56,22,54
143.92165118645048,172.6982644737626,37.30104849512287,mdma_purple_black,warm_indoor,32,12,37
152.3662002560071,187.02033147384304,33.60114892154426,mdma_purple_black,overcast,33,8,30
148.45912582161145,172.88664168902352,64.753161088454,mdma_purple_black,harsh_direct,63,20,64
157.45902219088165,146.8505227209042,32.724356696893,mdma_purple_black,daylight,32,13,27
157.414946567106,125.29244342109543,61.534489919912986,mdma_purple_black,fluorescent,61,31,53
151.45305082589013,154.98243605375762,30.829963407131018,mdma_purple_black,warm_indoor,30,12,29
157.32200292075862,138.8314787001027,8.998453192918596,mdma_purple_black,overcast,8,4,7
154.07447924311967,154.10899164059362,52.43614919515695,mdma_purple_black,harsh_direct,52,20,47
152.2358043252139,150.85706060474365,69.09704788407599,mdma_purple_black,daylight,69,28,64
153.06947746594474,151.59157019708928,82.55202791687617,mdma_purple_black,fluorescent,82,33,76
146.32569256391827,178.8800844366153,78.84946309586137,mdma_purple_black,warm_indoor,73,23,78
152.7290748749072,173.62311977246634,48.407203073050624,mdma_purple_black,overcast,48,15,44
153.7080590013696,185.40777786813982,83.10785259643994,mdma_purple_black,harsh_direct,83,22,73
156.32712469574656,186.0289070158982,45.0555822751927,mdma_purple_black,daylight,45,12,37
155.84875107912728,154.20228046530252,66.83439043133832,mdma_purple_black,fluorescent,66,26,57
152.94033941707812,194.8702199387386,42.719481058379415,mdma_purple_black,warm_indoor,42,10,38
156.287490981146,176.43006285720585,39.25798707743286,mdma_purple_black,overcast,39,12,32
154.46953741023216,196.12634208373913,66.22772813777678,mdma_purple_black,harsh_direct,66,15,57
153.00182804640116,169.61477157298012,44.81037575351629,mdma_purple_black,daylight,44,15,40
151.47633126149643,145.72817937234532,66.72930699785466,mdma_purple_black,fluorescent,66,28,63
153.09648157856188,152.28466022646327,40.89733771893647,mdma_purple_black,warm_indoor,40,16,37
153.57626305946744,166.01966176657902,31.39307676123992,mdma_purple_black,overcast,31,10,28
152.7643539509001,156.5832797428159,72.86489346642026,mdma_purple_black,harsh_direct,72,28,67
154.37892875336456,146.05080629989035,47.58649353741155,mdma_purple_black,daylight,47,20,42
156.39077380039146,139.46274438648567,68.12371607076373,mdma_purple_black,fluorescent,68,30,59
150.21058749081436,166.1783957438977,40.19905486170224,mdma_purple_black,warm_indoor,40,14,39
157.54722008382595,141.9079194113651,33.15779167488184,mdma_purple_black,overcast,33,14,27
157.51616401778833,156.83887538339158,86.63142526812541,mdma_purple_black,harsh_direct,86,33,71
150.8334678526795,161.55787681482497,29.015834925215053,mdma_purple_black,daylight,29,10,27
152.29740577067807,157.73327053617206,60.044160608952666,mdma_purple_black,fluorescent,60,22,56
145.73292573912718,172.08286999650105,21.809302158240026,mdma_purple_black,warm_indoor,20,7,21
151.06452183811376,157.68903391633557,25.403832508691348,mdma_purple_black,overcast,25,9,24
151.73584154118208,175.45709384289393,63.775980865874395,mdma_purple_black,harsh_direct,63,19,59
157.77058526208552,145.55598732579926,55.43016036992339,mdma_purple_black,daylight,55,23,46
161.41091483745262,128.34394169890624,80.49528343805022,mdma_purple_black,fluorescent,80,39,63
153.2166282155146,163.11384219371354,63.355198302088866,mdma_purple_black,warm_indoor,63,22,57
160.32524773944454,139.83045864882706,53.28920872897642,mdma_purple_black,overcast,53,24,42
158.36804844149825,144.20322048351528,78.92046597089558,mdma_purple_black,harsh_direct,78,34,65
153.66982200759043,192.0503800778174,51.82061953544165,mdma_purple_black,daylight,51,12,45
157.0606815942104,176.31534119513657,56.64036510862964,mdma_purple_black,fluorescent,56,17,46
153.71349774248122,173.0957012214667,45.87444001140483,mdma_purple_black,warm_indoor,45,14,41
159.91040718821336,177.15157958786293,43.25359275340557,mdma_purple_black,overcast,43,13,32
156.36563469278195,200.9931499596578,76.14957317388827,mdma_purple_black,harsh_direct,76,16,61
165.57771065291325,196.29771957193938,72.36036096045888,mdma_purple_black,daylight,72,16,41
167.11859084151226,174.6614333369977,84.92252813627813,mdma_purple_black,fluorescent,84,26,49
160.1968059787847,207.95465592338778,68.83336717607756,mdma_purple_black,warm_indoor,68,12,48
162.78143377652611,184.1516116062809,41.09831465870986,mdma_purple_black,overcast,41,11,27
164.4980638193469,182.8631395195531,93.8702231637201,mdma_purple_black,harsh_direct,93,26,59
151.93457080394185,153.85153429740095,88.77096104939619,mdma_purple_black,daylight,88,35,83
156.63958181623082,158.9538104405223,103.6768099679084,mdma_purple_black,fluorescent,103,39,87
148.87926988867508,161.61803207725472,84.36631034019533,mdma_purple_black,warm_indoor,83,30,84
152.60099608036427,145.6482505903177,61.340391628026296,mdma_purple_black,overcast,61,26,57
153.71593273622918,169.1314952973416,107.27490378027221,mdma_purple_black,harsh_direct,107,36,96
167.29052456168588,174.44840190652718,108.7373444411967,mdma_purple_black,daylight,108,34,63
163.00107983863342,166.6174163290909,131.52637568986424,mdma_purple_black,fluorescent,131,45,91
159.68193713499696,190.8452430854522,96.49446767214663,mdma_purple_black,warm_indoor,96,24,71
163.09316711764964,177.50503789661855,71.76769317278436,mdma_purple_black,overcast,71,21,48
159.05152108954252,193.24410250585635,121.66356297532298,mdma_purple_black,harsh_direct,121,29,91
155.6442095379762,198.18667448721226,38.39369638198336,mdma_purple_black,daylight,38,8,31
156.24241449287507,188.82399313176091,55.65437449054926,mdma_purple_black,fluorescent,55,14,45
155.61267020532418,202.94528451845378,50.495505637381825,mdma_purple_black,warm_indoor,50,10,41
156.9726515063288,194.2191661743242,23.635177505433504,mdma_purple_black,overcast,23,5,18
157.84825649199982,196.54007615763456,80.23254678063026,mdma_purple_black,harsh_direct,80,18,62
152.4424751826589,187.16933536291936,84.5208971788429,mdma_purple_black,daylight,84,22,77
156.64913214569205,171.02913405974337,86.69776287435316,mdma_purple_black,fluorescent,86,28,72
150.98044948885723,178.89855472934582,73.69311948577004,mdma_purple_black,warm_indoor,73,21,70
153.80432683410623,164.05092426349816,64.01217391194108,mdma_purple_black,overcast,64,22,57
148.94122237947215,189.2483478988799,82.27876579643205,mdma_purple_black,harsh_direct,81,21,82
161.37416404056003,132.982223270116,49.35047052652721,mdma_purple_black,daylight,49,23,38
160.1287386779155,144.11881816755306,59.41628120478124,mdma_purple_black,fluorescent,59,25,47
156.80068870950956,147.82968368993278,19.41100850807912,mdma_purple_black,warm_indoor,19,8,16
160.7472332679931,123.80250984121892,23.317753809746552,mdma_purple_black,overcast,23,11,18
159.17351763416585,155.49430918986027,60.354741198678525,mdma_purple_black,harsh_direct,60,23,48
159.4863537627885,179.03595473614007,56.22674975444053,mdma_purple_black,daylight,56,16,42
162.3986069434496,145.0885015341819,67.3823247580935,mdma_purple_black,fluorescent,67,29,50
155.9901668516297,178.93431232381863,41.752530043930534,mdma_purple_black,warm_indoor,41,12,35
154.2770205869993,151.6426220979097,23.269436295894852,mdma_purple_black,overcast,23,9,20
156.46765269406137,161.57821467339144,68.52905177162818,mdma_purple_black,harsh_direct,68,25,57
155.80803149885767,181.4596657576932,39.6334030491186,mdma_purple_black,daylight,39,11,33
156.90576938036634,158.24892540198738,52.15882455339222,mdma_purple_black,fluorescent,52,19,43
153.4879054164075,200.1408736506289,20.256432402660312,mdma_purple_black,warm_indoor,20,4,17
156.15797217824823,174.0477797420244,16.65479480638501,mdma_purple_black,overcast,16,5,13
155.22588645588488,183.50132764174597,67.9586820610153,mdma_purple_black,harsh_direct,67,19,58
157.40024641577517,166.90063836974923,48.100169638978166,mdma_purple_black,daylight,48,16,39
159.40679939302132,173.4403165561017,65.8454933557249,mdma_purple_black,fluorescent,65,21,50
157.38371570667454,179.96880819542702,53.04243540553691,mdma_purple_black,warm_indoor,53,15,42
159.22600912897974,167.06129301445878,39.6403740207857,mdma_purple_black,overcast,39,13,30
153.87507909975818,185.56026910795708,83.26652902113939,mdma_purple_black,harsh_direct,83,22,73
161.89627068603056,200.12074679342058,37.520052689404906,mdma_purple_black,daylight,37,8,24
166.50610609282387,188.017831724884,45.28473193042499,mdma_purple_black,fluorescent,45,11,25
156.49773350256416,216.41670486668784,25.591450007428133,mdma_purple_black,warm_indoor,25,3,20
165.60837300342666,171.13437781558255,40.82801112238181,mdma_purple_black,overcast,40,13,25
161.57394392559203,200.5939233091741,62.23518490995825,mdma_purple_black,harsh_direct,62,13,41
152.45595974721087,174.15433417017152,68.55854474437355,mdma_purple_black,daylight,68,21,63
155.97975100158285,163.38830575517653,69.47560582694528,mdma_purple_black,fluorescent,69,24,59
149.9174573643698,175.3229196265068,60.542826286668245,mdma_purple_black,warm_indoor,60,18,59
159.0394652017084,144.37142096981336,46.16644743238299,mdma_purple_black,overcast,46,20,37
154.24867186385688,171.53076211258914,96.98160121125835,mdma_purple_black,harsh_direct,96,31,85
153.83554569992148,182.39287846249533,82.90328947038336,mdma_purple_black,daylight,82,23,73
153.8038473823274,151.96947408574857,107.63883981400693,mdma_purple_black,fluorescent,107,43,97
150.74444851892437,176.05720050671732,72.6249296968992,mdma_purple_black,warm_indoor,72,22,69
156.393105766025,169.80228661891869,68.02168949096861,mdma_purple_black,overcast,68,22,57
154.52598670394417,184.76597533553655,116.39691251906595,mdma_purple_black,harsh_direct,116,32,101
163.92348520514588,189.99224861699113,50.42200437170566,mdma_purple_black,daylight,50,12,31
165.59777300186698,174.6773014427035,64.95476071086365,mdma_purple_black,fluorescent,64,20,40
159.57541345327778,186.39717855944542,32.69520485101685,mdma_purple_black,warm_indoor,32,8,24
162.15341283866118,188.62455997166643,19.44874152433561,mdma_purple_black,overcast,19,5,13
160.14082857273115,197.51652053297323,67.5245929569553,mdma_purple_black,harsh_direct,67,15,48
153.57303189301138,152.00115180370034,54.308167201599524,mdma_purple_black,daylight,54,21,49
148.2729534465426,138.33595987899358,56.108615834665855,mdma_purple_black,fluorescent,55,25,56
147.0829030354571,159.34879938633858,47.521901327653964,mdma_purple_black,warm_indoor,45,17,47
150.58829271951913,154.12144484840488,33.73533694572517,mdma_purple_black,overcast,33,13,32
150.87102875341188,166.77682233759884,66.8475976660146,mdma_purple_black,harsh_direct,66,23,64
154.4561463716945,180.49606392442246,79.1495565387528,mdma_purple_black,daylight,79,23,69
160.20363452844552,159.84906213389243,85.67917085890569,mdma_purple_black,fluorescent,85,31,65
151.48543632200276,185.2783883288224,64.85774276497163,mdma_purple_black,warm_indoor,64,17,61
157.1562246132499,175.36671525537687,50.13568728871287,mdma_purple_black,overcast,50,15,40
155.31043179147687,194.54356677862515,99.46267659138206,mdma_purple_black,harsh_direct,99,23,83
153.95221892432681,150.66320096848918,50.980072129476795,mdma_purple_black,daylight,50,20,46
157.87700922965826,165.70004132942992,63.27061324674566,mdma_purple_black,fluorescent,63,22,51
150.04951129501214,185.73166434451213,37.26987022879182,mdma_purple_black,warm_indoor,37,10,36
159.58265305564018,163.7648978211207,28.461194199756218,mdma_purple_black,overcast,28,10,22
154.15347939818034,178.45949756150114,71.16861138409723,mdma_purple_black,harsh_direct,71,21,62
162.512287661842,136.4467397471249,56.53149562989795,mdma_purple_black,daylight,56,26,42
164.3853193562209,131.7887252799945,86.61575119027637,mdma_purple_black,fluorescent,86,41,63
158.32720041403897,144.40127085592317,40.451558250219904,mdma_purple_black,warm_indoor,40,17,33
163.1966796639171,127.57188594570144,46.23981545005415,mdma_purple_black,overcast,46,23,35
160.61954609112135,150.91800963523727,84.3618176499821,mdma_purple_black,harsh_direct,84,34,65
162.02422571812258,163.20195695471264,84.22165655973944,mdma_purple_black,daylight,84,30,60
160.14516816004232,155.1254317383463,86.32146960971178,mdma_purple_black,fluorescent,86,33,66
156.525274054032,154.80431945789658,83.74601495181048,mdma_purple_black,warm_indoor,83,32,71
162.4382934537859,163.78899832367597,58.652799784004685,mdma_purple_black,overcast,58,20,41
161.00213713553418,157.83528879726788,121.62341485019357,mdma_purple_black,harsh_direct,121,46,91
168.59714523702775,187.80424068296276,87.77079966073761,mdma_purple_black,daylight,87,23,45
169.29133720287697,173.05581856739042,81.46054891066764,mdma_purple_black,fluorescent,81,26,44
161.2904303321264,180.02317675672492,78.30744613862099,mdma_purple_black,warm_indoor,78,23,55
165.6080799535438,166.6329146620354,48.962317414951634,mdma_purple_black,overcast,48,16,31
166.6782002325081,174.72508027304937,98.83496128077607,mdma_purple_black,harsh_direct,98,31,59
154.94409092765542,140.79697020005628,67.89778599704844,mdma_purple_black,daylight,67,30,60
154.895391544541,150.96078003453297,86.43056232025265,mdma_purple_black,fluorescent,86,35,76
151.7073984073927,159.5199853694013,70.12041840297802,mdma_purple_black,warm_indoor,70,26,66
154.95244217085983,135.55063651084978,67.86024545548197,mdma_purple_black,overcast,67,31,60
155.90213982172008,140.09808492087672,90.78594164060684,mdma_purple_black,harsh_direct,90,40,79
152.44324329422446,166.33757613405805,98.91849447294494,mdma_purple_black,daylight,98,34,91
149.70333989714146,153.41170452875946,103.99598208455147,mdma_purple_black,fluorescent,103,41,102
146.71550047506886,162.3810650322576,76.95104736024157,mdma_purple_black,warm_indoor,72,27,76
151.00550833277953,162.0441566788419,83.22210872383414,mdma_purple_black,overcast,83,30,79
148.93313272601884,153.383955797085,115.91296713370883,mdma_purple_black,harsh_direct,115,46,115
166.3406192586239,168.8262803089872,49.02232863973358,mdma_purple_black,daylight,49,16,30
166.74435170661857,171.05029751252187,56.1851182249232,mdma_purple_black,fluorescent,56,18,33
164.2147975420515,189.80229538422898,52.247800595908586,mdma_purple_black,warm_indoor,52,13,32
168.1827783058921,180.19473266624533,29.079902150185625,mdma_purple_black,overcast,29,8,15
163.7441305912655,186.08860687258027,74.50398445709844,mdma_purple_black,harsh_direct,74,20,47
154.45868912768663,156.929652805422,40.792657049221184,mdma_purple_black,daylight,40,15,36
154.1515336324336,160.92822927244973,51.94860107627932,mdma_purple_black,fluorescent,51,19,46
150.25178824632587,175.079991099577,25.24987130550159,mdma_purple_black,warm_indoor,25,7,24
155.92314287078338,161.7360385139101,9.68167001990447,mdma_purple_black,overcast,9,3,8
154.95567957133727,149.71801595740206,52.226577131822715,mdma_purple_black,harsh_direct,52,21,46
166.54075371341662,174.20966783384918,85.56830890311196,mdma_purple_black,daylight,85,27,51
163.68884585719098,165.92922117116885,85.9224612375127,mdma_purple_black,fluorescent,85,30,58
161.4178857903414,207.6369953156457,80.92227899437671,mdma_purple_black,warm_indoor,80,15,53
166.0725769352742,180.31221995457062,56.06377135318033,mdma_purple_black,overcast,56,16,33
166.13217102541614,197.89650386644428,105.26024935972967,mdma_purple_black,harsh_direct,105,23,58
150.52935205316717,183.75245620094663,100.5893958864145,mdma_purple_black,daylight,100,28,97
151.41727810524566,178.66614197015215,94.49650889816309,mdma_purple_black,fluorescent,94,28,89
149.63736112042176,188.03189280905465,84.56145029982973,mdma_purple_black,warm_indoor,84,22,83
153.43722945218252,182.48648444689164,77.35282304714252,mdma_purple_black,overcast,77,21,69
148.64766721871737,186.00177355000812,111.91377274885039,mdma_purple_black,harsh_direct,110,30,111
151.91836164935555,137.6177918722605,23.98886703135208,mdma_purple_black,daylight,23,11,22
151.49381395067775,144.47343009264162,50.192894397006995,mdma_purple_black,fluorescent,50,21,47
148.78012052713714,170.74662934640855,26.569289240242814,mdma_purple_black,warm_indoor,26,8,26
152.18104423611646,137.9899448537996,20.10313926902173,mdma_purple_black,overcast,20,9,19
152.23397280201652,161.3336468754393,69.73969741550113,mdma_purple_black,harsh_direct,69,25,65
158.41469728830458,184.12876372034043,76.02000087324005,mdma_purple_black,daylight,76,21,59
165.16768514536534,171.66339033466727,95.71682152568034,mdma_purple_black,fluorescent,95,31,61
157.00063282736886,181.60515751617766,69.60610533762834,mdma_purple_black,warm_indoor,69,20,56
161.9945179438301,176.99782445465198,60.749848204369734,mdma_purple_black,overcast,60,18,42
163.20113239734283,171.97794126701604,95.6909128335783,mdma_purple_black,harsh_direct,95,31,65
151.1599279092398,147.4410309547398,58.959307307762174,mdma_purple_black,daylight,58,24,56
151.13618980799774,160.47941493961042,79.5144850826104,mdma_purple_black,fluorescent,79,29,76
147.5802423775234,188.86664449203835,47.16057964882504,mdma_purple_black,warm_indoor,45,12,47
152.8097957316275,143.08764815991145,40.5358615980236,mdma_purple_black,overcast,40,17,37
150.70452793728725,169.90785955010978,82.14143226903279,mdma_purple_black,harsh_direct,82,27,79
148.10986627141563,186.07913321809903,76.11440768070861,mdma_purple_black,daylight,74,20,76
151.64746193445555,150.1982559602983,102.11167344969947,mdma_purple_black,fluorescent,102,41,97
150.78479145149117,182.7578502285235,60.097063813285814,mdma_purple_black,warm_indoor,60,17,57
155.00406266584952,176.41402956822915,43.63805041237242,mdma_purple_black,overcast,43,13,37
151.4313856413003,180.57314782323354,108.98613567568607,mdma_purple_black,harsh_direct,108,31,103
149.60316053532443,184.49964870812545,96.10970357365662,mdma_purple_black,daylight,96,26,95
157.48281133706033,166.4253962642339,92.2781157989062,mdma_purple_black,fluorescent,92,32,75
148.50748356907528,177.1536371835951,65.12650986795667,mdma_purple_black,warm_indoor,64,19,65
155.76702377757672,181.50999255082138,73.63546408271073,mdma_purple_black,overcast,73,21,62
151.44150801728563,174.87928834072326,115.19261447643181,mdma_purple_black,harsh_direct,115,36,109
149.90479530782915,183.449436746319,46.37575091734924,mdma_purple_black,daylight,46,13,45
153.99306687557404,167.02332972075092,57.963563046959976,mdma_purple_black,fluorescent,57,19,51
149.5512760823223,191.46517726536428,41.27629161785822,mdma_purple_black,warm_indoor,41,10,40
149.22374999964242,169.39559245288598,37.81503649327551,mdma_purple_black,overcast,37,12,37
147.4032220834513,177.03112208817123,85.98917987874025,mdma_purple_black,harsh_direct,82,26,85
152.49662319294768,175.8493594444777,73.37404904692916,mdma_purple_black,daylight,73,22,67
155.34416024222952,160.88536123629916,75.98228581458628,mdma_purple_black,fluorescent,75,28,66
151.8290440538838,191.4792660006103,62.95896413694112,mdma_purple_black,warm_indoor,62,15,58
155.30011487105847,160.5806468735834,62.96963868945024,mdma_purple_black,overcast,62,23,54
152.38742666151236,161.93419596253372,75.93927346204364,mdma_purple_black,harsh_direct,75,27,70
155.83907479936732,192.30910032082332,17.515952523480113,mdma_purple_black,daylight,17,4,14
163.59710354322905,169.17827628256254,51.482629011549804,mdma_purple_black,fluorescent,51,17,34
154.8927911897527,182.1177486925922,5.802978711444067,mdma_purple_black,warm_indoor,5,1,5
158.27042379388283,172.74408748604776,0.0,mdma_purple_black,overcast,0,0,0
154.47428584840358,179.83818247547532,43.537069219924604,mdma_purple_black,harsh_direct,43,12,38
157.65969556686548,196.58703554408996,35.73366525270791,mdma_purple_black,daylight,35,8,27
161.00462155557892,186.38812995277212,57.721449402322975,mdma_purple_black,fluorescent,57,15,40
155.8989464524334,212.28528211750034,25.274484087319976,mdma_purple_black,warm_indoor,25,4,20
161.16563124303852,187.87911593894626,23.40338860574991,mdma_purple_black,overcast,23,6,16
159.0800427430333,193.3644729755759,73.28346063308109,mdma_purple_black,harsh_direct,73,17,54
166.72066505265985,180.69623082061688,36.8397815665763,mdma_purple_black,daylight,36,10,21
166.1329986551364,175.39459138418215,43.48191046442662,mdma_purple_black,fluorescent,43,13,26
163.74179907189082,172.7109616441102,17.81523972837911,mdma_purple_black,warm_indoor,17,5,11
165.84866796181868,175.3210378019122,20.654477510211112,mdma_purple_black,overcast,20,6,12
167.27987622627964,184.21770417553785,62.30066220605732,mdma_purple_black,harsh_direct,62,17,34
161.65638196257584,173.66385800808348,63.95874716997304,mdma_purple_black,daylight,63,20,45
160.2664767477994,179.8055090387856,84.12804246392585,mdma_purple_black,fluorescent,84,24,62
157.86571680780696,171.75829644345373,53.17578188160887,mdma_purple_black,warm_indoor,53,17,42
163.48914234423347,174.7274840231097,37.35643967511798,mdma_purple_black,overcast,37,11,25
159.86372668948434,172.93611839843481,93.3427801408792,mdma_purple_black,harsh_direct,93,30,70
154.2785338874523,182.8235458519372,16.51904938210349,mdma_purple_black,daylight,16,4,14
154.0935811230117,183.91279059249572,31.7482814596609,mdma_purple_black,fluorescent,31,8,27
148.07687687791648,213.10377904297584,9.155897909358131,mdma_purple_black,warm_indoor,8,1,9
157.96269401203912,189.29323211105364,0.0,mdma_purple_black,overcast,0,0,0
157.75450879659132,210.59638943686,46.107235011626514,mdma_purple_black,harsh_direct,46,8,35
161.91368864719828,186.95857609565124,23.45723134512496,mdma_purple_black,daylight,23,6,16
161.9832474524998,167.08253019779664,60.96146895019221,mdma_purple_black,fluorescent,60,21,43
155.6994371435843,186.77559160440288,30.575659727598982,mdma_purple_black,warm_indoor,30,8,25
163.52141301077427,183.21908498940675,14.06255591644196,mdma_purple_black,overcast,14,3,9
159.81900122268974,185.38577346507896,50.98920196371709,mdma_purple_black,harsh_direct,50,13,37
159.2255113748623,186.10451645604627,80.66406482091418,mdma_purple_black,daylight,80,21,60
165.13194819849576,168.21520533983986,91.46061937062873,mdma_purple_black,fluorescent,91,31,59
155.58714191779268,184.44210327703425,71.95881253720228,mdma_purple_black,warm_indoor,71,19,60
159.29689916330412,176.44845718543976,54.14608741468723,mdma_purple_black,overcast,54,16,41
156.7651177637531,186.35893113424459,99.43162090028173,mdma_purple_black,harsh_direct,99,26,80
156.36513172280868,184.6376488453795,36.753574049000974,mdma_purple_black,daylight,36,10,30
158.96940398975676,182.99311818209878,41.14876951292096,mdma_purple_black,fluorescent,41,11,31
154.5363978671568,210.19605200555745,1.1307312950882782,mdma_purple_black,warm_indoor,1,0,0
159.01309799756362,202.20393418936467,7.0759957135850415,mdma_purple_black,overcast,7,1,5
154.57738115754177,204.80823694664832,53.81474245875159,mdma_purple_black,harsh_direct,53,10,45
154.4410357748322,164.17176227550047,74.63291883731468,mdma_purple_black,daylight,74,26,66
156.90311899894672,140.22800749448263,110.04567672013042,mdma_purple_black,fluorescent,110,49,94
152.41317600820483,161.47173102244992,84.952911802084,mdma_purple_black,warm_indoor,84,31,79
159.41159402479607,146.09130702228194,70.26041975550183,mdma_purple_black,overcast,70,30,56
156.47849230178022,159.2042720405675,108.06215592689293,mdma_purple_black,harsh_direct,108,40,91
165.81609106682168,205.1749378329059,49.82385057201225,mdma_purple_black,daylight,49,9,27
165.07998986925023,184.5654573748274,78.10053035865339,mdma_purple_black,fluorescent,78,21,47
163.75559290152245,201.41986684650055,66.43919456839872,mdma_purple_black,warm_indoor,66,13,40
169.4968062532706,183.79181266863438,33.83777407122726,mdma_purple_black,overcast,33,9,17
169.94907260124924,203.71011991947964,102.83202923312874,mdma_purple_black,harsh_direct,102,20,45
157.23612476431973,191.897925939974,67.50170916207881,mdma_purple_black,daylight,67,16,53
162.31437565144319,172.2266909548177,90.97827860099441,mdma_purple_black,fluorescent,90,29,63
154.22626833635422,200.25942628648275,70.93543099820184,mdma_purple_black,warm_indoor,70,15,61
156.2752563494946,180.00232238558777,70.87322582877397,mdma_purple_black,overcast,70,20,58
154.1005683373778,202.3616616444497,94.86543569010756,mdma_purple_black,harsh_direct,94,19,82
151.87410088239832,172.88484861289214,50.61050020351053,mdma_purple_black,daylight,50,16,47
151.01212357078782,173.77044518042078,63.321922643174375,mdma_purple_black,fluorescent,63,20,60
149.0435862779439,180.1803133274965,32.41651039321816,mdma_purple_black,warm_indoor,32,9,32
155.35255767858612,159.2042300567968,46.61318694821285,mdma_purple_black,overcast,46,17,40
152.86805494322405,182.47741972307054,87.48212961649881,mdma_purple_black,harsh_direct,87,24,79
155.9311502805524,162.40403326199961,52.05285826646092,mdma_purple_black,daylight,52,18,44
154.83957579095792,152.08109014602095,59.841189376507174,mdma_purple_black,fluorescent,59,24,53
153.05439425943996,187.17706206837127,49.443482489101314,mdma_purple_black,warm_indoor,49,13,44
151.39606390081016,158.7351451723979,54.51321609328276,mdma_purple_black,overcast,54,20,51
150.77940172128118,157.25661117777685,91.86447839480853,mdma_purple_black,harsh_direct,91,35,88
156.49425318495187,181.76132671568786,54.191509255714884,mdma_purple_black,daylight,54,15,44
156.6453758579993,168.4673745635482,62.33476852099255,mdma_purple_black,fluorescent,62,21,52
151.67215794653467,169.66128843013175,41.270493929811884,mdma_purple_black,warm_indoor,41,13,38
156.29899498826188,151.90629644274952,32.772793442811505,mdma_purple_black,overcast,32,13,28
159.0953024268628,179.04638479732247,82.85106999002045,mdma_purple_black,harsh_direct,82,24,63
155.76125664628663,145.5458461543379,54.19163670553344,mdma_purple_black,daylight,54,23,47
151.26339149584896,139.17204348830003,47.77155266229324,mdma_purple_black,fluorescent,47,21,45
153.16306826500426,157.3042178202632,44.76442949001316,mdma_purple_black,warm_indoor,44,17,41
155.96543325772654,156.45286477339388,31.269488187307623,mdma_purple_black,overcast,31,12,26
154.08790555238528,156.35733147318314,60.368939274077434,mdma_purple_black,harsh_direct,60,23,54
154.20386650784164,154.3824770494857,54.03202989384221,mdma_purple_black,daylight,54,21,48
158.45613129879806,151.2722334776094,61.4573249628902,mdma_purple_black,fluorescent,61,24,50
151.1053405778654,177.52831554108434,55.93578620200195,mdma_purple_black,warm_indoor,55,16,53
154.13060475237342,145.31137597233686,30.75726817382429,mdma_purple_black,overcast,30,13,27
154.36736809665675,144.8512133124075,94.32675677974214,mdma_purple_black,harsh_direct,94,40,84
157.09166102736737,199.72100642598792,19.630130561336916,mdma_purple_black,daylight,19,4,15
157.22409620397704,174.05497177950176,49.62841627311437,mdma_purple_black,fluorescent,49,15,40
151.1868018709298,205.47595374532722,14.355172037109721,mdma_purple_black,warm_indoor,14,2,13
158.00212417740462,189.52996954254476,11.47761564937155,mdma_purple_black,overcast,11,2,8
156.3788914689998,206.3693852259359,53.79331344600763,mdma_purple_black,harsh_direct,53,10,43
163.05344836863804,162.97656386965363,81.87298602652109,mdma_purple_black,daylight,81,29,57
165.07770536744684,172.62759884085432,99.69342248593352,mdma_purple_black,fluorescent,99,32,63
154.6424875333682,168.60927779085574,64.29229245647839,mdma_purple_black,warm_indoor,64,21,56
164.35420916222958,148.31455238481644,58.7162273481117,mdma_purple_black,overcast,58,24,41
161.10399930202666,170.02851901177354,114.91899798398288,mdma_purple_black,harsh_direct,114,38,84
155.38289120703735,166.4184326984977,56.926417623444706,mdma_purple_black,daylight,56,19,49
158.97867423505002,154.86573802010645,62.429535584614285,mdma_purple_black,fluorescent,62,24,49
149.46860265527982,180.4473787169641,26.195856714797632,mdma_purple_black,warm_indoor,26,7,26
154.5158044128164,165.1212937922123,33.10672858591145,mdma_purple_black,overcast,33,11,29
149.6041550566213,172.2736639154681,76.2650066437104,mdma_purple_black,harsh_direct,76,24,75
157.41450066722814,161.8680259700556,72.73802052303002,mdma_purple_black,daylight,72,26,59
160.76252476139055,161.0835479727625,86.30098961014284,mdma_purple_black,fluorescent,86,31,65
152.4987001465097,172.56182371763398,74.40587968134254,mdma_purple_black,warm_indoor,74,24,68
158.7994911981454,153.2319832088698,53.98575492191881,mdma_purple_black,overcast,53,21,43
159.18643720619747,191.26501184679023,102.66513935884332,mdma_purple_black,harsh_direct,102,25,76
164.3885571450554,159.08543780917674,82.69077416244707,mdma_purple_black,daylight,82,31,56
163.24937056383948,144.09045586635003,90.64890138712148,mdma_purple_black,fluorescent,90,39,66
162.83718071550757,169.3046388023986,58.5729336044375,mdma_purple_black,warm_indoor,58,19,40
157.86462407265137,162.88964386735552,50.600709676639276,mdma_purple_black,overcast,50,18,41
160.0349794261079,158.38097378182184,95.08620381013527,mdma_purple_black,harsh_direct,95,36,73
157.04142446789092,156.30025585203805,28.902654791724512,mdma_purple_black,daylight,28,11,24
159.41887065630667,158.0858114894334,44.93858280483647,mdma_purple_black,fluorescent,44,17,35
156.88120501833708,151.01623799813424,35.49934378394983,mdma_purple_black,warm_indoor,35,14,30
158.475955917591,135.64343426490558,7.4184963746386625,mdma_purple_black,overcast,7,3,6
158.68956719111907,149.74095172160617,45.43284674605906,mdma_purple_black,harsh_direct,45,18,36
154.23329081004607,185.17112950258525,56.19107133675599,mdma_purple_black,daylight,56,15,49
158.92476444637822,183.60259369786922,75.26473874920595,mdma_purple_black,fluorescent,75,21,57
149.4630656668528,183.22671272973395,45.94068258403096,mdma_purple_black,warm_indoor,45,12,45
156.35554960049404,182.11212242426362,55.688290330910505,mdma_purple_black,overcast,55,15,46
154.30430507117404,186.47288867745817,94.28647429456927,mdma_purple_black,harsh_direct,94,25,82
153.87318450104655,176.11106102024982,95.9827157846729,mdma_purple_black,daylight,95,29,85
157.64226678136032,190.6324635348178,99.83349261529001,mdma_purple_black,fluorescent,99,25,78
149.18296179861758,202.97858854813273,73.69467541685754,mdma_purple_black,warm_indoor,73,15,73
150.52570424083413,171.36392731969855,56.66283893381634,mdma_purple_black,overcast,56,18,54
151.54435881925457,190.82828217893413,107.09325351827157,mdma_purple_black,harsh_direct,107,26,100
155.95817018021185,175.06050306343508,75.42424915504338,mdma_purple_black,daylight,75,23,63
156.28131412493232,156.58601776170678,99.42640726162905,mdma_purple_black,fluorescent,99,38,84
152.24812227569038,179.1659071176773,49.59037584334357,mdma_purple_black,warm_indoor,49,14,45
154.847971972599,170.4246719511862,57.136349063859264,mdma_purple_black,overcast,57,18,49
154.69744209174598,163.21546028138877,111.6687938237746,mdma_purple_black,harsh_direct,111,40,98
152.04561049195127,136.52088386963393,57.81898136352126,mdma_purple_black,daylight,57,26,54
156.33448317544335,141.71436299228796,79.18121800784219,mdma_purple_black,fluorescent,79,35,68
154.1741696121534,165.286766255513,45.11917092044514,mdma_purple_black,warm_indoor,45,15,40
149.57313400634465,156.88551548649238,47.89835028820158,mdma_purple_black,overcast,47,18,47
155.23666488878678,162.2373335795986,77.23810040467467,mdma_purple_black,harsh_direct,77,28,67
157.15042688026213,146.02321764209498,75.00131526179871,mdma_purple_black,daylight,75,32,63
160.38040991562426,165.1724270378479,83.06959252006807,mdma_purple_black,fluorescent,83,29,62
154.92329850338945,187.4450842845948,59.018908777433644,mdma_purple_black,warm_indoor,59,15,50
163.37384946999117,160.23332706066677,40.81968056556045,mdma_purple_black,overcast,40,15,28
161.2302009983213,168.7345699707811,99.4334023490017,mdma_purple_black,harsh_direct,99,33,72
155.46329725544177,173.0765741363329,39.21472740398664,mdma_purple_black,daylight,39,12,33
156.42587416146577,161.32451210898932,52.97681571295413,mdma_purple_black,fluorescent,52,19,44
153.6623124838334,172.11626923975632,31.725614511119282,mdma_purple_black,warm_indoor,31,10,28
158.25052217232277,173.08527591273446,12.411754690050163,mdma_purple_black,overcast,12,3,9
154.88584029662061,164.8757444967228,55.86567687487437,mdma_purple_black,harsh_direct,55,19,48
149.97835712664317,151.75909547310835,69.12196768240794,mdma_purple_black,daylight,69,27,68
154.45451912743988,147.95606436359208,66.37980318910262,mdma_purple_black,fluorescent,66,27,59
150.1204419757623,164.0461626724041,68.31376877885533,mdma_purple_black,warm_indoor,68,24,66
153.831641735937,152.92405582791952,48.50632753930398,mdma_purple_black,overcast,48,19,43
148.7278418141842,152.88945797111046,95.70411890227884,mdma_purple_black,harsh_direct,94,38,95
155.43220327738507,170.40910882173503,70.79907620004295,mdma_purple_black,daylight,70,23,60
163.31136792353917,151.92649251062198,94.90760066100668,mdma_purple_black,fluorescent,94,38,68
155.28975287932514,183.53116111587553,51.282853055626056,mdma_purple_black,warm_indoor,51,14,43
162.07021536361228,163.93902308354708,50.798550110502546,mdma_purple_black,overcast,50,18,36
156.82852473415662,180.9093942955017,93.9382016198625,mdma_purple_black,harsh_direct,93,27,76
152.17303915276764,166.71019606550848,71.86091128765648,mdma_purple_black,daylight,71,24,67
154.52170086808414,171.25049049013768,68.56928678561593,mdma_purple_black,fluorescent,68,22,60
147.70630167382475,174.12083183036515,44.80848472011656,mdma_purple_black,warm_indoor,43,14,44
152.68691412491765,149.35131502297043,36.529290036907945,mdma_purple_black,overcast,36,15,34
151.76246910810045,162.5991379886304,83.93459051242816,mdma_purple_black,harsh_direct,83,30,79
158.90573395540483,142.57979289094803,31.372341424877,mdma_purple_black,daylight,31,13,25
164.4580633191898,132.84749726996375,70.476009556348,mdma_purple_black,fluorescent,70,33,51
154.4088197975686,145.52196110364875,39.65026582180343,mdma_purple_black,warm_indoor,39,17,35
161.79975704730526,136.22005807213216,23.27028590702463,mdma_purple_black,overcast,23,10,18
159.74341590579942,144.82919631312873,57.20532022928293,mdma_purple_black,harsh_direct,57,24,45
156.96820726413893,186.75652371454035,49.21796191251808,mdma_purple_black,daylight,49,13,39
160.5625851086869,175.92589931435418,72.62112183635722,mdma_purple_black,fluorescent,72,22,53
156.56339647232173,216.99303421096567,43.68849984195304,mdma_purple_black,warm_indoor,43,6,34
156.62551691929312,195.59263749415996,37.117507554155694,mdma_purple_black,overcast,37,8,29
158.7078324283519,192.29082386522543,78.90256500969306,mdma_purple_black,harsh_direct,78,19,59
152.16543978478205,137.04219463515832,65.35658701570875,mdma_purple_black,daylight,65,30,61
157.51654622091718,137.04371963991585,90.8968803418084,mdma_purple_black,fluorescent,90,42,77
156.16204109469152,169.29345849279352,73.70563578527305,mdma_purple_black,warm_indoor,73,24,62
156.2361435471953,140.30993819560834,49.73709048479054,mdma_purple_black,overcast,49,22,43
153.739663522981,152.93086004088474,99.42372246928396,mdma_purple_black,harsh_direct,99,39,90
151.96970270565603,154.91892871283957,54.870762401849376,mdma_purple_black,daylight,54,21,51
155.8277282102956,160.32678435790493,85.50198751689787,mdma_purple_black,fluorescent,85,31,73
147.97942317796364,182.6711805269048,79.18230039995552,mdma_purple_black,warm_indoor,76,22,79
149.22579805404598,174.90532466938106,47.91124686705892,mdma_purple_black,overcast,47,15,47
156.55744403311738,180.63178119024312,108.34011681200232,mdma_purple_black,harsh_direct,108,31,89
146.74371752304012,187.91004929341275,123.38344146689691,mdma_purple_black,daylight,115,32,123
153.77709054354878,185.63875483540235,158.8211928898916,mdma_purple_black,fluorescent,158,43,140
148.40754508942396,190.1742909674473,100.81755059765025,mdma_purple_black,warm_indoor,98,25,100
151.70946778769422,186.27138930113674,103.64114506076795,mdma_purple_black,overcast,103,27,97
151.54508226296252,194.88307253992298,134.05746305131825,mdma_purple_black,harsh_direct,134,31,125
154.5371929384653,212.78116895241385,76.16660522381707,mdma_purple_black,daylight,76,12,64
158.00997332919206,179.6533081541207,85.48451915313345,mdma_purple_black,fluorescent,85,25,67
154.65516972900994,214.43695945109465,58.507421144322734,mdma_purple_black,warm_indoor,58,9,49
157.3817017889488,188.35721066906976,48.87603178817703,mdma_purple_black,overcast,48,12,38
157.49746668747002,190.75160583000593,96.64087503421901,mdma_purple_black,harsh_direct,96,24,76
153.64908693980692,174.95183640389178,44.86618287265297,mdma_purple_black,daylight,44,14,40
151.03058767871977,153.77584390223188,57.33257537864023,mdma_purple_black,fluorescent,57,22,55
146.19320828714362,168.86107086143377,33.82622172851727,mdma_purple_black,warm_indoor,31,11,33
148.62309357069458,173.49211568887722,28.254544276399255,mdma_purple_black,overcast,27,9,28
149.33188711469006,162.17904000748416,89.79629308593695,mdma_purple_black,harsh_direct,89,32,89
162.34448032737697,162.85729148365868,67.65350027426696,mdma_purple_black,daylight,67,24,48
158.0495372176746,151.3212646977706,65.39740359992943,mdma_purple_black,fluorescent,65,26,53
155.4147399281752,168.4520373079412,43.84249721867225,mdma_purple_black,warm_indoor,43,14,37
159.5169177243745,153.0233575792486,38.37661985728306,mdma_purple_black,overcast,38,15,30
163.45314776097445,144.7688157584847,85.83783636071168,mdma_purple_black,harsh_direct,85,37,62
168.30631771068383,160.2255920585458,68.41405336325431,mdma_purple_black,daylight,68,25,40
171.98997163323244,144.34049034964897,99.58116732314718,mdma_purple_black,fluorescent,99,43,56
163.04174971815883,167.59241397865762,75.21489433461352,mdma_purple_black,warm_indoor,75,25,52
167.80622457153495,175.92236057097887,44.425031013573246,mdma_purple_black,overcast,44,13,25
166.92365540873521,191.82581147727853,118.36210423088069,mdma_purple_black,harsh_direct,118,29,65
154.90003199850335,178.69154392473558,51.93645341386027,mdma_purple_black,daylight,51,15,44
157.1063107864591,153.96368682471666,74.42135869658692,mdma_purple_black,fluorescent,74,29,62
152.6829027105853,176.73671052488615,33.205927431106545,mdma_purple_black,warm_indoor,33,10,30
158.77610241896963,168.68269469070904,18.416123235284658,mdma_purple_black,overcast,18,6,14
155.89174633649876,196.13654433975327,78.40043690260798,mdma_purple_black,harsh_direct,78,18,64
152.97410898673778,178.6646171260615,56.43865311931006,mdma_purple_black,daylight,56,16,51
154.5166231159962,170.24642462175353,76.19682216114722,mdma_purple_black,fluorescent,76,25,67
147.76449317389688,184.13956420623728,53.64298734031569,mdma_purple_black,warm_indoor,51,14,53
151.1405059753355,173.33122246053375,56.41806013263874,mdma_purple_black,overcast,56,18,53
152.37231346282672,172.36130186896972,81.46698745534586,mdma_purple_black,harsh_direct,81,26,75
164.30563259742604,163.79796044506563,83.18002086934828,mdma_purple_black,daylight,83,29,56
169.41656562306255,170.93007130500195,97.12278359868687,mdma_purple_black,fluorescent,97,32,52
162.04619044384057,188.29640642050782,81.09003324929715,mdma_purple_black,warm_indoor,81,21,55
165.25909517792672,187.09702863051044,82.0845195813346,mdma_purple_black,overcast,82,21,49
168.4336478565873,177.24350340848065,105.60598519096803,mdma_purple_black,harsh_direct,105,32,58
157.92367556918808,198.90867757465824,30.39171011294281,mdma_purple_black,daylight,30,6,23
161.85363140684308,184.55340644356133,55.92821814999566,mdma_purple_black,fluorescent,55,15,38
151.43767615659195,206.38135141826643,25.3769859957216,mdma_purple_black,warm_indoor,25,4,23
160.19617813430716,194.65251780979946,31.221015194019564,mdma_purple_black,overcast,31,7,22
160.74309424155635,199.91956436373468,38.65428832931569,mdma_purple_black,harsh_direct,38,8,26
149.61369605299151,214.490914206777,56.3629357689904,mdma_purple_black,daylight,56,8,55
149.73231926335527,207.8464033071792,90.8868337773067,mdma_purple_black,fluorescent,90,16,89
145.9723783893878,223.99876969115883,58.38138586337445,mdma_purple_black,warm_indoor,52,7,58
148.47966249295192,201.72778284686487,50.82945147068336,mdma_purple_black,overcast,49,10,50
152.24584058023325,206.56542213501436,95.5564698080724,mdma_purple_black,harsh_direct,95,18,87
155.24533721791784,192.9491111395566,76.61497843135106,mdma_purple_black,daylight,76,18,64
154.43014122625303,180.57789458027838,94.25041497934632,mdma_purple_black,fluorescent,94,27,82
152.91200595695724,203.82660680459338,60.478128155891405,mdma_purple_black,warm_indoor,60,12,54
152.58173689802305,188.85292530289027,45.2575560305556,mdma_purple_black,overcast,45,11,41
154.8724193934233,195.46320272989803,113.27778934265861,mdma_purple_black,harsh_direct,113,26,96
155.1939558737461,204.18479885866842,65.09537969492492,mdma_purple_black,daylight,65,12,54
154.89671487697237,185.28608935187592,75.22694922651806,mdma_purple_black,fluorescent,75,20,64
152.54686391307595,206.86249264263589,52.13168482731203,mdma_purple_black,warm_indoor,52,9,47
154.37196638095116,191.24473831340075,57.64881831898522,mdma_purple_black,overcast,57,14,50
154.73764889348595,206.714206548295,97.79259103389913,mdma_purple_black,harsh_direct,97,18,82
163.705077346077,158.22317619198407,23.44386484987818,mdma_purple_black,daylight,23,8,16
159.41903249138264,152.45919210162458,39.167314163394764,mdma_purple_black,fluorescent,39,15,31
153.7231427372617,170.4076237668555,11.833724738572291,mdma_purple_black,warm_indoor,11,3,10
159.76426829426904,161.24087160578267,0.0,mdma_purple_black,overcast,0,0,0
158.1084635300989,157.19336880947085,54.60363837976,mdma_purple_black,harsh_direct,54,20,44
159.52119185269686,148.43795122453037,73.9373540040227,mdma_purple_black,daylight,73,30,58
162.9397354140103,130.8496740148625,75.25225686096167,mdma_purple_black,fluorescent,75,36,57
157.31370005585953,177.15904089991477,77.18050641399743,mdma_purple_black,warm_indoor,77,23,62
159.95831472621182,155.56160137417598,46.949482133496716,mdma_purple_black,overcast,46,18,36
157.5207156898818,149.9050988914237,122.56313209924079,mdma_purple_black,harsh_direct,122,50,102
7.721296541611408,231.46703315927422,180.62349952130327,amphetamine_orange,daylight,180,59,16
12.56761143138544,244.69414367383547,201.19452682169907,amphetamine_orange,fluorescent,201,89,8
6.228450840310769,255.0,187.74760956883725,amphetamine_orange,warm_indoor,187,39,0
9.80965005815317,232.38951943503585,163.14600332955865,amphetamine_orange,overcast,163,63,14
7.313449381354774,240.13764430220164,222.6241846961647,amphetamine_orange,harsh_direct,222,64,12
6.116006433741137,208.3236856637542,184.7367780669845,amphetamine_orange,daylight,184,64,33
9.21980613091202,208.0988655918246,198.43691075668562,amphetamine_orange,fluorescent,198,86,36
5.948915814367739,229.5019202701195,178.56429169062125,amphetamine_orange,warm_indoor,178,49,17
10.270603796574648,215.8372373540196,168.38513557487624,amphetamine_orange,overcast,168,74,25
7.553827513809721,227.67445223976816,216.20093124260873,amphetamine_orange,harsh_direct,216,72,23
11.593231066917603,252.93448895723003,231.66876903426748,amphetamine_orange,daylight,231,91,1
13.116463726121253,244.30267730572038,250.02769705641137,amphetamine_orange,fluorescent,250,115,10
11.493914233153461,233.98582562086756,198.06702301800826,amphetamine_orange,warm_indoor,198,86,16
13.904573040694071,241.67201343887734,206.41036686205592,amphetamine_orange,overcast,206,101,10
14.216188110801435,252.47920766262624,255.0,amphetamine_orange,harsh_direct,255,122,2
7.256251189668796,212.5780742225087,195.04778885944484,amphetamine_orange,daylight,195,71,32
7.6223474521372365,196.29584607217052,216.23360361209055,amphetamine_orange,fluorescent,216,92,49
0.6898380216525961,207.35181219220803,187.33307032650384,amphetamine_orange,warm_indoor,187,38,35
7.575371159017918,199.01251314051797,180.281059988094,amphetamine_orange,overcast,180,75,39
8.466919231105745,208.32992492994464,220.10044527152021,amphetamine_orange,harsh_direct,220,91,40
10.534208035551272,207.32874568230338,233.315371478628,amphetamine_orange,daylight,233,110,43
6.674000416080425,207.38679686634262,218.48451214547362,amphetamine_orange,fluorescent,218,80,40
6.704631764828154,220.52398807315276,197.9723357592963,amphetamine_orange,warm_indoor,197,65,26
11.259846421965735,196.45882144668815,210.27975853362415,amphetamine_orange,overcast,210,109,48
9.241340021661314,210.3480239930881,236.7440859103988,amphetamine_orange,harsh_direct,236,101,41
5.649638350060632,220.13173902337317,221.41447143945302,amphetamine_orange,daylight,221,66,30
13.038328160171737,217.60440574849767,238.9284462323492,amphetamine_orange,fluorescent,238,124,35
4.467617944901691,255.0,211.16783993109487,amphetamine_orange,warm_indoor,211,31,0
7.726491026681243,218.2802509316407,190.1505170851617,amphetamine_orange,overcast,190,69,27
12.341140993781575,243.7988564918291,243.1196795123874,amphetamine_orange,harsh_direct,243,106,10
7.2649774149128,185.64891386101388,200.8990764530097,amphetamine_orange,daylight,200,90,54
5.077174106967203,173.48219801992116,214.65092712231592,amphetamine_orange,fluorescent,214,93,68
2.658849990050824,192.27494497685632,187.81953087802646,amphetamine_orange,warm_indoor,187,58,46
3.4667754112687645,178.53213825267557,183.23734022359864,amphetamine_orange,overcast,183,69,54
3.3391349709220437,205.06370891655837,219.52304445610227,amphetamine_orange,harsh_direct,219,62,42
11.976791634826986,179.60644610210065,211.8284022614342,amphetamine_orange,daylight,211,122,62
15.509943676102473,180.92249482275483,242.49030536238632,amphetamine_orange,fluorescent,242,159,70
9.924430320532272,207.2331097404632,213.4124848681213,amphetamine_orange,warm_indoor,213,97,39
14.457677389280567,185.84472224375097,195.25349236248096,amphetamine_orange,overcast,195,121,52
13.600648630516867,196.97995947389953,249.88998636283048,amphetamine_orange,harsh_direct,249,144,56
11.850901412113314,222.15416221276212,197.86548200679698,amphetamine_orange,daylight,197,93,25
15.767327149463878,201.70251434333508,211.40896543254277,amphetamine_orange,fluorescent,211,132,44
7.189222458878255,228.52578869188503,183.6423939773703,amphetamine_orange,warm_indoor,183,58,19
15.141357784288909,207.6346901639618,186.6515605333978,amphetamine_orange,overcast,186,111,34
11.735698638387953,217.73660720637662,223.35620571637375,amphetamine_orange,harsh_direct,223,107,32
21.724170958772888,220.84029249823828,173.1347263862625,amphetamine_orange,daylight,173,132,23
15.331283738218513,208.68979282827894,182.91302408395453,amphetamine_orange,fluorescent,182,110,33
14.255514502624992,223.23825114904133,152.72829013757286,amphetamine_orange,warm_indoor,152,82,19
15.076908590724003,195.74323835853048,143.73017339488604,amphetamine_orange,overcast,143,89,33
16.870313237841295,214.28159549081013,218.12623069731995,amphetamine_orange,harsh_direct,218,138,34
10.741240825361515,237.73039136807682,181.59275976227772,amphetamine_orange,daylight,181,73,12
15.228787075145979,216.06548375433488,198.19045670166307,amphetamine_orange,fluorescent,198,115,30
8.814182517512805,237.01885752587597,175.2543007279653,amphetamine_orange,warm_indoor,175,60,12
12.590287568628774,230.61076852577008,175.9550804471519,amphetamine_orange,overcast,175,83,16
12.24396781267832,224.4178095286597,194.79123200962795,amphetamine_orange,harsh_direct,194,93,23
19.42567252978402,212.67186197751337,227.92622586992485,amphetamine_orange,daylight,227,161,37
15.066771927585664,204.75651284972088,241.9728761868833,amphetamine_orange,fluorescent,241,145,47
13.49302329749312,219.3289623752179,217.19411793202363,amphetamine_orange,warm_indoor,217,114,30
13.40996247749096,215.42166291233082,203.93674222549097,amphetamine_orange,overcast,203,109,31
18.30849169403686,221.58519700244332,239.25905824259326,amphetamine_orange,harsh_direct,239,158,31
5.883743850939291,214.65866002573824,183.59388200644767,amphetamine_orange,daylight,183,59,29
8.990037011253879,223.99726158934237,184.88229442602457,amphetamine_orange,fluorescent,184,71,22
1.3455769987528086,242.9274319212571,178.76292365566783,amphetamine_orange,warm_indoor,178,16,8
6.656699766240053,231.04768685753314,163.42638750052717,amphetamine_orange,overcast,163,48,15
5.127125001925047,238.31893299575438,212.66474648093183,amphetamine_orange,harsh_direct,212,48,13
13.614162244817985,203.77615651640753,212.90103801584604,amphetamine_orange,daylight,212,120,42
14.390162659698968,191.00233846376543,208.41565950643547,amphetamine_orange,fluorescent,208,127,52
9.587696524766281,194.00403832272784,204.48879179602744,amphetamine_orange,warm_indoor,204,98,48
14.924609210643522,206.45121557667176,204.7367184841742,amphetamine_orange,overcast,204,121,38
12.92715056025307,203.68971519429564,237.63497024344326,amphetamine_orange,harsh_direct,237,130,47
13.555285227648673,241.6435805714191,214.41805039563897,amphetamine_orange,daylight,214,103,11
14.986314254234992,215.51570555491793,252.098410127617,amphetamine_orange,fluorescent,252,146,39
9.468410069954878,233.85329431628972,213.93096335104696,amphetamine_orange,warm_indoor,213,80,17
16.72000075898222,214.09850501641895,207.2194226083906,amphetamine_orange,overcast,207,130,33
9.375607927520024,238.43700524335293,239.64157076269944,amphetamine_orange,harsh_direct,239,85,15
0.0,201.09481485283115,227.36048326691116,amphetamine_orange,daylight,227,48,48
4.038776706706553,196.65292909144065,236.1111469587962,amphetamine_orange,fluorescent,236,78,54
0.11309468119743737,218.07791539370137,223.0782990465353,amphetamine_orange,warm_indoor,223,33,32
1.5974379479348513,205.37485384280689,201.33101559331357,amphetamine_orange,overcast,201,47,39
3.461082000158611,208.66704980219117,255.0,amphetamine_orange,harsh_direct,255,70,46
7.308294840708774,190.39924750675974,222.14133815487688,amphetamine_orange,daylight,222,96,56
13.387706471434777,194.37325500144004,247.87759692658935,amphetamine_orange,fluorescent,247,143,58
10.268701611258074,211.20298196445626,214.6364281180795,amphetamine_orange,warm_indoor,214,98,36
7.728385712877235,180.750718569404,197.8001068592495,amphetamine_orange,overcast,197,93,57
9.375873942839611,195.13791307115173,252.15009341626183,amphetamine_orange,harsh_direct,252,119,59
13.332728601260172,219.50844789323395,184.3565408263551,amphetamine_orange,daylight,184,96,25
18.48813992018047,209.2419059257655,216.03966331011688,amphetamine_orange,fluorescent,216,148,38
5.295503318469121,227.93703667056513,171.32878620280093,amphetamine_orange,warm_indoor,171,45,18
13.027555249481972,210.42363430339458,172.0708632177404,amphetamine_orange,overcast,172,92,30
10.904587303295243,218.84833314701223,207.50661048378507,amphetamine_orange,harsh_direct,207,94,29
13.814241944311895,219.29696170701013,179.67360478154424,amphetamine_orange,daylight,179,96,25
15.326559422832224,222.04374646569917,191.17948985643858,amphetamine_orange,fluorescent,191,110,24
14.49961833722666,239.299927794479,178.66769770468534,amphetamine_orange,warm_indoor,178,92,11
13.734214287660528,223.30406373434477,169.8705142661043,amphetamine_orange,overcast,169,89,21
14.604984464890837,226.48145723671252,209.45311425557009,amphetamine_orange,harsh_direct,209,114,23
6.85035924852639,248.07997785445272,229.61612144392532,amphetamine_orange,daylight,229,57,6
8.137993606202418,239.60261624861567,237.45272753900707,amphetamine_orange,fluorescent,237,75,14
6.205581214929827,247.84082644006224,226.2789868132953,amphetamine_orange,warm_indoor,226,52,6
8.65840782961931,234.55181929697582,203.36650536261305,amphetamine_orange,overcast,203,70,16
10.979561244041932,234.57157490944883,229.88865717430858,amphetamine_orange,harsh_direct,229,96,18
12.462996257983788,211.23385224092596,203.01261604775902,amphetamine_orange,daylight,203,105,34
18.916556826228877,210.58665926695656,212.9563034508136,amphetamine_orange,fluorescent,212,148,37
11.631384991775596,220.57350810296828,194.90590561538667,amphetamine_orange,warm_indoor,194,92,26
10.899719296180464,213.18221593325464,189.27934270750933,amphetamine_orange,overcast,189,88,31
14.648635893648047,227.0206736311411,237.84464812869774,amphetamine_orange,harsh_direct,237,130,26
10.700562778965454,205.0835629280284,185.2223723892926,amphetamine_orange,daylight,185,89,36
10.772938507467495,200.70942729786753,205.4723144224259,amphetamine_orange,fluorescent,205,102,43
7.052300859544057,224.23608586806148,184.12817471846805,amphetamine_orange,warm_indoor,184,60,22
6.21475304145502,222.84415009350136,170.2259979751858,amphetamine_orange,overcast,170,52,21
5.588709152206897,223.45289565996654,201.2861736194539,amphetamine_orange,harsh_direct,201,57,24
8.53139265437031,178.99785962966521,196.14789749900658,amphetamine_orange,daylight,196,97,58
9.512339669952643,183.51631404201146,213.55926992334918,amphetamine_orange,fluorescent,213,108,59
4.358707475310229,205.39290082538554,184.07288780071158,amphetamine_orange,warm_indoor,184,57,35
6.089567041304071,193.81874612402723,177.4735029701338,amphetamine_orange,overcast,177,70,42
8.450094012315207,208.12619580387212,224.095677413696,amphetamine_orange,harsh_direct,224,92,41
7.4718005838795465,232.16945905411015,151.4166306158637,amphetamine_orange,daylight,151,48,13
11.196878537543657,240.40302662922096,173.93151735311463,amphetamine_orange,fluorescent,173,71,9
7.017841218612906,251.8422659047712,127.19015659935704,amphetamine_orange,warm_indoor,127,31,1
8.181184863059318,235.14571473959455,137.78379560014554,amphetamine_orange,overcast,137,45,10
11.241515181396423,244.71016336717207,172.34080059607345,amphetamine_orange,harsh_direct,172,69,6
17.08376412426655,255.0,208.80952981884093,amphetamine_orange,daylight,208,119,0
19.87004642008012,222.57367009870958,216.81045786103917,amphetamine_orange,fluorescent,216,153,27
15.858638607287121,255.0,196.89848385739526,amphetamine_orange,warm_indoor,196,104,0
21.479568097540145,242.57788020038564,189.858039894859,amphetamine_orange,overcast,189,139,9
15.617507758212254,251.84560726273548,231.49959915659605,amphetamine_orange,harsh_direct,231,122,2
6.031605711987535,246.30111916605182,183.32653756378818,amphetamine_orange,daylight,183,42,6
6.0790207043793165,228.99301552770643,179.2100931566567,amphetamine_orange,fluorescent,179,51,18
1.8471545057376055,255.0,176.0245001767363,amphetamine_orange,warm_indoor,176,10,0
5.828589799550079,255.0,173.02285705143973,amphetamine_orange,overcast,173,33,0
6.200693075367001,252.4983975679358,205.15149582837572,amphetamine_orange,harsh_direct,205,44,2
6.487658743534884,226.52927359822843,248.09244754124566,amphetamine_orange,daylight,248,75,27
8.502780208208947,206.0246150726237,243.29976310155985,amphetamine_orange,fluorescent,243,102,46
3.8719523389527217,236.39610940461196,225.62609141826988,amphetamine_orange,warm_indoor,225,43,16
4.836066511431506,224.69186385900798,216.2749387924352,amphetamine_orange,overcast,216,56,25
6.054522954800369,219.16326609065433,255.0,amphetamine_orange,harsh_direct,255,80,35
6.916578651040661,236.5984340850194,193.94327011290198,amphetamine_orange,daylight,193,55,13
4.390435229710167,231.9301112482997,198.33463812003197,amphetamine_orange,fluorescent,198,44,17
0.0,252.56737165257337,167.95287986520637,amphetamine_orange,warm_indoor,167,1,1
6.190292635987515,233.52039211895692,164.72702469719152,amphetamine_orange,overcast,164,45,13
4.491205759559957,241.2870426961437,203.89652837963646,amphetamine_orange,harsh_direct,203,40,10
10.17579079453255,231.22368272603993,161.28634898272776,amphetamine_orange,daylight,161,64,15
14.914655283135884,229.36329779681563,183.0913511614612,amphetamine_orange,fluorescent,183,100,18
5.898850353014311,240.40923468061925,181.09444915001086,amphetamine_orange,warm_indoor,181,44,10
12.587062511526515,222.0411927947681,151.55733270043353,amphetamine_orange,overcast,151,75,19
12.002171685835238,233.337493349899,211.3195644959324,amphetamine_orange,harsh_direct,211,95,17
6.39707379861095,205.87934998950112,213.56875019145528,amphetamine_orange,daylight,213,78,41
7.20302173665348,184.85049957045192,210.5886344698751,amphetamine_orange,fluorescent,210,94,57
4.194509379782637,209.13516858096003,194.09222140560857,amphetamine_orange,warm_indoor,194,57,34
6.738761183321877,190.08745772582867,198.83662564253504,amphetamine_orange,overcast,198,84,50
6.434252611121965,219.8827204271426,223.57408176034468,amphetamine_orange,harsh_direct,223,72,30
12.10879474534102,225.94274981218265,219.82581159773656,amphetamine_orange,daylight,219,104,25
14.1045135973308,218.95445631640683,236.81626809088408,amphetamine_orange,fluorescent,236,129,33
8.069296350504384,229.0381180529307,204.18286523491443,amphetamine_orange,warm_indoor,204,70,20
10.27968410536733,215.7782888808998,193.05124710810207,amphetamine_orange,overcast,193,85,29
13.71220551258143,236.20523920272637,222.21809005850227,amphetamine_orange,harsh_direct,222,110,16
8.14104157014775,218.12756846708206,219.4073268953289,amphetamine_orange,daylight,219,82,31
12.184293814856213,203.01843339433663,230.9305084910888,amphetamine_orange,fluorescent,230,122,47
9.562071343275285,223.64771189335968,219.47563246099352,amphetamine_orange,warm_indoor,219,88,26
13.763825819763468,216.99867018632446,201.80922835607473,amphetamine_orange,overcast,201,109,30
10.09050955195178,237.13732253811526,251.44543679350812,amphetamine_orange,harsh_direct,251,96,17
13.016196569753406,208.3128309655641,183.7476260937013,amphetamine_orange,daylight,183,99,33
13.396258543995128,202.51939053588012,206.6675113434717,amphetamine_orange,fluorescent,206,116,42
9.913504496640007,200.92363082448807,168.63160546186484,amphetamine_orange,warm_indoor,168,79,35
17.256824096583156,193.86062550763293,168.04523708541942,amphetamine_orange,overcast,168,114,40
12.050727439329371,216.64321101407194,217.65137460309984,amphetamine_orange,harsh_direct,217,107,32
20.556283789849633,214.61019716493954,209.74831863985295,amphetamine_orange,daylight,209,154,33
24.877729087733286,209.57080199118724,200.01724467934415,amphetamine_orange,fluorescent,200,172,35
16.89858338397752,220.32307206318876,183.43791803012425,amphetamine_orange,warm_indoor,183,114,24
18.27913162123719,220.17205119863604,179.19143472147502,amphetamine_orange,overcast,179,119,24
21.575885724221916,227.47239518639606,227.84392543599506,amphetamine_orange,harsh_direct,227,171,24
14.61036340380673,224.1535374757368,163.28016329720543,amphetamine_orange,daylight,163,90,19
13.869504365775187,232.75840876843313,178.37313032410682,amphetamine_orange,fluorescent,178,91,15
11.019980491401363,216.20503485052345,152.27963051153236,amphetamine_orange,warm_indoor,152,70,23
15.904180447446667,202.28583833309014,165.66931804856492,amphetamine_orange,overcast,165,104,34
13.400016453668098,218.91835994748084,195.87606658310796,amphetamine_orange,harsh_direct,195,103,27
14.718685038489367,202.85492325114822,212.49474028659796,amphetamine_orange,daylight,212,126,43
17.514909983664797,185.36593965339307,227.52206714465893,amphetamine_orange,fluorescent,227,159,62
10.838707823908358,211.09697264937054,192.9935262577503,amphetamine_orange,warm_indoor,192,91,33
16.140243038381904,190.89968222718474,185.17744752883544,amphetamine_orange,overcast,185,121,46
12.45911491670345,205.12415435081743,234.65870900337114,amphetamine_orange,harsh_direct,234,124,45
11.361543402322466,211.9980693103819,208.69861000996295,amphetamine_orange,daylight,208,101,35
10.377256715420948,214.34469816241898,213.33841461018247,amphetamine_orange,fluorescent,213,96,34
5.5552371683110815,229.10272595561872,181.07950660531594,amphetamine_orange,warm_indoor,181,48,18
8.628834862141108,228.5622242470967,186.09508160340744,amphetamine_orange,overcast,186,67,19
13.427134553992815,241.39527941132806,225.57574500484407,amphetamine_orange,harsh_direct,225,108,12
10.22548370978253,171.69939193940868,195.74068095072525,amphetamine_orange,daylight,195,109,63
14.704758567961518,172.35488389697488,211.54651673383418,amphetamine_orange,fluorescent,211,139,68
7.855024136021841,206.76640639682134,179.94526152741716,amphetamine_orange,warm_indoor,179,72,34
10.89062703070273,169.57077944428613,163.84200952908088,amphetamine_orange,overcast,163,94,54
13.303262578433662,178.79804778980557,219.12375391016923,amphetamine_orange,harsh_direct,219,133,65
6.155598553521009,201.78523619286094,197.43778741538995,amphetamine_orange,daylight,197,73,41
5.595864511153736,181.9240201395197,222.3036557278166,amphetamine_orange,fluorescent,222,93,63
1.3995764345048685,197.79038558491442,183.48945186376002,amphetamine_orange,warm_indoor,183,47,41
7.654005842864406,179.44126526419706,180.8291463457885,amphetamine_orange,overcast,180,86,53
3.7908751470459996,199.3475652690325,221.55821516457303,amphetamine_orange,harsh_direct,221,70,48
5.2286622047266995,223.10622394048326,195.8810829032889,amphetamine_orange,daylight,195,54,24
7.264100017853651,217.9737933605354,208.04442095017035,amphetamine_orange,fluorescent,208,73,30
6.9968302764844275,230.67491250722162,168.46957985160662,amphetamine_orange,warm_indoor,168,51,16
8.778140750219684,224.8555991827865,176.23909843040695,amphetamine_orange,overcast,176,66,20
4.0423168258615405,235.7625950739618,220.75383885348174,amphetamine_orange,harsh_direct,220,44,16
8.994589685080236,200.33325489055574,253.80171979216414,amphetamine_orange,daylight,253,114,54
8.910260378293005,213.91461726935765,250.51693275890918,amphetamine_orange,fluorescent,250,103,40
6.144539308632556,215.83175469897355,224.79851699104327,amphetamine_orange,warm_indoor,224,73,34
10.393243155627738,220.14385145750845,218.50495912925732,amphetamine_orange,overcast,218,95,29
6.314959497634298,217.50016156383995,255.0,amphetamine_orange,harsh_direct,255,83,37
7.277195832931898,219.1056266938016,215.82324607218413,amphetamine_orange,daylight,215,75,30
7.755822585895229,220.41390715239922,224.42296471267727,amphetamine_orange,fluorescent,224,80,30
5.064352527855264,248.45467843647486,199.0263864184494,amphetamine_orange,warm_indoor,199,38,5
5.027292693493656,225.569584579893,190.50698961008854,amphetamine_orange,overcast,190,50,21
6.865027651576701,230.16941434015166,232.1376822607809,amphetamine_orange,harsh_direct,232,70,22
7.455489502041907,202.71585612739673,245.27208257294612,amphetamine_orange,daylight,245,99,50
11.148689919971542,185.47704063405007,255.0,amphetamine_orange,fluorescent,255,138,69
4.053592911605925,203.20007795900958,226.7067141912868,amphetamine_orange,warm_indoor,226,70,46
11.165951021097404,196.44755565771453,207.06768356423657,amphetamine_orange,overcast,207,107,47
9.300778140689125,220.91234248154936,255.0,amphetamine_orange,harsh_direct,255,102,34
8.26693600712039,212.19208441955033,180.44278297557875,amphetamine_orange,daylight,180,71,30
8.812107715733143,210.93187647101408,208.00939394122776,amphetamine_orange,fluorescent,208,86,35
3.4632370783244903,224.72792480395017,188.1989447714028,amphetamine_orange,warm_indoor,188,41,22
7.155517253180322,210.58929845683838,158.1687233575589,amphetamine_orange,overcast,158,58,27
5.76628394990217,233.95244102250743,216.09745700093998,amphetamine_orange,harsh_direct,216,56,17
3.9609065309387743,218.43369259457003,190.67381753731783,amphetamine_orange,daylight,190,49,27
9.57339602766999,203.52464418759146,190.39449008717213,amphetamine_orange,fluorescent,190,87,38
4.419117253280236,236.98207072835314,169.15017735796562,amphetamine_orange,warm_indoor,169,35,11
7.578483927076964,235.87429306848975,148.22937228918997,amphetamine_orange,overcast,148,45,11
6.82665669750291,224.49153230128744,196.86367574622193,amphetamine_orange,harsh_direct,196,63,23
0.7061615837463637,206.0490633207792,207.11811639594416,amphetamine_orange,daylight,207,43,39
3.949781096363659,196.0438548330132,206.34642639072501,amphetamine_orange,fluorescent,206,68,47
0.0,222.78014333472024,185.43870230212286,amphetamine_orange,warm_indoor,185,23,23
1.1820037330565518,223.5947433757479,184.72715061219736,amphetamine_orange,overcast,184,29,22
4.93271917846339,213.31908447743908,231.744375103677,amphetamine_orange,harsh_direct,231,69,37
10.086844881959049,228.29612057381487,178.63898897893566,amphetamine_orange,daylight,178,72,18
15.553982232017258,217.82654963697956,176.57229759178205,amphetamine_orange,fluorescent,176,104,25
10.241207716153712,235.7959612366871,165.50871917687186,amphetamine_orange,warm_indoor,165,65,12
13.043850090000571,204.9347193377803,154.65329874958206,amphetamine_orange,overcast,154,84,30
14.61020279313168,218.19369393538773,200.27485052502354,amphetamine_orange,harsh_direct,200,112,28
11.592037251494386,194.1749281395835,221.23072402970791,amphetamine_orange,daylight,221,118,52
17.12126374224639,192.88651967321536,240.60928161412204,amphetamine_orange,fluorescent,240,163,58
7.6746604336981035,207.54013392321122,226.0776073191888,amphetamine_orange,warm_indoor,226,89,42
10.92810317134537,194.93240552982996,212.80982814706329,amphetamine_orange,overcast,212,109,50
11.153983213518533,194.0618113273638,251.12235007706795,amphetamine_orange,harsh_direct,251,131,60
2.339966231897765,223.8281826521886,228.37346313513814,amphetamine_orange,daylight,228,43,27
3.8309847414745812,201.89688626760892,234.17544850124747,amphetamine_orange,fluorescent,234,72,48
0.0,220.48884446670834,206.25576151152575,amphetamine_orange,warm_indoor,206,27,27
0.0,196.3926149863345,206.6288854401735,amphetamine_orange,overcast,206,47,47
4.798057879691527,224.22238644200425,246.61803278878253,amphetamine_orange,harsh_direct,246,64,29
19.391984186814422,211.80593939194114,219.86936712357172,amphetamine_orange,daylight,219,155,37
16.174198832125963,194.22607705267362,233.1895924003411,amphetamine_orange,fluorescent,233,151,55
11.39249406244685,219.5993191653261,206.23877521214095,amphetamine_orange,warm_indoor,206,96,28
16.260711809666013,193.89795338660548,206.05019693760204,amphetamine_orange,overcast,206,134,49
17.30538715635971,204.04644622821732,248.47961642766336,amphetamine_orange,harsh_direct,248,164,49
12.464473470990987,201.4447468688569,190.37414115146015,amphetamine_orange,daylight,190,102,39
13.135397210192597,187.63700073058342,212.10104163619587,amphetamine_orange,fluorescent,212,124,56
11.939138153076302,215.58503815593613,191.29150265579852,amphetamine_orange,warm_indoor,191,94,29
17.548705421142913,196.51981990932603,177.8576854853132,amphetamine_orange,overcast,177,121,40
12.848763642127139,193.64799329166553,219.7194301334759,amphetamine_orange,harsh_direct,219,124,52
6.39259299232488,202.34358631434696,187.71175615115678,amphetamine_orange,daylight,187,70,38
7.343523039315625,198.35607364006862,203.36701553981834,amphetamine_orange,fluorescent,203,84,45
3.0435686715716628,209.46816308627072,173.46000286737723,amphetamine_orange,warm_indoor,173,45,30
3.4721669534780353,198.99002708132284,166.69744419075792,amphetamine_orange,overcast,166,51,36
7.3077719292799035,214.8429620596712,205.78655464200068,amphetamine_orange,harsh_direct,205,74,32
8.797562037380583,221.2552862359374,207.68705611410147,amphetamine_orange,daylight,207,80,27
11.975349394178622,208.93877832606125,214.68121453234104,amphetamine_orange,fluorescent,214,109,38
9.10054937408435,215.5503343619213,199.79127772887657,amphetamine_orange,warm_indoor,199,82,30
12.603398211107653,220.6573684313967,175.50252428226725,amphetamine_orange,overcast,175,87,23
11.211073970355663,230.58085096211656,230.4204339355104,amphetamine_orange,harsh_direct,230,100,22
0.9108138512667585,200.49151751792326,187.77611477907863,amphetamine_orange,daylight,187,44,40
0.2672940143680784,198.1632100670052,199.04545094007145,amphetamine_orange,fluorescent,199,45,44
0.0,221.96911468871699,185.45829700415243,amphetamine_orange,warm_indoor,185,24,24
3.2783289731171097,210.1918995703616,167.05369140228703,amphetamine_orange,overcast,167,44,29
0.9815782873326754,217.93343511775294,215.00399010292196,amphetamine_orange,harsh_direct,215,37,31
14.150030920619585,217.0770614637137,196.76103522627884,amphetamine_orange,daylight,196,108,29
12.698085829004581,209.4573704978467,217.57546430018687,amphetamine_orange,fluorescent,217,114,38
8.486738411267178,228.8386153328078,186.57762313308444,amphetamine_orange,warm_indoor,186,66,19
14.004135476940533,206.04969648506892,188.10447576613544,amphetamine_orange,overcast,188,107,36
11.726440937506993,222.19245353648088,231.64830385853165,amphetamine_orange,harsh_direct,231,109,29
5.23318195529891,255.0,196.8224400147927,amphetamine_orange,daylight,196,34,0
11.19188763487784,251.66391184615688,195.66379681014203,amphetamine_orange,fluorescent,195,75,2
2.9961175676034038,255.0,175.67407550753887,amphetamine_orange,warm_indoor,175,17,0
9.449100018435143,238.46234743331016,175.49775683671166,amphetamine_orange,overcast,175,63,11
7.048794843917284,255.0,209.09873980697898,amphetamine_orange,harsh_direct,209,49,0
9.997798042556468,222.31192883256765,168.56465985518162,amphetamine_orange,daylight,168,70,21
11.814512464778616,224.89910537567823,200.20873597788912,amphetamine_orange,fluorescent,200,93,23
7.798776851866232,240.991543129401,167.18065298687108,amphetamine_orange,warm_indoor,167,50,9
13.440170938732802,218.85275926335243,159.45891154122302,amphetamine_orange,overcast,159,84,22
10.146761714226889,239.64812393602452,201.41590346765722,amphetamine_orange,harsh_direct,201,76,12
10.06759996371683,204.65406306270177,160.8150157551206,amphetamine_orange,daylight,160,75,31
10.610476774491277,201.03774710710945,167.1413929204054,amphetamine_orange,fluorescent,167,82,35
10.820491505150875,223.90904455358992,140.8213503623655,amphetamine_orange,warm_indoor,140,62,17
12.325970620826558,199.6886203282971,141.07197610437643,amphetamine_orange,overcast,141,76,30
16.8004408982101,231.26903580187638,172.72239297041244,amphetamine_orange,harsh_direct,172,104,16
9.2280683075617,197.77476327488435,205.71667911720436,amphetamine_orange,daylight,205,95,46
16.0313036492087,182.19092494946773,226.62970181291567,amphetamine_orange,fluorescent,226,151,64
11.768535519573097,212.58182475436786,219.58242642955588,amphetamine_orange,warm_indoor,219,108,36
16.154983625725826,193.79388434875108,168.24509045124324,amphetamine_orange,overcast,168,109,40
13.376752090033065,210.3730514957438,247.86308130005156,amphetamine_orange,harsh_direct,247,135,43
10.395927512764791,218.83942322888078,223.02026472393564,amphetamine_orange,daylight,223,98,31
12.711249308140077,187.7348305505929,229.71146204407438,amphetamine_orange,fluorescent,229,132,60
6.072574354354001,223.92969379658362,223.57849631309,amphetamine_orange,warm_indoor,223,67,27
11.362099538851403,204.9643568008561,199.04750463955708,amphetamine_orange,overcast,199,99,39
12.629583196090815,205.19078426968616,240.33271438344215,amphetamine_orange,harsh_direct,240,128,46
6.002059024296476,225.34453130071284,225.5598406236742,amphetamine_orange,daylight,225,66,26
9.978627885264526,219.27331919550736,251.81466383270742,amphetamine_orange,fluorescent,251,107,35
3.092406162237687,214.42164629908925,219.410293307051,amphetamine_orange,warm_indoor,219,54,34
7.3181102359859125,221.9166322705861,204.2321092440016,amphetamine_orange,overcast,204,70,26
5.653194574260007,236.40298358327428,251.72727410390814,amphetamine_orange,harsh_direct,251,62,18
0.8851633475016314,224.01890039956163,220.9362004100353,amphetamine_orange,daylight,220,32,26
4.593379877269269,220.48847183563038,218.39357164482834,amphetamine_orange,fluorescent,218,58,29
2.687096925068792,238.7066674391607,214.2783468919889,amphetamine_orange,warm_indoor,214,31,13
4.310665038281263,214.99206189902335,200.04466120896504,amphetamine_orange,overcast,200,55,31
1.6441749874905702,225.35423541838557,225.8076403292048,amphetamine_orange,harsh_direct,225,37,26
8.333059711785989,227.8750739446461,176.52374991235956,amphetamine_orange,daylight,176,62,18
13.391473199049113,219.02778696618842,199.11536137281905,amphetamine_orange,fluorescent,199,104,28
6.320089869572693,239.38070930577481,166.67010033914377,amphetamine_orange,warm_indoor,166,43,10
9.840152162311062,213.17427741025742,163.58994908754093,amphetamine_orange,overcast,163,71,26
9.716853937465832,225.73337161375838,194.69865297777815,amphetamine_orange,harsh_direct,194,78,22
6.121145992710779,240.12213073870797,234.31391513096952,amphetamine_orange,daylight,234,58,13
11.120754599906292,214.31071092343183,237.77179958358477,amphetamine_orange,fluorescent,237,112,37
6.662902714239756,251.79878349694766,225.10830036498228,amphetamine_orange,warm_indoor,225,52,2
6.292671384134689,215.2646211742936,199.63147860739798,amphetamine_orange,overcast,199,66,31
8.252149934648429,240.7897041666537,255.0,amphetamine_orange,harsh_direct,255,80,14
10.734041234104222,195.74980253155556,218.64994625590228,amphetamine_orange,daylight,218,111,50
12.96426431990664,187.89089900171328,244.81255474738361,amphetamine_orange,fluorescent,244,142,64
9.341499714228764,217.92515591257555,213.09565188524488,amphetamine_orange,warm_indoor,213,88,30
12.0607068233936,195.59805221233805,209.3689433118885,amphetamine_orange,overcast,209,113,48
10.26253352264365,197.3531531913238,250.67153498299385,amphetamine_orange,harsh_direct,250,123,56
7.564601131517382,213.2333416972224,180.72073818941976,amphetamine_orange,daylight,180,67,29
14.454976151426525,210.83216457954472,192.51469276070668,amphetamine_orange,fluorescent,192,110,33
2.6199171346591883,228.21309706817905,170.60563328017741,amphetamine_orange,warm_indoor,170,31,17
4.830154775141449,215.7092986038338,156.9021866035545,amphetamine_orange,overcast,156,45,24
9.997448129557796,220.69893865521928,208.21106926826252,amphetamine_orange,harsh_direct,208,88,28
17.562584504512845,207.8126405664051,202.40319115278683,amphetamine_orange,daylight,202,134,37
18.530945962433197,220.03901225798478,197.38791611617444,amphetamine_orange,fluorescent,197,132,27
13.399157583051853,230.12771089195704,188.44770355473946,amphetamine_orange,warm_indoor,188,94,18
13.530902372165592,216.25727107641677,187.5201759445984,amphetamine_orange,overcast,187,100,28
17.680771563310095,240.7767403020955,225.89671691992496,amphetamine_orange,harsh_direct,225,139,12
8.208865137431195,221.43510881147537,214.08608957523404,amphetamine_orange,daylight,214,79,28
8.571016215284,220.62892970175722,225.18053284323292,amphetamine_orange,fluorescent,225,86,30
2.918799060648192,233.8226060296419,171.68023918774867,amphetamine_orange,warm_indoor,171,29,14
6.924035420019403,208.0399362156326,192.35911582626633,amphetamine_orange,overcast,192,71,35
3.8669765174516115,246.37390359747522,222.9529836068741,amphetamine_orange,harsh_direct,222,35,7
2.839078239283217,238.7832839395505,200.71093118755473,amphetamine_orange,daylight,200,30,12
7.530773532808434,223.5971184764981,208.69381176264557,amphetamine_orange,fluorescent,208,71,25
0.37013789053052637,224.54669897638416,181.81996662143985,amphetamine_orange,warm_indoor,181,23,21
2.0126882914730677,213.46660559292434,176.76490979899546,amphetamine_orange,overcast,176,38,28
5.370715301952225,234.6150620043341,235.01863040363253,amphetamine_orange,harsh_direct,235,57,18
5.253451909491412,184.47203387005578,200.45335546667116,amphetamine_orange,daylight,200,80,55
4.192486850397744,174.47323803298815,210.3666568697612,amphetamine_orange,fluorescent,210,86,66
0.0,207.3500529972574,192.643771730106,amphetamine_orange,warm_indoor,192,35,35
5.17922067232148,174.79934107889235,170.43038470954974,amphetamine_orange,overcast,170,73,53
3.919369352831831,197.40522356907925,217.38873425667416,amphetamine_orange,harsh_direct,217,71,49
15.978862904431647,187.51234545171232,219.89796799801297,amphetamine_orange,daylight,219,144,58
20.953458106495617,176.7821787588248,249.94741290578585,amphetamine_orange,fluorescent,249,198,76
14.070005199349259,185.36026348481101,208.36398615662827,amphetamine_orange,warm_indoor,208,128,56
14.790541440156108,185.35679280859662,193.67671731868276,amphetamine_orange,overcast,193,122,52
18.837978298625924,196.20070229571581,255.0,amphetamine_orange,harsh_direct,255,182,58
6.875057777561001,241.96372490044212,201.59225137004148,amphetamine_orange,daylight,201,54,10
11.378717933561614,207.01712669552165,221.17736146425906,amphetamine_orange,fluorescent,221,110,41
4.908399072528627,236.97377811371103,196.18969300755856,amphetamine_orange,warm_indoor,196,43,13
2.9985160697735154,211.2839936612669,201.06012324826378,amphetamine_orange,overcast,201,51,34
9.084008575096728,214.63307342927126,243.21866106164163,amphetamine_orange,harsh_direct,243,100,38
6.7904432329745825,212.29410041027933,230.5684076636107,amphetamine_orange,daylight,230,82,38
9.09046832333805,178.07008435891245,255.0,amphetamine_orange,fluorescent,255,131,76
1.82196344129527,224.6693299108186,224.94455119600096,amphetamine_orange,warm_indoor,224,38,26
5.421550187772725,215.68171070661938,227.14003704300106,amphetamine_orange,overcast,227,69,35
10.117392108901837,216.75194267974112,255.0,amphetamine_orange,harsh_direct,255,111,38
16.74325269561539,219.41468497962663,223.01276210307572,amphetamine_orange,daylight,223,138,31
15.757148749209644,207.01220516828786,236.3386181579789,amphetamine_orange,fluorescent,236,145,44
16.112226056206687,234.15818739503288,215.65794140906715,amphetamine_orange,warm_indoor,215,124,17
14.117422717763901,209.95517225253687,208.70865790042038,amphetamine_orange,overcast,208,118,36
19.10560682787635,253.9374361540203,247.9984904427652,amphetamine_orange,harsh_direct,247,159,1
13.077444019404368,216.8336768534738,201.12415636838838,amphetamine_orange,daylight,201,105,30
13.48505715577488,201.67563945538112,211.80839404939056,amphetamine_orange,fluorescent,211,120,44
11.09452326272337,214.15272988578846,189.02379752997285,amphetamine_orange,warm_indoor,189,89,30
11.438002518836544,198.98395586278735,181.5830036573957,amphetamine_orange,overcast,181,94,39
10.666175675417186,223.76419015352013,243.30542930389706,amphetamine_orange,harsh_direct,243,106,29
8.503279858847385,195.8113489133074,221.0960509060498,amphetamine_orange,daylight,221,99,51
8.841478847652358,187.866392508251,226.69750783145176,amphetamine_orange,fluorescent,226,109,59
7.728561110255616,203.76784885870472,204.7616383570382,amphetamine_orange,warm_indoor,204,83,41
8.977627384338803,201.88273259974375,193.15284785538847,amphetamine_orange,overcast,193,86,40
9.725226204098183,205.40724279764612,230.44240533591224,amphetamine_orange,harsh_direct,230,105,44
12.022827407893596,200.21556226527628,180.57099619336722,amphetamine_orange,daylight,180,95,38
11.99916196818826,183.41761857852043,213.37761428410582,amphetamine_orange,fluorescent,213,121,59
8.63535961515284,204.79259348291683,161.3618523817009,amphetamine_orange,warm_indoor,161,69,31
11.438226072555873,194.17397285342548,168.3406669575237,amphetamine_orange,overcast,168,89,40
14.396120191415637,193.4729879739773,223.77702688795983,amphetamine_orange,harsh_direct,223,135,53
7.2437588267282695,220.51362020432757,211.78370549263155,amphetamine_orange,daylight,211,73,28
12.582686947401715,206.61657980374073,244.75671714179236,amphetamine_orange,fluorescent,244,130,46
6.145375904072129,230.34683184085915,211.74742917225572,amphetamine_orange,warm_indoor,211,59,20
11.218359201695957,219.84771882409527,217.16174179972586,amphetamine_orange,overcast,217,100,29
9.07909350779,216.26198462628705,240.03755753638328,amphetamine_orange,harsh_direct,240,98,36
13.107152493746316,207.6708251927413,177.20419081638153,amphetamine_orange,daylight,177,96,32
15.205335312849277,186.85872488360513,198.10311329642167,amphetamine_orange,fluorescent,198,126,52
9.159953603562075,209.94717635391487,158.97282689837445,amphetamine_orange,warm_indoor,158,68,28
13.949785176341406,202.43061589443073,171.90628384719122,amphetamine_orange,overcast,171,99,35
8.374022330230465,218.09744911020178,192.98837973918998,amphetamine_orange,harsh_direct,192,74,27
5.17929031995767,231.30276370621462,207.53728066662526,amphetamine_orange,daylight,207,51,19
2.7636165019478938,214.44611195826147,246.66926578342475,amphetamine_orange,fluorescent,246,58,39
0.8894069533995925,234.0165754041534,206.62257892144396,amphetamine_orange,warm_indoor,206,22,17
1.9478268379122268,199.08652136653427,202.86438002609032,amphetamine_orange,overcast,202,54,44
3.3532624602531262,227.59550722742213,255.0,amphetamine_orange,harsh_direct,255,52,27
3.87850294787846,215.540894608172,245.3962392995354,amphetamine_orange,daylight,245,64,37
4.325641501611507,216.73188394889968,255.0,amphetamine_orange,fluorescent,255,69,38
2.8239568916460804,232.5701422895712,235.87891711439974,amphetamine_orange,warm_indoor,235,41,20
2.1619385954460357,232.8129466853986,229.91156376541247,amphetamine_orange,overcast,229,35,20
8.629163766284243,235.29847969719947,255.0,amphetamine_orange,harsh_direct,255,87,19
15.468796506580926,223.50768340927812,192.18979505675188,amphetamine_orange,daylight,192,111,23
15.17560021910308,219.15868861865656,213.38421629322778,amphetamine_orange,fluorescent,213,123,29
6.037400183183168,235.0189834779032,182.9610409765675,amphetamine_orange,warm_indoor,182,48,14
17.473505144438,229.0981101488083,172.10154494061075,amphetamine_orange,overcast,172,108,17
15.059416391273231,244.24300092606055,210.58782853219037,amphetamine_orange,harsh_direct,210,110,8
11.170004117805208,226.71132284059374,231.6402723855735,amphetamine_orange,daylight,231,102,25
13.733393197577538,200.512004355055,255.0,amphetamine_orange,fluorescent,255,146,54
7.60679047355614,221.69324195027676,230.17404545086245,amphetamine_orange,warm_indoor,230,81,30
9.614060091245932,199.17412936780227,206.91041527866145,amphetamine_orange,overcast,206,97,45
13.338787837226612,213.3520030707351,255.0,amphetamine_orange,harsh_direct,255,137,41
10.906956241990063,222.1427374292254,177.23685891741272,amphetamine_orange,daylight,177,79,22
13.919647567774222,206.52462571549034,182.21547152440687,amphetamine_orange,fluorescent,182,103,34
6.039916886273243,227.31956417727184,150.07227579059509,amphetamine_orange,warm_indoor,150,43,16
12.319750691641435,222.63694078202735,170.58849683439163,amphetamine_orange,overcast,170,83,21
8.142837858568168,229.72773223395535,211.1324018455814,amphetamine_orange,harsh_direct,211,72,20
20.09461092001613,241.56847338372106,204.82036106959308,amphetamine_orange,daylight,204,141,10
16.19665463740276,224.35780179241763,220.40333822024107,amphetamine_orange,fluorescent,220,131,26
17.34100679304254,253.35574308666193,207.3935330913396,amphetamine_orange,warm_indoor,207,121,1
17.601373876210662,228.82289794306618,190.32435341324583,amphetamine_orange,overcast,190,120,19
18.779916155519345,231.01886252425024,223.91408598501363,amphetamine_orange,harsh_direct,223,148,21
13.425216116845029,235.6361328110884,193.37984441019591,amphetamine_orange,daylight,193,95,14
17.118051886538264,219.95262740661985,204.14532296986266,amphetamine_orange,fluorescent,204,129,28
11.874278186343428,248.10225202124133,192.3622446527625,amphetamine_orange,warm_indoor,192,79,5
17.638895821578796,224.405148542109,181.06851296847714,amphetamine_orange,overcast,181,115,21
13.967685702173675,247.60711796562714,227.49039804202928,amphetamine_orange,harsh_direct,227,110,6
9.926511948553017,181.6364912922681,210.33754576032,amphetamine_orange,daylight,210,110,60
16.771882809581026,174.53588645084125,215.36890211811274,amphetamine_orange,fluorescent,215,150,67
12.215973250573345,201.060229508332,198.46781529138812,amphetamine_orange,warm_indoor,198,106,41
10.661896668730463,185.0312805062222,179.65735540379572,amphetamine_orange,overcast,179,95,49
10.355910627330001,209.42159851073276,231.52273294072862,amphetamine_orange,harsh_direct,231,107,41
11.907952929825477,238.3288589646753,176.75031160354328,amphetamine_orange,daylight,176,77,11
18.104882010312345,244.0146889351028,215.3595630100261,amphetamine_orange,fluorescent,215,134,9
15.152790173157303,233.95667048744392,172.93653738743106,amphetamine_orange,warm_indoor,172,94,14
13.81220293394859,222.8212841742528,169.52116158900165,amphetamine_orange,overcast,169,89,21
16.423126873997358,227.93731785546706,215.42700045974476,amphetamine_orange,harsh_direct,215,128,22
10.010129834448888,212.8600442519604,188.74314675914272,amphetamine_orange,daylight,188,84,31
11.295528994535895,204.49657602034466,203.45083509348964,amphetamine_orange,fluorescent,203,102,40
5.252175540727114,226.8236834643029,185.59084532840265,amphetamine_orange,warm_indoor,185,49,20
9.283871125474068,181.38061270764234,179.65914655636212,amphetamine_orange,overcast,179,91,51
3.891918038685361,209.66748820069213,219.75965625596814,amphetamine_orange,harsh_direct,219,62,39
12.236025926246803,223.6861495302392,184.57188614747034,amphetamine_orange,daylight,184,89,22
16.3504132315899,207.16829439040458,207.4230511226074,amphetamine_orange,fluorescent,207,131,38
11.828027577442157,225.93800757276418,178.22823638602654,amphetamine_orange,warm_indoor,178,82,20
11.093617677705403,238.12348267221032,158.9769708911678,amphetamine_orange,overcast,158,65,10
15.930632982975851,221.76765946999402,208.72157814215396,amphetamine_orange,harsh_direct,208,124,27
18.17959114761501,207.6978849531071,182.17591310886405,amphetamine_orange,daylight,182,124,33
18.434973295181273,182.97641758387826,227.39984158560674,amphetamine_orange,fluorescent,227,165,64
15.105389158111423,217.09148149554804,187.51827525493243,amphetamine_orange,warm_indoor,187,108,27
18.991073991226788,195.14196016613633,179.4624620147767,amphetamine_orange,overcast,179,129,42
20.390213338751558,210.4724741178083,220.98218879895038,amphetamine_orange,harsh_direct,220,163,38
14.970442244158047,204.98992936861512,155.0324515341326,amphetamine_orange,daylight,155,92,30
13.422193192042961,209.49239492209406,173.97664100862806,amphetamine_orange,fluorescent,173,95,31
9.51426828010403,214.20838779335352,160.7037103574949,amphetamine_orange,warm_indoor,160,68,25
15.624007427729852,210.10462442073126,152.32807426108437,amphetamine_orange,overcast,152,92,26
14.28790222120779,218.50345353316968,194.33396414212388,amphetamine_orange,harsh_direct,194,107,27
8.689206374185646,228.67910735798358,185.51762643842923,amphetamine_orange,daylight,185,67,19
10.759624658512658,228.03453298117128,201.69274713935684,amphetamine_orange,fluorescent,201,86,21
9.149137005350354,246.41712262896374,181.5387806979609,amphetamine_orange,warm_indoor,181,59,6
8.174586626919872,240.55828843138246,169.67525424376328,amphetamine_orange,overcast,169,53,9
6.2194102555540445,254.11573251242174,208.750876135611,amphetamine_orange,harsh_direct,208,44,0
6.80059792388349,204.2074191982517,174.8149483307857,amphetamine_orange,daylight,174,66,34
8.065984749247452,198.31503150089057,196.51422406356545,amphetamine_orange,fluorescent,196,85,43
3.2136746097226223,208.85017236965103,176.664591511296,amphetamine_orange,warm_indoor,176,47,31
10.893898875814106,198.70581914302582,161.0169559397468,amphetamine_orange,overcast,161,81,35
10.033969375183936,206.74844059124482,218.39064245038148,amphetamine_orange,harsh_direct,218,100,41
8.61846733759727,234.58939051669626,196.90570491743213,amphetamine_orange,daylight,196,68,15
10.015350222314973,230.21332562592957,216.19795666210177,amphetamine_orange,fluorescent,216,86,21
4.486812381516325,235.01433718729402,196.972259234301,amphetamine_orange,warm_indoor,196,42,15
10.066314549998882,228.90172204226158,162.0676639997023,amphetamine_orange,overcast,162,65,16
7.859941737454845,226.82960830088126,238.67414073123874,amphetamine_orange,harsh_direct,238,82,26
9.80633921045532,206.57860187095895,169.8627670663142,amphetamine_orange,daylight,169,77,32
9.127013989701432,209.34145498960922,197.92118455771958,amphetamine_orange,fluorescent,197,85,35
1.0400151244976756,220.32328031010684,159.68606787443076,amphetamine_orange,warm_indoor,159,26,21
9.795267319777977,211.4086296918686,162.9568593251551,amphetamine_orange,overcast,162,72,27
8.931167545654802,215.30925206905343,196.92245579832894,amphetamine_orange,harsh_direct,196,80,30
10.59486363568119,210.5344484606343,211.7537167480335,amphetamine_orange,daylight,211,99,36
8.77686901941535,201.60125085084061,240.03071003598498,amphetamine_orange,fluorescent,240,106,50
6.01879572638052,227.62500725719622,188.65539129849614,amphetamine_orange,warm_indoor,188,54,20
8.0593920949649,208.55620144750498,192.30065459556968,amphetamine_orange,overcast,192,77,35
10.95947476481474,202.06781714283102,253.50007483219318,amphetamine_orange,harsh_direct,253,126,52
6.304394418888675,207.16086929458288,207.79237232108528,amphetamine_orange,daylight,207,74,38
9.944149022531843,210.45756470611843,228.15008338240645,amphetamine_orange,fluorescent,228,102,39
6.361640065166007,233.68370647412442,201.83433029281403,amphetamine_orange,warm_indoor,201,56,16
10.409888093858353,223.5208001182618,186.2031080731002,amphetamine_orange,overcast,186,79,22
8.97851170730849,213.3911496607808,230.6276366649496,amphetamine_orange,harsh_direct,230,95,37
12.529755312657773,220.83929938002927,177.2204431122845,amphetamine_orange,daylight,177,88,23
18.345730599858175,204.6185633436505,190.75669415466342,amphetamine_orange,fluorescent,190,131,37
14.057051320862268,229.13953090428356,173.9890330781229,amphetamine_orange,warm_indoor,173,91,17
15.237820470883358,210.1701494254305,166.39406133208345,amphetamine_orange,overcast,166,99,29
18.75963069771954,215.33487600322488,216.41434811225716,amphetamine_orange,harsh_direct,216,148,33
7.322014327841313,185.23996110749997,162.45682277165707,amphetamine_orange,daylight,162,73,44
8.827718782077165,194.47199602122342,171.08510144983074,amphetamine_orange,fluorescent,171,79,40
8.736354847163733,187.6302755105321,144.50544522190438,amphetamine_orange,warm_indoor,144,69,38
10.968063353194998,182.14534813008208,141.43755346376292,amphetamine_orange,overcast,141,77,40
6.543998098725967,189.93996624759234,189.98735533803867,amphetamine_orange,harsh_direct,189,79,48
8.671867896130752,210.14959849064334,199.71866125425467,amphetamine_orange,daylight,199,82,35
15.288530925285176,194.94663351064497,218.2185350812529,amphetamine_orange,fluorescent,218,136,51
5.569812992261632,221.59793521227868,186.05196253434687,amphetamine_orange,warm_indoor,186,54,24
12.974736614322353,213.46129207803102,191.01098364886096,amphetamine_orange,overcast,191,100,31
7.172133650532457,224.13483723753487,231.85121060558743,amphetamine_orange,harsh_direct,231,77,28
14.702799460045346,226.204478443071,195.4189817270687,amphetamine_orange,daylight,195,107,22
17.274741542006154,215.9134044319316,210.067395102889,amphetamine_orange,fluorescent,210,135,32
13.788377026581106,246.2646373361048,176.15958485905014,amphetamine_orange,warm_indoor,176,84,6
12.03767469472725,227.28231286784776,182.015498958419,amphetamine_orange,overcast,182,85,19
14.431196814143252,236.96478097782776,216.01170939512582,amphetamine_orange,harsh_direct,216,112,15
15.872177797110076,209.49312206040892,194.8761336977566,amphetamine_orange,daylight,194,119,34
18.26104382572152,205.4080622187094,215.05066159692083,amphetamine_orange,fluorescent,215,147,41
9.496167202578272,224.3964037738522,185.20559194240866,amphetamine_orange,warm_indoor,185,74,22
13.62783101748306,204.51990720621228,168.69366256965824,amphetamine_orange,overcast,168,95,33
15.300970172475024,209.3258477653741,202.34805605485607,amphetamine_orange,harsh_direct,202,121,36
12.057270325018022,223.19322368633556,195.1232003541015,amphetamine_orange,daylight,195,93,24
13.771743186963064,198.73023661850866,211.8866236967973,amphetamine_orange,fluorescent,211,122,46
4.694250064328446,231.1884181600267,188.81135387672072,amphetamine_orange,warm_indoor,188,44,17
9.283364582254622,213.94299048423736,182.26295367579473,amphetamine_orange,overcast,182,76,29
10.051852125295929,212.53072172675695,223.35031478600322,amphetamine_orange,harsh_direct,223,99,37
6.876269162063408,218.09890235920363,194.1622579261561,amphetamine_orange,daylight,194,66,28
9.70818443850744,206.9377219355723,215.95760721602986,amphetamine_orange,fluorescent,215,97,40
0.13242814292828875,237.87208495500366,183.51878060047574,amphetamine_orange,warm_indoor,183,13,12
8.672337938902336,203.31609225191292,185.02054497866837,amphetamine_orange,overcast,185,80,37
10.191477321531838,233.21760774225805,229.58896538076056,amphetamine_orange,harsh_direct,229,91,19
13.591312308503632,241.9077530461634,205.8330245826132,amphetamine_orange,daylight,205,99,10
14.144533473465248,208.08768584063515,227.20304037023567,amphetamine_orange,fluorescent,227,129,41
8.43260937079112,232.89827313101358,193.24984924884544,amphetamine_orange,warm_indoor,193,66,16
13.754826624058913,234.23752891366425,188.4079866790002,amphetamine_orange,overcast,188,95,15
11.718154984566644,250.82631162103482,227.81762131143094,amphetamine_orange,harsh_direct,227,91,3
7.592819762992705,200.75500758574708,215.21956424486532,amphetamine_orange,daylight,215,88,45
11.58299394535565,198.4185186866835,225.43393894056254,amphetamine_orange,fluorescent,225,118,50
7.852538368519378,215.5768106860489,187.08912343840933,amphetamine_orange,warm_indoor,187,70,28
10.804968194518796,202.49796935112118,190.5113858828608,amphetamine_orange,overcast,190,94,39
7.547053480209356,198.39159147280014,226.09346393075248,amphetamine_orange,harsh_direct,226,94,50
7.322699236768664,191.79121987450137,190.90007560176346,amphetamine_orange,daylight,190,82,47
12.273479452302409,184.70185623530568,204.0488723204418,amphetamine_orange,fluorescent,204,117,56
4.6876118959049355,206.16687393727028,180.11800102981604,amphetamine_orange,warm_indoor,180,57,34
11.536557433731621,184.6693404095934,172.38280029867838,amphetamine_orange,overcast,172,95,47
8.098208460043319,186.71436416105584,217.27276594695007,amphetamine_orange,harsh_direct,217,101,58
15.721314745290744,248.24336901568392,214.3303753186097,amphetamine_orange,daylight,214,115,5
13.909646897052994,228.38438594987133,234.97552411668153,amphetamine_orange,fluorescent,234,122,24
9.35246617008751,232.59423644860112,212.33161921781615,amphetamine_orange,warm_indoor,212,79,18
12.400231205355777,233.23708838425193,202.82941258606562,amphetamine_orange,overcast,202,94,17
8.458980304492007,235.6316295317353,255.0,amphetamine_orange,harsh_direct,255,86,19
1.5132693557199062,219.28810868397795,210.63786125438,amphetamine_orange,daylight,210,38,29
10.33427970536953,199.1284585045548,236.2246196353138,amphetamine_orange,fluorescent,236,115,51
2.3171388571909786,244.49879993408365,186.90736437608055,amphetamine_orange,warm_indoor,186,21,7
5.838110426923421,217.8758265379451,197.90777677523678,amphetamine_orange,overcast,197,61,28
4.2657863787242505,233.30888216177812,233.9917193511649,amphetamine_orange,harsh_direct,233,50,19
17.46641654164571,255.0,189.31308057203947,amphetamine_orange,daylight,189,110,0
20.77763756906715,240.53496998399422,196.7490569412306,amphetamine_orange,fluorescent,196,140,11
17.836031800927696,255.0,186.77352135695946,amphetamine_orange,warm_indoor,186,111,0
21.740070746769295,235.26800134369148,168.12667807799735,amphetamine_orange,overcast,168,126,13
18.591142546609742,255.0,215.54262208921438,amphetamine_orange,harsh_direct,215,134,0
11.478113306162511,199.11762097270264,210.99291040763254,amphetamine_orange,daylight,210,109,46
8.59820197046698,189.45540267447637,229.6923786801956,amphetamine_orange,fluorescent,229,108,59
5.286563144032144,228.06301563255857,198.88712342196206,amphetamine_orange,warm_indoor,198,52,21
10.047134333037732,202.1173513548929,189.41698852074543,amphetamine_orange,overcast,189,89,39
11.288493566140396,219.05055332379297,232.5140186666439,amphetamine_orange,harsh_direct,232,108,32
12.145169371576694,215.99696248375466,163.51877064640988,amphetamine_orange,daylight,163,81,25
13.691837653184349,212.86667765257096,192.31080675983742,amphetamine_orange,fluorescent,192,105,31
4.762391405458125,248.23220778780347,154.95459901749945,amphetamine_orange,warm_indoor,154,28,4
13.626810570500306,213.13457548458263,137.18577988270826,amphetamine_orange,overcast,137,74,22
7.8710845575629005,223.14013422392475,200.47110582192826,amphetamine_orange,harsh_direct,200,71,25
9.02977434875189,212.6933722298038,216.8260319637672,amphetamine_orange,daylight,216,90,35
14.77088877764301,191.96055851904532,235.29280357025866,amphetamine_orange,fluorescent,235,145,58
9.116301822888854,221.39911656659552,210.17669282094113,amphetamine_orange,warm_indoor,210,83,27
13.902297987021075,223.07985200364075,198.62589683829498,amphetamine_orange,overcast,198,105,24
13.02726033634329,233.69572659600195,231.536153776725,amphetamine_orange,harsh_direct,231,112,19
8.799765942808262,220.09632316954642,201.78449123851155,amphetamine_orange,daylight,201,78,27
12.539645638572107,217.01573622727273,221.03145064995252,amphetamine_orange,fluorescent,221,111,32
5.26221292845742,229.447407895304,197.01267795349506,amphetamine_orange,warm_indoor,197,51,19
10.20650528932412,222.63793013000387,182.06858044795644,amphetamine_orange,overcast,182,77,23
8.556486164872414,223.03082236757717,232.7404668010157,amphetamine_orange,harsh_direct,232,87,29
6.099776449590945,221.02746679540476,220.78599634134326,amphetamine_orange,daylight,220,68,29
6.775679217311033,199.5500564424999,225.79673451002495,amphetamine_orange,fluorescent,225,89,49
1.1927831939771119,230.8876573633921,209.2784723573338,amphetamine_orange,warm_indoor,209,27,19
5.50943976497456,204.21469658974854,212.83810849931018,amphetamine_orange,overcast,212,73,42
6.344664416113792,220.37454365593507,246.2220490935556,amphetamine_orange,harsh_direct,246,78,33
6.9217091383955145,215.48421844262066,168.39281427767838,amphetamine_orange,daylight,168,59,26
7.009269025653143,181.9020305372852,201.26654178553065,amphetamine_orange,fluorescent,201,91,57
4.1701110590575645,206.08217661535068,180.39915831143378,amphetamine_orange,warm_indoor,180,54,34
4.839938463761474,189.42855452344716,163.24548905552768,amphetamine_orange,overcast,163,61,41
4.8874641346420225,206.6434764958273,200.3943147414741,amphetamine_orange,harsh_direct,200,64,38
3.3005141711507857,227.99644687568082,224.5415389531742,amphetamine_orange,daylight,224,45,23
9.205033029708954,223.3380875920424,226.6183371023337,amphetamine_orange,fluorescent,226,89,28
0.0,245.57098377909645,205.44728215883154,amphetamine_orange,warm_indoor,205,7,7
8.134494433442791,226.40175279743096,189.2717145637246,amphetamine_orange,overcast,189,67,21
5.839897402929902,248.02543519437492,244.923001065727,amphetamine_orange,harsh_direct,244,53,6
15.52142684107671,212.47160448272925,188.4776713999406,amphetamine_orange,daylight,188,113,31
13.58021167261077,198.85774568323114,195.60243901738446,amphetamine_orange,fluorescent,195,112,43
11.481888806075373,231.18682658438104,177.87262371986188,amphetamine_orange,warm_indoor,177,78,16
14.621332950463707,203.92212727643002,162.92323418826115,amphetamine_orange,overcast,162,96,32
19.01255720656334,209.60030676612718,223.67193312681476,amphetamine_orange,harsh_direct,223,156,39
16.85182343201933,230.1256157647701,214.98128877164126,amphetamine_orange,daylight,214,130,20
17.944739324170726,199.49687728008428,235.95635817369018,amphetamine_orange,fluorescent,235,162,51
12.23767134272984,220.74647609643785,202.60380572738845,amphetamine_orange,warm_indoor,202,99,27
16.487972590566347,227.68708660566415,207.54328819618948,amphetamine_orange,overcast,207,124,22
17.91651153462518,223.01041117551128,233.66288764896854,amphetamine_orange,harsh_direct,233,152,29
12.089783133693132,170.33623527577964,238.24561399090732,amphetamine_orange,daylight,238,143,79
15.341528827620985,169.81530853969588,233.10575936842415,amphetamine_orange,fluorescent,233,157,77
8.546213033472032,188.5573445800295,224.8589780812392,amphetamine_orange,warm_indoor,224,106,58
11.685274758548232,169.28492144593508,222.4372624849022,amphetamine_orange,overcast,222,132,74
7.878604388947279,191.893050396923,255.0,amphetamine_orange,harsh_direct,255,113,63
5.1976283946699695,202.8243534824708,188.10926009413095,amphetamine_orange,daylight,188,64,38
3.5119901870696717,196.55289811532347,197.64727616064727,amphetamine_orange,fluorescent,197,63,45
2.8468661696152653,205.45612731848468,192.77683873666595,amphetamine_orange,warm_indoor,192,52,37
4.020441144315943,190.64229346909391,169.8600789194407,amphetamine_orange,overcast,169,59,42
3.4215592080760664,209.99104433703351,226.62281035131102,amphetamine_orange,harsh_direct,226,61,40
11.468327719762554,250.06053934934448,203.85667660291645,amphetamine_orange,daylight,203,80,3
13.02590150805219,222.49040616957046,238.90990211167454,amphetamine_orange,fluorescent,238,121,30
10.186251487141226,255.0,206.78521786781653,amphetamine_orange,warm_indoor,206,70,0
12.353632748938287,236.19280517718997,200.03174184050962,amphetamine_orange,overcast,200,91,14
10.468840026680962,255.0,241.90660917537693,amphetamine_orange,harsh_direct,241,84,0
15.448816170073956,227.23167936720805,144.21437595397376,amphetamine_orange,daylight,144,82,15
18.513614266988274,216.40084345944027,166.04751873478477,amphetamine_orange,fluorescent,166,112,25
9.8714566445287,248.83525521358567,121.33754001955944,amphetamine_orange,warm_indoor,121,42,2
14.956893455975287,208.86714108341687,143.75140328093153,amphetamine_orange,overcast,143,85,26
14.969448385318483,228.23799266608356,183.38586715644797,amphetamine_orange,harsh_direct,183,101,19
17.123940527554172,226.71235060832538,179.91410048017357,amphetamine_orange,daylight,179,111,19
17.95301246516849,232.3889760464551,209.07073950109148,amphetamine_orange,fluorescent,209,133,18
12.084753866302162,248.72231622324776,161.0793961220772,amphetamine_orange,warm_indoor,161,67,3
20.31399051846848,216.96822786718045,167.72752003453897,amphetamine_orange,overcast,167,122,25
13.624719433545016,224.3976966779417,203.32337422473927,amphetamine_orange,harsh_direct,203,106,24
7.8216736069203545,215.46286895435009,190.14221605010775,amphetamine_orange,daylight,190,71,29
12.061848323908476,212.36553128318204,188.75844840624765,amphetamine_orange,fluorescent,188,95,31
7.357539018228879,233.23345216379477,168.55379304902013,amphetamine_orange,warm_indoor,168,52,14
14.9882919675774,206.26208275250445,150.9456029635699,amphetamine_orange,overcast,150,90,28
12.623684017752009,237.72512695751652,212.4234607334392,amphetamine_orange,harsh_direct,212,98,14
5.32269050004483,207.0658466050165,204.4829873308284,amphetamine_orange,daylight,204,68,38
9.371292079217682,199.7064470227047,217.86615461029072,amphetamine_orange,fluorescent,217,100,47
5.239734782193217,223.72366953517806,197.2933021649825,amphetamine_orange,warm_indoor,197,54,24
9.876316799720387,213.10815414292824,180.08651307565955,amphetamine_orange,overcast,180,79,29
4.630941041238687,224.54571821512394,242.7210635012235,amphetamine_orange,harsh_direct,242,62,28
10.55144919837221,230.80937571436903,213.81378458544847,amphetamine_orange,daylight,213,88,20
11.137432489635327,220.3970915794907,223.60639271876823,amphetamine_orange,fluorescent,223,102,30
5.23669743383601,236.47482902077036,192.65268215092652,amphetamine_orange,warm_indoor,192,45,13
12.67646493746547,211.44924719611143,194.75937645497885,amphetamine_orange,overcast,194,101,33
11.980662152797752,237.85013818358675,228.18951173460184,amphetamine_orange,harsh_direct,228,100,15
10.786486674511494,218.73859725960304,160.65155386080102,amphetamine_orange,daylight,160,72,22
15.32003407054509,208.93381573711008,192.16268031997134,amphetamine_orange,fluorescent,192,115,34
7.093408346876657,230.9480385577147,147.47430168644914,amphetamine_orange,warm_indoor,147,45,13
12.210859937399986,192.06136407130478,148.47105287433013,amphetamine_orange,overcast,148,82,36
12.052473520286423,246.74063352049694,186.24657341871236,amphetamine_orange,harsh_direct,186,78,6
10.278990471600409,193.30068335218039,190.0863447374799,amphetamine_orange,daylight,190,95,45
15.610667088862632,188.39110551625285,214.85630819326454,amphetamine_orange,fluorescent,214,139,56
4.2702278293021285,213.04174340736364,182.10886262575562,amphetamine_orange,warm_indoor,182,51,29
9.063732448050732,204.32589526704572,175.93270012106248,amphetamine_orange,overcast,175,77,34
8.344438621457078,194.42462885099766,216.59370565803985,amphetamine_orange,harsh_direct,216,97,51
16.410178407937607,202.3279810195958,209.3997055648906,amphetamine_orange,daylight,209,134,43
18.292621484259,191.81103574879322,209.83867684313134,amphetamine_orange,fluorescent,209,148,51
12.539569882515902,215.8701895755174,181.41181329503365,amphetamine_orange,warm_indoor,181,92,27
15.587146863695912,197.81096476680776,183.25710611132257,amphetamine_orange,overcast,183,115,41
17.146146631915116,208.34760433965585,220.44550821668716,amphetamine_orange,harsh_direct,220,143,40
6.657770359224692,214.24403146222153,229.98807976699092,amphetamine_orange,daylight,229,79,36
9.007753744262432,205.5337573407409,240.93151292890323,amphetamine_orange,fluorescent,240,105,46
5.425137749132747,209.95857605668692,239.94288494796473,amphetamine_orange,warm_indoor,239,78,42
13.575138385949897,213.01965205826372,200.57369374768382,amphetamine_orange,overcast,200,109,33
10.10967667466802,204.6107264806103,255.0,amphetamine_orange,harsh_direct,255,119,50
6.3516622843811055,227.85399085216073,186.46146924445722,amphetamine_orange,daylight,186,55,19
9.92350527258884,226.65302570330363,198.059299103216,amphetamine_orange,fluorescent,198,80,22
7.822965159837772,228.66074764609098,172.7578205746644,amphetamine_orange,warm_indoor,172,58,17
7.227099197829496,219.2972253194411,155.09355628296794,amphetamine_orange,overcast,155,54,21
11.138323585537107,223.277721104011,199.53638816516113,amphetamine_orange,harsh_direct,199,90,24
15.9715044253844,216.1985806740152,213.72330528977852,amphetamine_orange,daylight,213,129,32
15.624830897399812,213.49750326415557,219.71225019562507,amphetamine_orange,fluorescent,219,132,35
8.506019752348374,236.94761360395398,204.84015433803563,amphetamine_orange,warm_indoor,204,68,14
12.167725448950685,212.82935554927406,185.7028070642436,amphetamine_orange,overcast,185,93,30
16.788793432876634,219.79707356678722,231.5456703041779,amphetamine_orange,harsh_direct,231,144,31
11.59993861359604,222.0556344480507,192.08725460310714,amphetamine_orange,daylight,192,89,24
5.388818663830962,216.99942371251268,211.32639605740005,amphetamine_orange,fluorescent,211,63,31
1.366708738478464,245.86396775715363,177.2589852729297,amphetamine_orange,warm_indoor,177,14,6
8.092585149382877,225.2326423637915,155.62644785991662,amphetamine_orange,overcast,155,55,18
5.879274510724789,214.70960773537004,220.3073677073642,amphetamine_orange,harsh_direct,220,71,34
9.371736024480311,240.53677408899028,205.20182179404347,amphetamine_orange,daylight,205,72,11
9.05839873406977,243.30087982407636,232.58298584419575,amphetamine_orange,fluorescent,232,78,10
5.662268683168028,246.03509901315743,185.6093370460678,amphetamine_orange,warm_indoor,185,40,6
9.142978426514167,235.79684761967468,187.81819700142506,amphetamine_orange,overcast,187,67,14
10.473230934563883,255.0,223.2938532297995,amphetamine_orange,harsh_direct,223,78,0
9.729293807344652,218.656592442413,162.91433433863182,amphetamine_orange,daylight,162,68,23
10.408765058125667,202.47906016504152,175.76307225523072,amphetamine_orange,fluorescent,175,84,36
5.701892985291055,234.74527719062826,155.89344631708315,amphetamine_orange,warm_indoor,155,39,12
5.732088723320194,213.3170579329278,145.60146680694473,amphetamine_orange,overcast,145,47,23
4.463910984032232,220.91988029175673,180.20571031232555,amphetamine_orange,harsh_direct,180,47,24
12.411336060716202,226.49419114379248,204.96270514588355,amphetamine_orange,daylight,204,98,22
16.5962766223445,212.2561367952151,224.2400600879057,amphetamine_orange,fluorescent,224,141,37
9.292780821752132,224.83462945294383,197.38228234511004,amphetamine_orange,warm_indoor,197,77,23
18.600960541077775,217.8083039814641,188.62316183239284,amphetamine_orange,overcast,188,127,27
12.9682540827005,229.75016094543557,228.1471163026727,amphetamine_orange,harsh_direct,228,111,22
7.380376430522829,205.19322632800765,222.950617069162,amphetamine_orange,daylight,222,87,43
7.8067658909968,203.98530850546123,222.9886646076277,amphetamine_orange,fluorescent,222,91,44
0.0,225.5424718358681,211.71480389533937,amphetamine_orange,warm_indoor,211,24,24
8.98925388560883,219.33561135892091,188.6651844242461,amphetamine_orange,overcast,188,75,26
6.915434600404231,217.8295752271689,248.95542678433108,amphetamine_orange,harsh_direct,248,85,36
13.220279932237434,189.69498450397194,204.55781134024522,amphetamine_orange,daylight,204,119,52
14.175902468982745,193.8730629823569,222.68796322047206,amphetamine_orange,fluorescent,222,133,53
11.287632648363942,206.25191001214273,177.0459141626412,amphetamine_orange,warm_indoor,177,88,33
14.978239080144645,197.0097201636177,178.24031610658102,amphetamine_orange,overcast,178,109,40
13.336744305048889,198.0584341106046,214.41980109887922,amphetamine_orange,harsh_direct,214,122,47
8.30614247601996,239.7774234853198,205.1017696744072,amphetamine_orange,daylight,205,65,12
19.03166375856227,210.73880935205008,218.74628741875293,amphetamine_orange,fluorescent,218,153,37
5.282625783674096,251.64362066937375,171.1696654418826,amphetamine_orange,warm_indoor,171,32,2
8.646241567251174,236.71609723473017,169.13301609989296,amphetamine_orange,overcast,169,57,12
10.775295662513031,251.4813722994227,209.62321717410006,amphetamine_orange,harsh_direct,209,77,2
2.0599223140011462,216.90112397296556,185.09015890930453,amphetamine_orange,daylight,185,38,27
3.07009612470089,200.32345934108346,194.74285754506386,amphetamine_orange,fluorescent,194,57,41
0.0,215.13373120685728,178.88839913417627,amphetamine_orange,warm_indoor,178,27,27
2.3778902850248884,194.81675574099768,168.3488965778071,amphetamine_orange,overcast,168,49,39
1.3782071659049695,204.26899725997458,222.91185945074835,amphetamine_orange,harsh_direct,222,52,44
1.2319052977331744,214.7357884626536,188.69798284066866,amphetamine_orange,daylight,188,36,29
4.866217687332766,217.99846924661625,198.40650391169794,amphetamine_orange,fluorescent,198,56,28
2.7794773533158255,228.15812103919495,173.60783674087975,amphetamine_orange,warm_indoor,173,32,18
7.2783430109673475,224.11333974851098,164.05661560760697,amphetamine_orange,overcast,164,55,19
6.594097042069752,221.1130257482238,205.80683926871788,amphetamine_orange,harsh_direct,205,66,27
5.49745312568875,231.6411575309638,212.11198239246082,amphetamine_orange,daylight,212,54,19
7.7240811750104,216.74218436812362,204.7648989416591,amphetamine_orange,fluorescent,204,75,30
1.3374481285912458,232.7453019251577,190.63601004906775,amphetamine_orange,warm_indoor,190,24,16
13.014283116055697,209.76234503478756,181.94112727670418,amphetamine_orange,overcast,181,97,32
8.497975409762313,226.17778307016826,229.29416894979246,amphetamine_orange,harsh_direct,229,83,25
10.98868217615836,243.03183974572778,164.63915200074914,amphetamine_orange,daylight,164,65,7
10.972648982680983,211.0207444723595,202.67722815935682,amphetamine_orange,fluorescent,202,96,34
12.026235357838992,241.28736915347608,169.23488953864182,amphetamine_orange,warm_indoor,169,73,9
9.483091851812992,212.07734942991863,139.10637580534322,amphetamine_orange,overcast,139,60,23
12.238857503037952,221.07400173166337,206.0825124861608,amphetamine_orange,harsh_direct,206,100,27
12.090398437678635,178.7407029610663,222.47371197691703,amphetamine_orange,daylight,222,129,66
14.804986236364956,174.00316392615207,228.2269721596417,amphetamine_orange,fluorescent,228,149,72
9.233071627154352,202.12601257487017,220.7186598658406,amphetamine_orange,warm_indoor,220,99,45
17.50642650854596,180.60645980841937,203.59263007330594,amphetamine_orange,overcast,203,144,59
14.291610824111102,193.3939020173756,238.63411534566163,amphetamine_orange,harsh_direct,238,144,57
15.694432972500692,208.27382803997992,221.2345324847863,amphetamine_orange,daylight,221,135,40
15.541269119904427,204.08518492524453,245.36913378151777,amphetamine_orange,fluorescent,245,151,48
13.18641983850822,217.92661357003584,225.41584803960316,amphetamine_orange,warm_indoor,225,117,32
19.221356745688226,213.45212138858685,204.34917635930256,amphetamine_orange,overcast,204,143,33
14.523987894996358,227.44864403725373,241.7092172983276,amphetamine_orange,harsh_direct,241,131,26
8.186198996346146,180.0967510544779,199.0981610116961,amphetamine_orange,daylight,199,97,58
13.359956333064,158.94053497652828,202.98529260665322,amphetamine_orange,fluorescent,202,133,76
1.1286069153387808,190.36463348592233,198.4173505698059,amphetamine_orange,warm_indoor,198,55,50
10.022695344010227,175.68721453454603,180.60658166605896,amphetamine_orange,overcast,180,97,56
9.560701792459534,196.9052688448513,222.97546113682688,amphetamine_orange,harsh_direct,222,105,50
13.009370157259404,255.0,173.58328855579305,amphetamine_orange,daylight,173,75,0
15.320588492299184,249.98132807752438,203.45244282116397,amphetamine_orange,fluorescent,203,106,4
13.27916390449653,255.0,178.8934807700375,amphetamine_orange,warm_indoor,178,79,0
17.2753028925303,253.85635457280608,162.06823716183825,amphetamine_orange,overcast,162,94,0
15.742365989551296,255.0,212.62752641419232,amphetamine_orange,harsh_direct,212,112,0
6.40285414344859,201.55894293241133,212.3414045499251,amphetamine_orange,daylight,212,80,44
9.92504990426961,191.83223515244896,237.23227595995846,amphetamine_orange,fluorescent,237,118,58
2.21604289691149,215.28168369325707,204.11393562208838,amphetamine_orange,warm_indoor,204,44,31
8.517283433092837,188.24927352214777,190.78608348287872,amphetamine_orange,overcast,190,90,49
3.9655210491465733,198.79798445632076,243.36215617936656,amphetamine_orange,harsh_direct,243,78,53
15.375634338833278,221.86073499649922,209.93782368053846,amphetamine_orange,daylight,209,121,27
14.981614438584149,218.91399294706113,227.57281986416592,amphetamine_orange,fluorescent,227,130,32
6.122150478544863,226.56266940152622,201.29353709135205,amphetamine_orange,warm_indoor,201,59,22
17.043803816549673,206.9532085574256,191.42513884657782,amphetamine_orange,overcast,191,124,36
11.812068418955707,223.97327482054044,246.1804545925612,amphetamine_orange,harsh_direct,246,115,29
15.659921184453392,216.89232688579165,167.0546403216685,amphetamine_orange,daylight,167,99,24
15.281186428206787,192.21057239426523,193.04291873529027,amphetamine_orange,fluorescent,193,122,47
16.143922760223912,215.22382806245142,164.51626150959154,amphetamine_orange,warm_indoor,164,100,25
17.670986382887182,204.17741167313235,144.00910937639918,amphetamine_orange,overcast,144,97,28
19.112257153851385,212.66508942361608,182.59295512924285,amphetamine_orange,harsh_direct,182,127,30
9.993566764102054,235.16822910245565,155.64282383585467,amphetamine_orange,daylight,155,60,12
8.450901142915805,226.1872050980356,170.5997836412369,amphetamine_orange,fluorescent,170,62,19
3.9418974185128364,255.0,138.13062667190943,amphetamine_orange,warm_indoor,138,18,0
8.266293733271139,243.44571401948605,131.42103763376304,amphetamine_orange,overcast,131,40,5
7.804124712790043,219.49759367459518,172.6570516084009,amphetamine_orange,harsh_direct,172,62,24
13.939521660992625,223.73725617878924,217.6059166482099,amphetamine_orange,daylight,217,115,26
16.834929237126687,220.7437424166592,244.83383869411307,amphetamine_orange,fluorescent,244,152,32
14.178481518434491,225.99508418727945,217.2212126522769,amphetamine_orange,warm_indoor,217,116,24
15.560494407136877,217.22495236375576,191.25368707863225,amphetamine_orange,overcast,191,113,28
14.246217074906754,224.76263942690935,240.16833726887916,amphetamine_orange,harsh_direct,240,129,28
6.885518607851852,208.75984378668554,188.52179405801604,amphetamine_orange,daylight,188,69,34
12.399626895673395,208.17539369745288,208.59575311930004,amphetamine_orange,fluorescent,208,109,38
4.169878415663089,228.22436741152802,181.10996919869325,amphetamine_orange,warm_indoor,181,41,19
8.297689555381307,209.41570129737153,149.45502969186327,amphetamine_orange,overcast,149,60,26
7.075359029321991,215.96924349293724,210.82598871887348,amphetamine_orange,harsh_direct,210,74,32
13.689764054363547,213.4888111808232,199.0893027952751,amphetamine_orange,daylight,199,108,32
17.495884647306664,216.74934700510815,192.0549114688282,amphetamine_orange,fluorescent,192,124,28
6.449976749991405,229.9757119112044,183.97753739071413,amphetamine_orange,warm_indoor,183,53,18
12.438877847002749,221.96662837340045,172.3815028148139,amphetamine_orange,overcast,172,84,22
13.136273717252287,231.99381114021799,228.53682297505884,amphetamine_orange,harsh_direct,228,112,20
14.570142648450135,204.9615902104124,183.54233077995457,amphetamine_orange,daylight,183,108,36
15.349604860789087,190.440484155305,195.95607116810086,amphetamine_orange,fluorescent,195,124,49
14.17523213131896,221.71001275796965,163.744610489236,amphetamine_orange,warm_indoor,163,89,21
16.328772813168012,183.21012761190397,157.549391046071,amphetamine_orange,overcast,157,106,44
16.32471904785635,222.4659844326524,201.77844309586607,amphetamine_orange,harsh_direct,201,122,25
11.56018987732371,217.19081365394146,215.10426938573934,amphetamine_orange,daylight,215,102,31
13.434725470149836,215.2555277935219,251.71496107645203,amphetamine_orange,fluorescent,251,134,39
6.648033706366615,221.66014210165133,215.47374578590478,amphetamine_orange,warm_indoor,215,69,28
10.681429198587622,213.50862770591775,189.81210500739314,amphetamine_orange,overcast,189,87,30
9.073419368808281,240.4253727014154,243.87062777088954,amphetamine_orange,harsh_direct,243,83,13
15.25152639080829,252.79387033614898,218.97551641238076,amphetamine_orange,daylight,218,112,1
14.280859386056104,214.75046567834886,218.80721089693128,amphetamine_orange,fluorescent,218,122,34
7.910001936768801,253.1071223967716,194.42546232237837,amphetamine_orange,warm_indoor,194,52,1
14.82330307407133,234.83083873908126,186.2865474678064,amphetamine_orange,overcast,186,99,14
12.095179238256593,231.24359767333002,214.43202016724027,amphetamine_orange,harsh_direct,214,98,19
9.581183777263059,170.5042306280393,201.0126728561833,amphetamine_orange,daylight,201,109,66
14.562363444806564,172.46674991361442,192.87581803653862,amphetamine_orange,fluorescent,192,126,62
10.33461733995664,189.0955217905272,189.1629572309441,amphetamine_orange,warm_indoor,189,97,48
11.599246407727653,160.83881777647457,169.11977466098546,amphetamine_orange,overcast,169,103,62
10.936334173595622,186.53104231145244,210.39704831349454,amphetamine_orange,harsh_direct,210,112,56
6.056729396332707,223.11387131537495,176.5197809946448,amphetamine_orange,daylight,176,53,22
9.018730403247684,219.99025921756407,201.0370090625593,amphetamine_orange,fluorescent,201,80,27
1.4110307112527372,225.74490908818186,183.12671174570676,amphetamine_orange,warm_indoor,183,28,21
7.051346860804012,209.46685043742323,158.3222477955411,amphetamine_orange,overcast,158,59,28
6.021183780373541,230.629286429628,195.862619692062,amphetamine_orange,harsh_direct,195,54,18
15.656955364824919,215.7326741975541,238.059370982045,amphetamine_orange,daylight,238,142,36
16.124267041843694,220.5578959663775,234.32344076829784,amphetamine_orange,fluorescent,234,141,31
13.803106226786516,222.60676837932468,210.05102453909268,amphetamine_orange,warm_indoor,210,111,26
17.98179257369775,193.84972894850893,205.47245184138893,amphetamine_orange,overcast,205,143,49
15.936576677289757,218.36787907829768,237.41682863071406,amphetamine_orange,harsh_direct,237,142,34
12.607989186441417,244.55743526553292,187.5949141227941,amphetamine_orange,daylight,187,83,7
13.694760749656503,227.36448598772796,206.9242352229673,amphetamine_orange,fluorescent,206,107,22
6.952206189140174,255.0,178.15501520245044,amphetamine_orange,warm_indoor,178,41,0
11.386354728304973,217.8707188007132,160.31464716420578,amphetamine_orange,overcast,160,75,23
12.564491665958897,240.8141127796282,221.8032507880833,amphetamine_orange,harsh_direct,221,100,12
12.642620634936103,219.39255019095134,155.81626812321738,amphetamine_orange,daylight,155,78,21
16.61622453000304,198.46186884429105,193.5987531404043,amphetamine_orange,fluorescent,193,126,42
14.38657347141857,231.5967704869799,148.78978924514632,amphetamine_orange,warm_indoor,148,78,13
16.3729213003664,204.41097918474458,128.11277620405235,amphetamine_orange,overcast,128,81,25
13.005600504913994,222.3471255637424,182.12132054997386,amphetamine_orange,harsh_direct,182,92,23
13.001235776335669,232.58678600560157,193.65312297067564,amphetamine_orange,daylight,193,93,17
13.849445813055702,204.92267939562754,210.02600562199984,amphetamine_orange,fluorescent,210,119,41
6.933483238313112,243.92455557687762,188.26270123621774,amphetamine_orange,warm_indoor,188,50,8
9.708048875024971,223.97837188716613,189.11788979826073,amphetamine_orange,overcast,189,77,23
7.001046286613489,233.52376285770893,216.48030461843086,amphetamine_orange,harsh_direct,216,64,18
11.700950842495256,225.1788211143239,154.88739371172485,amphetamine_orange,daylight,154,71,18
14.96053107155276,207.29495529718378,195.07161645164302,amphetamine_orange,fluorescent,195,116,36
11.163436417827098,237.64532174533792,155.42211602915992,amphetamine_orange,warm_indoor,155,64,10
14.994125026389622,226.72742889302305,148.72117017725478,amphetamine_orange,overcast,148,82,16
12.614827403740609,224.43596173079715,173.9241832155733,amphetamine_orange,harsh_direct,173,85,20
1.4436274348964404,207.0117410096653,178.53645380091186,amphetamine_orange,daylight,178,40,33
6.993869146117545,192.21482797087327,190.80692247495725,amphetamine_orange,fluorescent,190,80,46
0.0,221.0897127954888,159.28809550916614,amphetamine_orange,warm_indoor,159,21,21
6.25965996034369,197.4104729067846,152.30914634960214,amphetamine_orange,overcast,152,59,34
5.128072589038535,197.64574273865207,210.44475440492874,amphetamine_orange,harsh_direct,210,75,47
8.198266994922488,202.32836997808056,209.60626957528754,amphetamine_orange,daylight,209,88,43
13.7769648458243,197.30001087690005,224.56907885487794,amphetamine_orange,fluorescent,224,131,50
5.938483973291298,221.3982580866177,201.23786282320953,amphetamine_orange,warm_indoor,201,61,26
9.034372307518131,205.1742300485383,179.17054344100163,amphetamine_orange,overcast,179,78,35
9.738774853051089,210.7484028474727,235.6067077505885,amphetamine_orange,harsh_direct,235,104,40
7.889320030072227,236.48563260346927,179.50118248694434,amphetamine_orange,daylight,179,57,13
7.5810016635400865,205.49706509716904,198.2415008781513,amphetamine_orange,fluorescent,198,79,38
0.0,228.7805964628427,181.2593679729431,amphetamine_orange,warm_indoor,181,18,18
6.908109394613399,211.11004757142723,154.02162495139942,amphetamine_orange,overcast,154,56,26
5.0547849532275855,224.4691383069611,198.83395957385028,amphetamine_orange,harsh_direct,198,53,23
11.47632486848369,241.34977493937643,216.89137909208804,amphetamine_orange,daylight,216,90,11
17.18955458057292,234.7505105544859,224.68874118015498,amphetamine_orange,fluorescent,224,137,17
9.819768463771112,246.80397202669192,213.18457533946844,amphetamine_orange,warm_indoor,213,74,6
19.24009501108368,236.9722224940645,203.29180782971545,amphetamine_orange,overcast,203,136,14
15.67770854431734,243.77095178137466,235.8701683336005,amphetamine_orange,harsh_direct,235,128,10
18.165772670084788,211.2662619043543,201.70908355561977,amphetamine_orange,daylight,201,136,34
22.085206506836247,188.31420314964333,232.97974680548543,amphetamine_orange,fluorescent,232,188,60
19.651830612828004,201.7094337019199,198.02053661285555,amphetamine_orange,warm_indoor,198,144,41
21.134726018176696,192.36775555721562,181.8871446162986,amphetamine_orange,overcast,181,141,44
17.196228875895088,199.70740694708002,243.70412517071216,amphetamine_orange,harsh_direct,243,162,52
13.113557837894346,221.73584662369734,172.97570561912684,amphetamine_orange,daylight,172,88,22
14.534697510506879,228.53966300013207,181.7108526413616,amphetamine_orange,fluorescent,181,98,18
8.848519049772744,245.60383871415124,166.3951910895549,amphetamine_orange,warm_indoor,166,53,6
14.468523298945563,238.28780890430062,157.9314053967675,amphetamine_orange,overcast,157,81,10
12.109526217830348,226.8110671658601,189.30330522369027,amphetamine_orange,harsh_direct,189,89,20
8.907510651182152,195.7174568674372,202.85670357782726,amphetamine_orange,daylight,202,93,47
9.583148523882011,188.21621093605228,201.10355617900746,amphetamine_orange,fluorescent,201,100,52
5.7235363391867935,201.14468611622993,178.71788420424647,amphetamine_orange,warm_indoor,178,64,37
8.39175147947834,179.78836134388524,170.10459437081497,amphetamine_orange,overcast,170,83,50
5.850531838606167,190.99563778623263,211.22888726965206,amphetamine_orange,harsh_direct,211,84,53
2.56942443669251,219.07136297859802,209.80515164043186,amphetamine_orange,daylight,209,45,29
2.9143425155986877,203.17413613281207,230.51349259681047,amphetamine_orange,fluorescent,230,64,46
0.0,215.85431102944793,199.02225043465305,amphetamine_orange,warm_indoor,199,30,30
2.186434383143738,204.01474172726103,182.21873032504453,amphetamine_orange,overcast,182,47,36
0.6560142967954539,223.64488446627152,236.8792540342362,amphetamine_orange,harsh_direct,236,33,29
4.154184476588794,233.5127839456411,209.45524741654947,amphetamine_orange,daylight,209,44,17
6.84404378918767,218.23897187913596,215.62879176287225,amphetamine_orange,fluorescent,215,73,31
4.255389233869555,229.8013013193383,186.8619160933723,amphetamine_orange,warm_indoor,186,42,18
6.805437975621673,220.19509708603556,179.48165182781884,amphetamine_orange,overcast,179,59,24
6.117159713996055,234.98164935011906,218.91875896387958,amphetamine_orange,harsh_direct,218,58,17
3.4120863755681694,193.7298584389932,225.0022714434843,amphetamine_orange,daylight,225,73,54
3.402206896316894,186.02836720026292,214.82563750663473,amphetamine_orange,fluorescent,214,75,58
0.0,203.83523722234227,195.52243122740506,amphetamine_orange,warm_indoor,195,39,39
4.989425213577382,205.07961626564813,185.39328046689016,amphetamine_orange,overcast,185,61,36
4.147930217127158,195.67893810212774,222.44861684829817,amphetamine_orange,harsh_direct,222,75,51
3.3147314423960936,193.4266822310191,190.85017921011087,amphetamine_orange,daylight,190,62,46
8.47345646544121,195.15397131397765,226.79249054590392,amphetamine_orange,fluorescent,226,102,53
2.7485765254895242,219.7857097662335,181.35905554269758,amphetamine_orange,warm_indoor,181,39,25
4.404063582763137,195.26726234548022,176.3881955841801,amphetamine_orange,overcast,176,61,41
5.588466687658934,203.88689868722338,213.40008775021695,amphetamine_orange,harsh_direct,213,74,42
3.4202668912540206,217.3551375477414,239.57059332736833,amphetamine_orange,daylight,239,58,35
5.374289715061694,214.99922197517532,252.56572812258176,amphetamine_orange,fluorescent,252,77,39
4.036322358074676,221.62318542171468,234.93530447979256,amphetamine_orange,warm_indoor,234,58,30
4.791228047848328,226.37480889421062,218.90671791835283,amphetamine_orange,overcast,218,55,24
7.53750463469161,231.0344498688441,255.0,amphetamine_orange,harsh_direct,255,82,23
12.88740651262625,195.53729282910723,234.50775577778563,amphetamine_orange,daylight,234,132,54
8.008730433985797,194.4273322316715,255.0,amphetamine_orange,fluorescent,255,112,60
7.882981504943684,196.7765840594504,229.92966184294045,amphetamine_orange,warm_indoor,229,99,52
12.481587378829417,202.10083212311582,229.14129983452978,amphetamine_orange,overcast,229,123,47
10.133948665517915,205.45702110883488,255.0,amphetamine_orange,harsh_direct,255,119,49
11.4670518437032,236.55843500234874,204.31845063191744,amphetamine_orange,daylight,204,87,14
16.16192609726767,221.66679503011017,218.4970508739921,amphetamine_orange,fluorescent,218,131,28
8.817784038769426,238.7841531649571,202.27027073818857,amphetamine_orange,warm_indoor,202,68,12
12.671792235447107,231.5399193012578,188.71081221443134,amphetamine_orange,overcast,188,90,17
12.38666460342309,239.45017594872817,237.31209093398115,amphetamine_orange,harsh_direct,237,106,14
13.191182764873888,213.91361308568895,223.2610079647542,amphetamine_orange,daylight,223,118,35
15.129179367259384,201.63683394548454,236.3158411920585,amphetamine_orange,fluorescent,236,144,49
6.653901788064757,232.74336417657227,201.62573055203208,amphetamine_orange,warm_indoor,201,58,17
16.945965611888248,222.82294754395545,178.04940039518777,amphetamine_orange,overcast,178,110,22
11.349905390591577,225.7339485601124,226.03588099265755,amphetamine_orange,harsh_direct,226,102,25
10.548120432480637,221.00965493190103,212.40207684294958,amphetamine_orange,daylight,212,93,28
9.993629427250355,218.965063895263,225.73687479450174,amphetamine_orange,fluorescent,225,96,31
10.82895298699453,226.82644320419925,193.39067942997144,amphetamine_orange,warm_indoor,193,83,21
10.457132848840834,228.49204188177237,188.69322684715198,amphetamine_orange,overcast,188,78,19
8.138620645088169,225.86688082059635,236.38059058347292,amphetamine_orange,harsh_direct,236,84,27
17.875616388074583,196.9021150777293,170.13936401814263,amphetamine_orange,daylight,170,117,38
21.132539768360154,181.3554287210778,171.75196489526422,amphetamine_orange,fluorescent,171,136,49
12.594664233826796,209.84899197410522,156.50365215986878,amphetamine_orange,warm_indoor,156,82,27
12.711205927852037,200.3659960911847,156.4604122355942,amphetamine_orange,overcast,156,85,33
14.823768916343559,196.96618096432164,188.55009251744048,amphetamine_orange,harsh_direct,188,115,42
20.151751247450363,239.5921840624002,155.3058880734012,amphetamine_orange,daylight,155,107,9
19.43075244606363,204.09106657519416,182.8871181403425,amphetamine_orange,fluorescent,182,131,36
14.97901043299621,233.2655904730418,166.91086691085863,amphetamine_orange,warm_indoor,166,90,14
19.656080917929675,204.77442957655134,139.80179146495382,amphetamine_orange,overcast,139,101,27
17.930106106839805,225.02421423563032,194.11597217946795,amphetamine_orange,harsh_direct,194,125,22
7.945607784383108,235.9809077418877,208.45998220935004,amphetamine_orange,daylight,208,66,15
4.26514442101317,222.83991901230436,219.1941672041433,amphetamine_orange,fluorescent,219,55,27
4.89010353261423,247.58563380525683,201.63561104232554,amphetamine_orange,warm_indoor,201,37,5
9.086594665105483,230.86717284040148,191.94108865102004,amphetamine_orange,overcast,191,71,18
8.179906131710103,239.72793978311884,233.17351312762216,amphetamine_orange,harsh_direct,233,74,13
1.257546345374141,212.65848518722967,224.9843890209526,amphetamine_orange,daylight,224,45,37
0.0,192.9463236444541,232.42105196959798,amphetamine_orange,fluorescent,232,56,56
0.0,232.36542041207372,203.0885656597501,amphetamine_orange,warm_indoor,203,18,18
0.8822472644366204,187.3310273665362,207.27091740594494,amphetamine_orange,overcast,207,59,55
0.2570852908050511,209.3926819338982,249.75656790040622,amphetamine_orange,harsh_direct,249,46,44
9.250130620447376,220.92066260255802,169.4073769598854,amphetamine_orange,daylight,169,68,22
13.005846721306021,201.70911570993837,213.14305517066887,amphetamine_orange,fluorescent,213,118,44
7.638051211263722,240.43179344460523,184.34675378351105,amphetamine_orange,warm_indoor,184,55,10
8.282454463083727,234.80889831502137,166.9724355044283,amphetamine_orange,overcast,166,55,13
10.592788528214165,231.52158916776156,216.6413225473856,amphetamine_orange,harsh_direct,216,89,19
5.91322912682784,209.0019326357821,198.07232666128772,amphetamine_orange,daylight,198,67,35
9.586925790589989,190.8206264756268,229.05547280145439,amphetamine_orange,fluorescent,229,112,57
4.39823211875438,219.89488469434124,186.23508025195957,amphetamine_orange,warm_indoor,186,49,25
13.092679457389927,208.9003336836555,180.52659385855782,amphetamine_orange,overcast,180,97,32
9.971126540553225,224.7570817941557,224.70612486598355,amphetamine_orange,harsh_direct,224,92,26
12.248289713131973,213.32973058094808,227.05641534898288,amphetamine_orange,daylight,227,115,37
6.710014903650016,208.272872996946,252.08099930896907,amphetamine_orange,fluorescent,252,92,46
0.0,208.41915156445157,197.576839110803,amphetamine_orange,warm_indoor,197,36,36
7.328311912710412,213.7509263323377,192.3729762117925,amphetamine_orange,overcast,192,70,31
11.468557000607193,222.25866637058533,233.5826622805015,amphetamine_orange,harsh_direct,233,108,29
20.132402483963336,216.79096781509844,212.5998487349924,amphetamine_orange,daylight,212,153,31
23.08962103483375,211.7023338632498,226.39378164773922,amphetamine_orange,fluorescent,226,183,38
17.5657576670912,239.95345168050156,190.98953244675397,amphetamine_orange,warm_indoor,190,117,11
19.54109734147249,203.7863674707493,186.72465276273763,amphetamine_orange,overcast,186,135,37
22.189249459942978,220.52398653252996,240.1543180033958,amphetamine_orange,harsh_direct,240,186,32
17.06709805499864,222.30046765891902,206.41681377824906,amphetamine_orange,daylight,206,129,26
18.752644580753845,207.58541191956405,207.8110909940685,amphetamine_orange,fluorescent,207,144,38
11.391301247372628,235.55592155907507,191.03207464579046,amphetamine_orange,warm_indoor,191,81,14
18.16105079910927,220.3559619289106,183.382113775927,amphetamine_orange,overcast,183,121,24
13.111965675732556,217.33625328683092,217.12289730916928,amphetamine_orange,harsh_direct,217,113,32
4.093290693630601,229.25134555443418,186.1735371206659,amphetamine_orange,daylight,186,41,18
9.241883970649576,239.99691532639278,222.32289371920348,amphetamine_orange,fluorescent,222,77,13
7.101297329963499,246.48720421268587,180.3776374641362,amphetamine_orange,warm_indoor,180,47,6
8.89430633409042,231.3200862081416,162.19966559220617,amphetamine_orange,overcast,162,58,15
5.925811900354331,230.52346556067212,211.6229395657602,amphetamine_orange,harsh_direct,211,58,20
11.149266484955222,244.69735927908886,204.01721661273677,amphetamine_orange,daylight,204,81,8
7.604922340677696,226.29334532957475,218.89934503254233,amphetamine_orange,fluorescent,218,74,24
4.124778084611736,251.70115760165376,179.63330410519256,amphetamine_orange,warm_indoor,179,26,2
12.370405357078017,231.0020686666265,182.9650641648061,amphetamine_orange,overcast,182,85,17
11.942092860366236,255.0,223.80693500328854,amphetamine_orange,harsh_direct,223,89,0
16.183863887367593,199.27029507129413,255.0,amphetamine_orange,daylight,255,163,55
19.41718790073656,217.5777303545097,255.0,amphetamine_orange,fluorescent,255,179,37
15.778986879009661,228.0541491877274,232.84172683999373,amphetamine_orange,warm_indoor,232,134,24
15.028330961773484,204.34414798191077,221.79497620319523,amphetamine_orange,overcast,221,133,44
15.615004199239616,218.97182541848926,255.0,amphetamine_orange,harsh_direct,255,150,36
11.112031498840315,201.11340075443775,175.3907886019512,amphetamine_orange,daylight,175,88,37
12.540217912147476,184.448373269482,198.15758808841753,amphetamine_orange,fluorescent,198,115,54
8.49981509189566,215.09102744417726,172.1135947507198,amphetamine_orange,warm_indoor,172,68,26
7.463936041887629,201.04838542396016,187.9429624644871,amphetamine_orange,overcast,187,76,39
11.409751059113205,213.98134732536386,205.71978152651747,amphetamine_orange,harsh_direct,205,99,33
14.871465108034716,207.5147800397763,212.04001941777744,amphetamine_orange,daylight,212,125,39
20.933111567435176,196.30943004610742,224.70891207161532,amphetamine_orange,fluorescent,224,173,51
14.022219996653163,235.88706788979184,204.77527996681295,amphetamine_orange,warm_indoor,204,104,15
13.90150014639007,223.06498116558114,185.83735537853076,amphetamine_orange,overcast,185,99,23
19.147078944479624,219.45176950941467,240.81191809791937,amphetamine_orange,harsh_direct,240,166,33
14.64524117141282,200.1044650337943,209.2274410335182,amphetamine_orange,daylight,209,125,45
12.809605661921054,195.6966447104088,238.44304655350612,amphetamine_orange,fluorescent,238,134,55
4.373613763746973,218.45861247800363,195.62658366256406,amphetamine_orange,warm_indoor,195,52,28
11.135601150252887,197.51155658851917,190.31736153908835,amphetamine_orange,overcast,190,97,42
13.117139133755513,211.82338668168933,238.99696445665293,amphetamine_orange,harsh_direct,238,127,40
12.723966724438265,195.66090018053123,175.7654112202129,amphetamine_orange,daylight,175,98,40
10.914118811524656,185.22961195998244,201.7502092089848,amphetamine_orange,fluorescent,201,108,55
7.658374466324216,231.0132082781451,161.8948430285717,amphetamine_orange,warm_indoor,161,52,15
11.589593017058196,196.62379455257985,136.73049473560974,amphetamine_orange,overcast,136,72,31
12.078101251006284,213.4138449626368,202.78116254673603,amphetamine_orange,harsh_direct,202,101,33
11.092915217071626,220.54203542147857,183.16559058354787,amphetamine_orange,daylight,183,83,24
11.610991630339077,226.53211439187362,216.0188862854,amphetamine_orange,fluorescent,216,98,24
3.5076409442738585,232.40475350335728,200.0130402278988,amphetamine_orange,warm_indoor,200,39,17
12.350775433752403,217.4793135966947,178.14870883949382,amphetamine_orange,overcast,178,89,26
7.147531873974126,225.2907475414064,221.25549537703586,amphetamine_orange,harsh_direct,221,72,25
18.169887416205853,216.58326973596004,201.85166960655698,amphetamine_orange,daylight,201,134,30
19.37342165825576,215.477622513477,233.24493403125,amphetamine_orange,fluorescent,233,164,36
15.151179245777696,235.91277874607397,197.2749491580918,amphetamine_orange,warm_indoor,197,107,14
21.71195709879533,222.36888361369935,183.6858873675842,amphetamine_orange,overcast,183,140,23
15.870294841701316,222.13090618698982,239.9606388970064,amphetamine_orange,harsh_direct,239,142,30
13.37169237997524,74.70783727453009,255.0,cocaine_peach,daylight,255,213,180
19.426091165493492,68.56045043301935,255.0,cocaine_peach,fluorescent,255,231,186
14.495446630212356,94.97945677815439,234.81578645786368,cocaine_peach,warm_indoor,234,189,147
17.965522819004114,67.53793374221334,237.920378564336,cocaine_peach,overcast,237,212,174
16.97326792567962,88.68392471245116,255.0,cocaine_peach,harsh_direct,255,216,166
11.199674932133245,112.84247871473588,241.53973544781542,cocaine_peach,daylight,241,174,134
13.674225588982717,108.18508328333309,255.0,cocaine_peach,fluorescent,255,196,146
9.382477518681574,107.07275720024583,231.1479614254322,cocaine_peach,warm_indoor,231,164,134
14.360661158374295,100.79741121370628,226.75225277835813,cocaine_peach,overcast,226,180,137
10.174029710466247,119.59753547442787,255.0,cocaine_peach,harsh_direct,255,176,135
13.096071348734146,81.2101128328731,228.97009213272617,cocaine_peach,daylight,228,188,156
14.80291423159721,62.806483458605705,255.0,cocaine_peach,fluorescent,255,223,192
9.878456175948605,89.05838326538147,224.7772011123571,cocaine_peach,warm_indoor,224,172,146
11.921863229448313,60.77786262413291,221.43296069540483,cocaine_peach,overcast,221,189,168
10.581112191773789,90.15343954279321,255.0,cocaine_peach,harsh_direct,255,196,164
8.489199633597359,113.79228621736806,213.89926237877964,cocaine_peach,daylight,213,145,118
10.95558724507974,87.30500486511855,231.53879604683894,cocaine_peach,fluorescent,231,181,152
4.695269741073719,103.05618839863722,206.4132768321956,cocaine_peach,warm_indoor,206,136,122
8.838634074773532,114.88396958663918,195.53795298143334,cocaine_peach,overcast,195,133,107
7.406078513555344,111.437291242015,235.28093098494787,cocaine_peach,harsh_direct,235,157,132
13.34192765553337,102.17218886164362,238.16653029753317,cocaine_peach,daylight,238,185,142
11.759424713112459,95.56144630004239,248.03167892023396,cocaine_peach,fluorescent,248,191,155
10.1364567842873,106.10860461172778,222.79711636844564,cocaine_peach,warm_indoor,222,161,130
13.088089001576607,96.01663526670367,209.16099774596256,cocaine_peach,overcast,209,164,130
12.42571674074699,89.98057245087885,250.31190991157243,cocaine_peach,harsh_direct,250,198,161
14.6928296941184,66.33237933369199,234.62245081985344,cocaine_peach,daylight,234,203,173
18.277768362580133,74.05282000647411,244.21154211302044,cocaine_peach,fluorescent,244,216,173
9.574545512694518,100.99636973067652,218.7289762889094,cocaine_peach,warm_indoor,218,159,132
15.965582432391919,71.52966405102357,200.34733644073233,cocaine_peach,overcast,200,174,144
19.50161118351959,80.89270626025665,255.0,cocaine_peach,harsh_direct,255,226,174
4.214126941344009,72.31686885699122,222.40711547335036,cocaine_peach,daylight,222,168,159
12.316897662798302,61.57246348584077,249.66822903691522,cocaine_peach,fluorescent,249,214,189
3.495317037543468,78.9605877086889,203.82099873281956,cocaine_peach,warm_indoor,203,148,140
10.747001382269092,85.88486361962141,204.94090086549835,cocaine_peach,overcast,204,160,135
7.074203569287202,98.30104048889135,255.0,cocaine_peach,harsh_direct,255,180,156
14.301996733673718,114.46689424867226,195.63930575556188,cocaine_peach,daylight,195,149,107
16.129602844912817,102.63765157951386,210.4992943667171,cocaine_peach,fluorescent,210,171,125
11.583441329078687,113.46369005087988,186.874107195195,cocaine_peach,warm_indoor,186,136,103
9.916403358128722,97.40280303194068,170.8781234666392,cocaine_peach,overcast,170,127,105
10.87967209115341,116.9536920613705,227.30183580474582,cocaine_peach,harsh_direct,227,161,123
11.96114847310596,77.20186693249238,253.30816570746603,cocaine_peach,daylight,253,207,176
14.734183627606024,78.54121556093176,255.0,cocaine_peach,fluorescent,255,215,176
6.123558231786931,110.18727910104344,236.68008198232278,cocaine_peach,warm_indoor,236,155,134
15.172800730334519,81.99054344336905,228.579590136844,cocaine_peach,overcast,228,192,155
11.762270342810172,102.2394272497852,255.0,cocaine_peach,harsh_direct,255,193,152
10.106391986353083,78.4032811462852,229.20721243596026,cocaine_peach,daylight,229,182,158
10.023400239735851,77.55273194471516,255.0,cocaine_peach,fluorescent,255,203,177
6.910499203081938,91.50319112964974,224.35457189727643,cocaine_peach,warm_indoor,224,162,143
9.548172408419719,76.59494378287557,203.01419281987037,cocaine_peach,overcast,203,161,142
9.79338610354774,101.12972625469568,255.0,cocaine_peach,harsh_direct,255,187,153
10.485368501475932,119.05018040058339,245.72990768240444,cocaine_peach,daylight,245,171,131
10.363155673378621,95.37735388292056,252.3083066311714,cocaine_peach,fluorescent,252,190,157
6.386424795468242,122.27891051544248,238.65204556489002,cocaine_peach,warm_indoor,238,148,124
12.232656353459143,106.99306111459705,221.24099126483193,cocaine_peach,overcast,221,166,128
13.322950746442903,121.96370321297577,255.0,cocaine_peach,harsh_direct,255,187,133
15.17818262778298,71.448469881319,226.99638826025517,cocaine_peach,daylight,226,195,163
13.08817974049118,74.94449980437595,227.9397888645715,cocaine_peach,fluorescent,227,190,160
8.15555476100385,88.12112184173249,200.41648980466056,cocaine_peach,warm_indoor,200,150,131
11.949920896906598,83.85897240490122,195.60871566136043,cocaine_peach,overcast,195,157,131
11.180914692682494,94.661573728113,242.7202674753917,cocaine_peach,harsh_direct,242,186,152
9.94171786868263,87.8258307783644,231.93079834698563,cocaine_peach,daylight,231,178,152
10.102389930228117,78.18143328514545,249.97219804290796,cocaine_peach,fluorescent,249,199,173
6.300701847587093,99.93399058923144,221.93706905920953,cocaine_peach,warm_indoor,221,153,134
11.921133205174149,80.97985571676207,205.35314543381875,cocaine_peach,overcast,205,166,140
8.812857340599129,88.40953985975615,254.3076531124368,cocaine_peach,harsh_direct,254,192,166
14.535248727665554,101.25537748310268,225.46040262461514,cocaine_peach,daylight,225,179,135
11.354419314968155,83.20377369771555,232.1013312662802,cocaine_peach,fluorescent,232,185,156
9.117927569214135,94.84858441340778,218.07477913309123,cocaine_peach,warm_indoor,218,161,136
11.945539391716768,79.01740737546868,196.3345972905873,cocaine_peach,overcast,196,159,135
13.305634769149595,88.88242566246755,248.32814900181341,cocaine_peach,harsh_direct,248,200,161
9.96932950941891,73.44922994667853,248.4511534372476,cocaine_peach,daylight,248,200,176
10.208854660092115,57.68288292874916,255.0,cocaine_peach,fluorescent,255,217,197
5.468227236397689,96.33003606219995,248.9797849509708,cocaine_peach,warm_indoor,248,172,154
10.500234798280822,67.62797510601175,233.15345601361457,cocaine_peach,overcast,233,193,171
7.166604034261398,69.86785793911258,255.0,cocaine_peach,harsh_direct,255,201,185
7.225471341889817,74.30525518762987,255.0,cocaine_peach,daylight,255,198,180
16.366293729980278,75.82687514406327,255.0,cocaine_peach,fluorescent,255,220,179
8.648328354644715,106.6730403246105,246.9201459749239,cocaine_peach,warm_indoor,246,173,143
13.489837067923625,95.64671273796355,237.65653414477038,cocaine_peach,overcast,237,188,148
9.49449754479487,80.96105299621188,255.0,cocaine_peach,harsh_direct,255,199,174
8.570683677995802,59.53278224821727,215.54586442654798,cocaine_peach,daylight,215,179,165
8.851685871298665,48.47505954248942,237.7901893327541,cocaine_peach,fluorescent,237,205,192
0.07751170019199338,64.2952005926835,217.57192238927811,cocaine_peach,warm_indoor,217,162,162
4.412287825796071,51.79464957868223,190.38995609278587,cocaine_peach,overcast,190,157,151
1.0577645786442882,57.776532387925556,231.18474029302442,cocaine_peach,harsh_direct,231,180,178
15.251184391352155,88.60337406778464,251.27616296289426,cocaine_peach,daylight,251,208,163
24.190293241181266,68.04803375773534,255.0,cocaine_peach,fluorescent,255,242,186
12.918593611240729,80.23997852071678,237.79044308768906,cocaine_peach,warm_indoor,237,195,162
15.849651993458245,71.1729196067188,235.53790980276906,cocaine_peach,overcast,235,204,169
15.229809564416884,70.38047905303586,255.0,cocaine_peach,harsh_direct,255,220,184
16.982372374572357,103.05833683473894,222.69869986481262,cocaine_peach,daylight,222,183,132
23.916008713974307,105.68744709040546,243.75932850896203,cocaine_peach,fluorescent,243,223,142
14.667531671939335,120.86691381612401,198.27548206281557,cocaine_peach,warm_indoor,198,150,104
16.336991286221455,104.7751226850018,204.8655926272681,cocaine_peach,overcast,204,166,120
15.81410593124219,118.93402991011058,250.58906851146034,cocaine_peach,harsh_direct,250,195,133
19.66090448346218,75.25116480163759,234.0328401724423,cocaine_peach,daylight,234,210,164
21.08338707864173,71.27922097322504,232.9199927467003,cocaine_peach,fluorescent,232,213,167
16.217889750093793,104.51891476086611,223.43738586188766,cocaine_peach,warm_indoor,223,181,131
16.795304351975744,84.91030741254895,196.02282219176914,cocaine_peach,overcast,196,167,130
18.222302043495443,93.40806222329056,238.60242601839803,cocaine_peach,harsh_direct,238,204,151
11.261644110589094,61.555316834631384,248.55165289630034,cocaine_peach,daylight,248,211,188
12.64320507358455,67.81752197669523,255.0,cocaine_peach,fluorescent,255,215,187
13.159987943205971,71.62447661453666,236.55263289183182,cocaine_peach,warm_indoor,236,199,170
15.037627093364156,69.48832802550162,206.5285242036165,cocaine_peach,overcast,206,178,150
8.717901139021372,62.967310391292486,255.0,cocaine_peach,harsh_direct,255,210,192
7.156155597069278,75.54933103623958,255.0,cocaine_peach,daylight,255,197,179
11.174711875861387,83.32140665305596,255.0,cocaine_peach,fluorescent,255,202,171
6.399830674120681,97.85497896983983,246.70975204569666,cocaine_peach,warm_indoor,246,172,152
3.4662420680729027,80.51594430888403,243.39043701557333,cocaine_peach,overcast,243,175,166
5.830221336974683,62.39307196479625,255.0,cocaine_peach,harsh_direct,255,204,192
15.59464669293028,114.35948797268878,238.3094432904901,cocaine_peach,daylight,238,187,131
21.020290981821063,94.18360129509786,249.60113399006306,cocaine_peach,fluorescent,249,222,157
13.104387073614962,120.25140351045283,208.6758219534795,cocaine_peach,warm_indoor,208,153,110
16.40211577285004,122.18545931481694,210.3278203634408,cocaine_peach,overcast,210,164,109
12.690262613283727,96.91385543703531,255.0,cocaine_peach,harsh_direct,255,199,158
17.603986514354613,51.60146100656202,255.0,cocaine_peach,daylight,255,233,203
20.69739089802862,50.41882849896696,255.0,cocaine_peach,fluorescent,255,239,204
11.86585132317228,67.4181055421061,232.99115728388836,cocaine_peach,warm_indoor,232,195,171
16.257779415138963,34.697889941618236,239.95476293343125,cocaine_peach,overcast,239,225,207
16.345743661169976,50.625993484476666,255.0,cocaine_peach,harsh_direct,255,232,204
13.513151695548848,66.4485657486326,228.31954868453167,cocaine_peach,daylight,228,195,168
12.575484334412495,71.55476502688875,236.27574992506723,cocaine_peach,fluorescent,236,197,169
11.95376477849818,74.97831032912907,225.77743379756177,cocaine_peach,warm_indoor,225,185,159
16.344031404695738,59.519178213355424,217.0545923830093,cocaine_peach,overcast,217,194,166
12.920999634101735,76.41629454579015,248.2399481375678,cocaine_peach,harsh_direct,248,206,173
7.070446492696561,98.11734224397452,192.20310378439018,cocaine_peach,daylight,192,135,118
11.862739236540474,97.05124773096972,220.22455031946913,cocaine_peach,fluorescent,220,169,136
5.400603745414107,121.56966918558679,205.43795830055527,cocaine_peach,warm_indoor,205,125,107
10.303539636611038,101.456369247752,174.01993982918418,cocaine_peach,overcast,174,128,104
7.816835670511265,115.20337591926331,226.22099611130665,cocaine_peach,harsh_direct,226,150,124
14.93210120253687,65.09249940139931,218.8764039483121,cocaine_peach,daylight,218,190,163
11.209506141756071,67.59191593023732,224.891415093771,cocaine_peach,fluorescent,224,187,165
9.639055609945919,93.70213613159055,206.26973891412624,cocaine_peach,warm_indoor,206,154,130
14.666406107403095,60.87054336068216,217.47269113879898,cocaine_peach,overcast,217,191,165
7.075369378552199,80.8176545948479,250.28048784814635,cocaine_peach,harsh_direct,250,189,170
19.778182025317125,61.4780669623816,245.3890853372035,cocaine_peach,daylight,245,225,186
20.97705783309341,45.801034848437475,255.0,cocaine_peach,fluorescent,255,241,209
16.981360202569064,71.9920106265346,223.187380615771,cocaine_peach,warm_indoor,223,196,160
20.785797691381223,67.35912717993314,213.55122547725702,cocaine_peach,overcast,213,196,157
21.41313193000055,81.31304558220661,255.0,cocaine_peach,harsh_direct,255,232,173
14.182875575928627,74.89856013438661,239.70132966044508,cocaine_peach,daylight,239,202,169
18.436510590152874,66.36604316027193,255.0,cocaine_peach,fluorescent,255,229,188
11.652876853774533,97.36062014837249,231.03695214790793,cocaine_peach,warm_indoor,231,177,142
16.97361166034654,89.07274672112447,229.19444698286333,cocaine_peach,overcast,229,194,149
13.12078336178108,86.5844973257792,255.0,cocaine_peach,harsh_direct,255,206,168
12.674216762682619,73.214014942579,228.54692236483749,cocaine_peach,daylight,228,190,162
18.803714798048542,48.15231081855467,238.4598931929993,cocaine_peach,fluorescent,238,221,193
11.611519622737877,84.95754531213404,216.00466847434942,cocaine_peach,warm_indoor,216,172,144
14.287366448983414,72.74481601095097,204.69329110828116,cocaine_peach,overcast,204,174,146
12.73655139726462,78.64891903055364,246.201773865118,cocaine_peach,harsh_direct,246,202,170
12.945894638337705,67.93986913840816,255.0,cocaine_peach,daylight,255,216,187
13.865855702582163,73.98551903269066,255.0,cocaine_peach,fluorescent,255,215,181
9.289573875897672,101.13289951997108,255.0,cocaine_peach,warm_indoor,255,185,153
15.250849813713943,78.0097416258355,228.91092768479245,cocaine_peach,overcast,228,194,158
12.250056170060933,77.23899751298009,255.0,cocaine_peach,harsh_direct,255,209,177
13.102679878565423,102.06254598722188,255.0,cocaine_peach,daylight,255,197,152
19.599780494273748,73.5225010704934,255.0,cocaine_peach,fluorescent,255,229,181
9.750547905986386,111.87922026760646,236.93684301438026,cocaine_peach,warm_indoor,236,166,132
13.57493692065611,84.28373635153287,229.48142996056745,cocaine_peach,overcast,229,188,153
12.29919958460648,99.07303073406887,255.0,cocaine_peach,harsh_direct,255,196,155
15.25700304974218,96.17298042324668,226.52918729128123,cocaine_peach,daylight,226,184,141
15.798950600691851,99.07724880989379,251.50269110163097,cocaine_peach,fluorescent,251,205,153
9.744590936689239,92.3901661966135,222.31296621668625,cocaine_peach,warm_indoor,222,168,141
13.561281308464501,79.55709279949653,204.84990905582322,cocaine_peach,overcast,204,169,140
10.82021842569678,104.03879342404588,255.0,cocaine_peach,harsh_direct,255,188,150
9.42870948124046,82.00187768205976,249.5307298700318,cocaine_peach,daylight,249,194,169
12.68832356113035,52.3401663048807,255.0,cocaine_peach,fluorescent,255,224,202
8.46835492791511,88.99688370995833,249.80407220955263,cocaine_peach,warm_indoor,249,187,162
11.969473912082709,81.62571841047581,236.94351741098978,cocaine_peach,overcast,236,191,161
10.043940462366619,82.2109738746118,255.0,cocaine_peach,harsh_direct,255,200,172
12.202787477287174,118.17743161984922,223.1231490872302,cocaine_peach,daylight,223,162,119
14.938989374179613,88.54001281323883,238.6846947398074,cocaine_peach,fluorescent,238,197,155
9.050915223278444,100.34631811356476,208.0321864851981,cocaine_peach,warm_indoor,208,151,126
13.364338358108453,107.68992619297406,192.32313431813867,cocaine_peach,overcast,192,147,111
9.617207299066678,94.16800011817973,234.98806134808282,cocaine_peach,harsh_direct,234,176,148
9.457802275203157,96.96551387408807,255.0,cocaine_peach,daylight,255,188,158
15.330621476009947,77.94198576100862,255.0,cocaine_peach,fluorescent,255,217,177
10.424005127160092,96.36010426266793,227.63805397733748,cocaine_peach,warm_indoor,227,171,141
11.29925820617795,90.48120991674877,240.3005156219074,cocaine_peach,overcast,240,187,155
9.425023606758367,94.87987818386348,255.0,cocaine_peach,harsh_direct,255,190,160
6.470697028100408,105.45891999925344,194.27990964972508,cocaine_peach,daylight,194,131,113
7.28463728293846,76.74721925797749,212.6609024654336,cocaine_peach,fluorescent,212,164,148
2.715460846144095,103.26177190672846,186.67143242762324,cocaine_peach,warm_indoor,186,117,111
3.8770577885327357,97.53459635231935,177.4442932714907,cocaine_peach,overcast,177,118,109
5.266327773315402,95.56683524818173,219.61694222348612,cocaine_peach,harsh_direct,219,151,137
14.232863436770879,63.05725198127786,255.0,cocaine_peach,daylight,255,222,191
12.530032338972374,45.859682866051074,255.0,cocaine_peach,fluorescent,255,228,209
8.230311524210324,72.75325833922633,253.00611340559914,cocaine_peach,warm_indoor,253,200,180
16.57626319348173,44.98724990570765,239.68345020091644,cocaine_peach,overcast,239,220,197
15.193771305806521,65.78173511356256,255.0,cocaine_peach,harsh_direct,255,222,189
9.253215966762008,98.05915022126864,255.0,cocaine_peach,daylight,255,187,156
6.536069797131578,91.65437223687626,254.44763296664118,cocaine_peach,fluorescent,254,183,162
3.1321791787271756,100.47337965476729,255.0,cocaine_peach,warm_indoor,255,165,154
8.440346145088988,93.53444886145681,242.7855373489939,cocaine_peach,overcast,242,178,153
10.029761895730694,100.72075479773969,255.0,cocaine_peach,harsh_direct,255,188,154
10.755091483136477,100.20820088536118,222.48796775787136,cocaine_peach,daylight,222,166,135
12.277187943806828,83.92040064951733,236.66468676561306,cocaine_peach,fluorescent,236,190,158
7.503000617820124,119.32070588116608,205.96191445264049,cocaine_peach,warm_indoor,205,133,109
11.883022033250903,89.82301743157245,210.86995456251503,cocaine_peach,overcast,210,166,136
9.933122679510985,106.64989255881264,248.38397688747133,cocaine_peach,harsh_direct,248,179,144
10.090948761575314,75.53261476775278,234.70226212658628,cocaine_peach,daylight,234,188,165
18.854098808753978,63.64083838550461,249.28495560988648,cocaine_peach,fluorescent,249,226,187
10.671206630928381,80.87805941609598,224.73019153763047,cocaine_peach,warm_indoor,224,178,153
15.617541589049202,66.25284707026462,226.16975980980365,cocaine_peach,overcast,226,198,167
14.069610502389887,75.70664958027379,255.0,cocaine_peach,harsh_direct,255,214,179
16.737345883284718,103.47683915347135,223.94069230652144,cocaine_peach,daylight,223,184,133
12.538629931892558,107.97797212665905,241.9626765552025,cocaine_peach,fluorescent,241,182,139
9.76975181414089,120.06689030067865,219.7072148448825,cocaine_peach,warm_indoor,219,150,116
14.90383385765271,103.36829116339095,188.80346390862064,cocaine_peach,overcast,188,150,112
12.847950014615108,128.29324177600958,239.75711215920197,cocaine_peach,harsh_direct,239,171,119
12.009192374092306,93.08775744194227,251.97354778917264,cocaine_peach,daylight,251,197,159
22.459115522037138,90.87315607037377,255.0,cocaine_peach,fluorescent,255,232,164
13.25372757159794,113.05478504174721,245.96743767747958,cocaine_peach,warm_indoor,245,185,136
15.425673063567519,109.0821725648562,230.401011178748,cocaine_peach,overcast,230,182,131
12.189384277698505,96.78820327912071,255.0,cocaine_peach,harsh_direct,255,197,158
10.990165880503765,80.4071118246915,255.0,cocaine_peach,daylight,255,204,174
17.291056809343683,68.44331026478676,255.0,cocaine_peach,fluorescent,255,226,186
11.802685875753719,77.66030849104071,250.593943834807,cocaine_peach,warm_indoor,250,204,174
14.85801095160231,76.52109405090559,235.18141143433303,cocaine_peach,overcast,235,199,164
11.889573158078091,84.98283175714072,255.0,cocaine_peach,harsh_direct,255,203,170
10.36522361193629,64.63232627215535,245.88680952436906,cocaine_peach,daylight,245,205,183
8.637986466121257,46.087440264259804,255.0,cocaine_peach,fluorescent,255,222,208
7.396907997618826,80.26199607082658,236.9164063718025,cocaine_peach,warm_indoor,236,180,162
9.135773881979311,53.27028797210175,247.7241137128038,cocaine_peach,overcast,247,211,195
7.66214154064941,55.45492547248227,255.0,cocaine_peach,harsh_direct,255,213,199
7.84456334887598,86.66973671596072,237.41624165315045,cocaine_peach,daylight,237,177,156
10.273329364127012,95.82345504825547,255.0,cocaine_peach,fluorescent,255,192,159
2.836722469690532,120.96709095196869,237.1055413671155,cocaine_peach,warm_indoor,237,135,124
10.41373378352515,98.43931650835643,229.5860841621699,cocaine_peach,overcast,229,171,140
10.400633657394089,107.54991598687577,255.0,cocaine_peach,harsh_direct,255,184,147
11.714644414350628,84.67969597997943,231.47342173708637,cocaine_peach,daylight,231,184,154
17.192254910026087,69.61520906020063,242.66058226650125,cocaine_peach,fluorescent,242,214,176
11.173786041506531,97.9527841925501,214.09892819057958,cocaine_peach,warm_indoor,214,162,131
17.6477665547112,72.5247585791107,204.793301152707,cocaine_peach,overcast,204,181,146
17.149927897289928,87.44709755234264,247.70221481573043,cocaine_peach,harsh_direct,247,211,162
13.339642023663085,72.71375236870801,236.45486084198222,cocaine_peach,daylight,236,199,169
13.69853459974943,47.45589984767306,255.0,cocaine_peach,fluorescent,255,229,207
11.406137637951193,77.40610476673758,224.29536057041798,cocaine_peach,warm_indoor,224,182,156
13.546331850635937,70.53231905188964,226.13815616358795,cocaine_peach,overcast,226,191,163
16.59702709959344,77.60267843029776,255.0,cocaine_peach,harsh_direct,255,220,177
9.29544718910727,77.34037659871967,187.452545307444,cocaine_peach,daylight,187,148,130
11.806555808561624,65.25643716305085,196.34155593026176,cocaine_peach,fluorescent,196,165,146
10.587452247479177,92.24218791681083,178.7015633642459,cocaine_peach,warm_indoor,178,136,114
7.948869740636214,77.26063330132874,172.5595467959072,cocaine_peach,overcast,172,134,120
7.190468972018582,68.66039789053647,207.12371247179595,cocaine_peach,harsh_direct,207,164,151
9.199596467848504,78.41622142134736,232.99962841866213,cocaine_peach,daylight,232,183,161
12.999481190168956,62.77456094747458,252.23641188668103,cocaine_peach,fluorescent,252,217,190
9.170650383033639,85.40199016876682,226.35246560151936,cocaine_peach,warm_indoor,226,173,150
11.715930366329529,81.15644720216602,226.74275933388154,cocaine_peach,overcast,226,182,154
11.509498877390916,87.34981390033604,255.0,cocaine_peach,harsh_direct,255,201,167
12.527425367353787,93.98357521588059,255.0,cocaine_peach,daylight,255,200,161
14.473595325788947,90.92178284142487,255.0,cocaine_peach,fluorescent,255,208,164
9.903610324205427,102.35732472807186,248.60651782475446,cocaine_peach,warm_indoor,248,181,148
11.73080908033002,92.97491948447373,231.38153440184544,cocaine_peach,overcast,231,180,147
8.688629253190028,106.96101150570136,255.0,cocaine_peach,harsh_direct,255,179,148
16.37785075395534,98.01080789163056,255.0,cocaine_peach,daylight,255,210,156
20.074344145005917,78.41023864169827,255.0,cocaine_peach,fluorescent,255,229,176
14.418484202986198,104.93624826077433,235.19273007581285,cocaine_peach,warm_indoor,235,185,138
14.787633733101572,72.49877155846987,236.83493579530952,cocaine_peach,overcast,236,202,169
17.835866774273523,82.82167097271203,255.0,cocaine_peach,harsh_direct,255,221,172
15.291876272942867,130.48864359667684,231.60690119049966,cocaine_peach,daylight,231,173,113
14.707206333219435,105.13119735915184,240.1171926419833,cocaine_peach,fluorescent,240,189,141
15.47135203423073,128.37028836306303,225.67515288264252,cocaine_peach,warm_indoor,225,170,112
17.8310030704607,115.80227757588314,208.88621938568855,cocaine_peach,overcast,208,170,114
18.130045024888727,112.83159450263781,244.86665207867443,cocaine_peach,harsh_direct,244,202,136
7.5576328632176075,135.54387549661038,237.16554724000048,cocaine_peach,daylight,237,143,111
10.36906954437055,123.59923419434561,245.58154373902983,cocaine_peach,fluorescent,245,167,126
2.608991492132061,144.6171646871089,223.57183666456783,cocaine_peach,warm_indoor,223,107,96
9.6104530371645,126.99237560696814,208.42009808680265,cocaine_peach,overcast,208,138,104
8.722737314122543,141.86337309419682,255.0,cocaine_peach,harsh_direct,255,154,113
8.516621884862639,109.77378599789306,255.0,cocaine_peach,daylight,255,176,145
15.861300970894257,74.8761292548137,255.0,cocaine_peach,fluorescent,255,219,180
8.227734018310041,95.55003819861095,249.74464127600166,cocaine_peach,warm_indoor,249,181,156
12.774400825750842,79.41434228418098,234.1919010790339,cocaine_peach,overcast,234,192,161
9.45347262999801,95.57838482645224,255.0,cocaine_peach,harsh_direct,255,189,159
12.575294237111201,95.60775587123307,215.95522262926198,cocaine_peach,daylight,215,169,134
17.03259672190303,84.28241711881921,226.54163064042814,cocaine_peach,fluorescent,226,194,151
9.274531416625717,114.50811855502671,198.30142248002565,cocaine_peach,warm_indoor,198,136,109
13.216869158296193,86.87027602217107,204.28577601214627,cocaine_peach,overcast,204,165,134
11.014888006402375,101.0784309908667,237.13427135058254,cocaine_peach,harsh_direct,237,177,143
8.703928793705362,53.83175141822837,223.8837648483119,cocaine_peach,daylight,223,190,176
12.215986809040986,34.24992943464973,235.25036109691703,cocaine_peach,fluorescent,235,216,203
9.395592201776948,71.34862469841346,212.81071754643907,cocaine_peach,warm_indoor,212,172,153
9.894550245558152,61.98614507012018,211.03422795989744,cocaine_peach,overcast,211,176,159
7.722299344303218,76.48190975602755,255.0,cocaine_peach,harsh_direct,255,198,178
18.489439517666472,84.84879543648736,255.0,cocaine_peach,daylight,255,222,170
20.67833582994628,99.87361691097536,255.0,cocaine_peach,fluorescent,255,224,155
13.06318008448427,109.63694810596408,247.60756072961618,cocaine_peach,warm_indoor,247,187,141
16.383722777218026,92.85794210624363,235.23575614384808,cocaine_peach,overcast,235,196,149
16.80906949614618,102.14527960945682,255.0,cocaine_peach,harsh_direct,255,210,152
8.402026351852696,94.77380596353956,221.85179908077708,cocaine_peach,daylight,221,162,139
7.87663366178208,98.09231093810484,238.15992201226848,cocaine_peach,fluorescent,238,170,146
4.863817775849772,124.73436619742716,210.44807320596502,cocaine_peach,warm_indoor,210,124,107
10.490038633283339,87.72940881360765,204.65835324816314,cocaine_peach,overcast,204,159,134
8.016244263155707,112.79215716583175,253.3171180121738,cocaine_peach,harsh_direct,253,171,141
8.298402705798342,81.43364877371506,209.92091768374337,cocaine_peach,daylight,209,161,142
15.885773343142278,78.62322018804832,227.49833841859677,cocaine_peach,fluorescent,227,194,157
4.384876613645181,96.25621460031584,226.34815659668706,cocaine_peach,warm_indoor,226,153,140
9.713551918534673,83.23248267304821,195.12206029224498,cocaine_peach,overcast,195,152,131
7.954465608372117,99.84997401745267,252.20478253226196,cocaine_peach,harsh_direct,252,179,153
7.289421516130247,77.27455624841052,241.29519618461492,cocaine_peach,daylight,241,186,168
11.136008238763239,72.7041097972361,243.27408778940082,cocaine_peach,fluorescent,243,199,173
3.8067727505895324,102.51785789669812,241.9456340081252,cocaine_peach,warm_indoor,241,157,144
4.951096967597228,75.5274874890409,211.68047588849234,cocaine_peach,overcast,211,159,148
4.483131924603457,94.30922275121232,255.0,cocaine_peach,harsh_direct,255,174,160
10.69097394818305,106.94659161484596,248.03038815677976,cocaine_peach,daylight,248,181,144
15.11205709812312,101.16385238554966,253.87003565671878,cocaine_peach,fluorescent,253,204,153
7.1979176932197815,124.82730652242954,233.5768955611627,cocaine_peach,warm_indoor,233,146,119
15.822787841152664,91.01960195656439,233.1640194318963,cocaine_peach,overcast,233,194,149
9.930850438198425,115.20520650869656,255.0,cocaine_peach,harsh_direct,255,178,139
2.1582205842818376,99.97237114892364,247.80148171842242,cocaine_peach,daylight,247,157,150
4.661899715036537,95.84215344583346,255.0,cocaine_peach,fluorescent,255,174,159
4.483516487718441,111.78201753353757,243.92711853341575,cocaine_peach,warm_indoor,243,153,136
4.40047697351242,109.99400006924174,231.7863394923388,cocaine_peach,overcast,231,146,131
5.3853158398305085,107.37933323789886,255.0,cocaine_peach,harsh_direct,255,167,147
14.330416128038951,107.63123427958507,242.15213109110815,cocaine_peach,daylight,242,189,139
20.193961292542074,93.11264910982102,243.3578082861612,cocaine_peach,fluorescent,243,214,154
11.00492598179077,106.18496550093319,211.89376560629896,cocaine_peach,warm_indoor,211,156,123
11.131761885080564,78.42912801289877,210.9477916520067,cocaine_peach,overcast,210,170,146
12.452220161270878,78.69083478848701,248.4458782497622,cocaine_peach,harsh_direct,248,203,171
6.917627766738591,97.28817332933203,251.18826714877636,cocaine_peach,daylight,251,177,155
10.513220971460932,84.07180899572883,247.57288108727937,cocaine_peach,fluorescent,247,194,165
1.606061808456055,99.11890185239676,233.43937196511445,cocaine_peach,warm_indoor,233,147,142
6.268938089575733,82.0556728810408,238.30118165303497,cocaine_peach,overcast,238,177,161
9.077542178572527,107.93100536105108,255.0,cocaine_peach,harsh_direct,255,179,147
10.9691670004997,63.271689331188824,234.68590955493755,cocaine_peach,daylight,234,197,176
18.89420445879026,70.04069015463044,240.97374437480275,cocaine_peach,fluorescent,240,216,174
10.42651171070843,76.42682249733679,207.36229280522542,cocaine_peach,warm_indoor,207,166,145
13.789654672524696,53.727613148873,205.16767534135803,cocaine_peach,overcast,205,181,161
10.077753343906512,67.18347761941762,242.88905906483492,cocaine_peach,harsh_direct,242,200,178
17.218962134479874,96.5694519563652,220.67787383516253,cocaine_peach,daylight,220,185,137
13.087299965844467,77.00241096259863,240.31639181214783,cocaine_peach,fluorescent,240,199,167
5.090254324957945,100.78065963570428,225.0438637572825,cocaine_peach,warm_indoor,225,151,136
10.686252143746524,73.24387287795255,195.87127407132425,cocaine_peach,overcast,195,159,139
11.052457877032664,98.43195834716884,254.88082318119223,cocaine_peach,harsh_direct,254,192,156
6.841141821126002,109.82774248100522,247.6623838739717,cocaine_peach,daylight,247,165,140
8.50557394871278,78.99823487512292,255.0,cocaine_peach,fluorescent,255,198,176
4.7259809200278315,106.27019085993763,240.59752561219892,cocaine_peach,warm_indoor,240,156,140
8.455239577965289,110.1931905551962,232.44612924228042,cocaine_peach,overcast,232,160,131
0.0023247783552511336,105.0650211078387,255.0,cocaine_peach,harsh_direct,255,149,149
8.177353756267678,40.45189150591321,237.70111373867687,cocaine_peach,daylight,237,210,199
13.652750697642432,41.214593869054376,255.0,cocaine_peach,fluorescent,255,232,213
10.708350963739411,72.32302571903536,215.7462364412426,cocaine_peach,warm_indoor,215,176,154
10.67720434504737,49.466672277205056,241.31280307763237,cocaine_peach,overcast,241,211,194
6.95167726595478,47.76874702913477,255.0,cocaine_peach,harsh_direct,255,218,207
14.099169465011965,85.71666244197577,253.48823095561696,cocaine_peach,daylight,253,208,168
13.792928819910786,69.94902553476564,255.0,cocaine_peach,fluorescent,255,217,185
7.9129513553733535,96.87874963314414,243.36524817625485,cocaine_peach,warm_indoor,243,175,150
15.669299499774464,85.02548664974266,234.66383298207808,cocaine_peach,overcast,234,197,156
10.212199212293577,79.95833157241822,255.0,cocaine_peach,harsh_direct,255,202,175
9.61765919288391,65.29515616098328,237.59176716864334,cocaine_peach,daylight,237,196,176
8.538466067290088,56.26958849710077,235.19803540947365,cocaine_peach,fluorescent,235,198,183
0.8867482733185628,75.87453652084793,216.6409452635212,cocaine_peach,warm_indoor,216,154,152
9.520806791758424,59.94597512224289,202.9120393250212,cocaine_peach,overcast,202,170,155
6.952304722296882,65.63682843174871,253.66207960413274,cocaine_peach,harsh_direct,253,203,188
16.39218075291903,100.7789033456876,223.3373621223416,cocaine_peach,daylight,223,183,135
14.583536350453539,68.38523551570631,246.28744319090725,cocaine_peach,fluorescent,246,212,180
9.286704092356292,92.17358240710038,198.77352879513253,cocaine_peach,warm_indoor,198,149,126
12.96315929314797,92.06590887291884,207.2880831392351,cocaine_peach,overcast,207,164,132
16.17363231018168,106.95652849597681,247.20530181359265,cocaine_peach,harsh_direct,247,199,143
8.79723574140628,97.21445014870437,236.26283194796372,cocaine_peach,daylight,236,172,146
12.433091269031427,84.01586640456192,239.45806149930561,cocaine_peach,fluorescent,239,193,160
7.889453074834424,109.87270163273224,223.32647612517576,cocaine_peach,warm_indoor,223,152,127
11.104989933659397,87.13623954913336,213.9834127069302,cocaine_peach,overcast,213,168,140
8.11690319607506,114.88017774343832,250.45437763439838,cocaine_peach,harsh_direct,250,168,137
14.336311824056612,81.40295925667164,208.63959815056643,cocaine_peach,daylight,208,174,142
17.678703031128702,77.45784116332172,237.96490072881824,cocaine_peach,fluorescent,237,208,165
13.96478494860233,98.45819700872913,197.5648953680073,cocaine_peach,warm_indoor,197,156,121
13.754824928656845,73.11809251846906,188.3044810248461,cocaine_peach,overcast,188,159,134
15.129906352176391,85.90869068726043,240.36430262460496,cocaine_peach,harsh_direct,240,200,159
13.20773650793399,61.10174767981488,239.8286808663936,cocaine_peach,daylight,239,207,182
13.480012865676624,65.00379859112189,255.0,cocaine_peach,fluorescent,255,219,189
12.502279895851137,52.41994102965627,244.23473475506805,cocaine_peach,warm_indoor,244,215,194
12.554014838725024,72.1298522683868,224.07242653586042,cocaine_peach,overcast,224,187,160
11.032283807531789,67.99904183852681,255.0,cocaine_peach,harsh_direct,255,212,187
10.806820921602135,90.46212211281734,248.29096427151606,cocaine_peach,daylight,248,192,160
19.03421290662749,62.76055940860353,255.0,cocaine_peach,fluorescent,255,232,192
10.590965914200774,81.70074518435575,247.62093380161772,cocaine_peach,warm_indoor,247,196,168
13.916291509796405,74.50784839823305,239.14332887706357,cocaine_peach,overcast,239,201,169
11.99911531822076,81.56197786373791,255.0,cocaine_peach,harsh_direct,255,206,173
9.831357005727327,73.99833751330591,237.4943674394948,cocaine_peach,daylight,237,191,168
14.373119421006653,63.42308224216552,233.218682153001,cocaine_peach,fluorescent,233,203,175
7.201228007300464,88.45909164375958,225.5793526270562,cocaine_peach,warm_indoor,225,166,147
14.654544462416206,75.98863815161131,209.7881932154832,cocaine_peach,overcast,209,177,147
13.496208231833839,85.88848068122627,255.0,cocaine_peach,harsh_direct,255,207,169
6.822943694749182,93.55730694034102,190.5442131681574,cocaine_peach,daylight,190,136,120
9.015327188835938,88.44126365731887,213.11895698663918,cocaine_peach,fluorescent,213,161,139
3.0001912476076376,106.17857432549896,182.12020644110817,cocaine_peach,warm_indoor,182,113,106
6.751931169449042,95.45784814831346,171.12741833040212,cocaine_peach,overcast,171,121,107
4.720827572485191,83.47889712628198,235.94878338018296,cocaine_peach,harsh_direct,235,170,158
7.421413570392984,92.77299838568513,231.85083920280462,cocaine_peach,daylight,231,168,147
9.199502034429234,85.2235670437061,247.54487857610087,cocaine_peach,fluorescent,247,190,164
1.9465424109701273,106.82841487826451,222.35647388212863,cocaine_peach,warm_indoor,222,135,129
9.407971694066266,73.73612993407464,218.58436459270428,cocaine_peach,overcast,218,175,155
10.170870050656884,99.49919690126745,255.0,cocaine_peach,harsh_direct,255,189,155
15.53798665368183,59.48145321397027,247.2463517366708,cocaine_peach,daylight,247,219,189
20.678322068720526,73.40533785481524,255.0,cocaine_peach,fluorescent,255,232,181
8.662279634148707,79.10585170884757,234.4316859752675,cocaine_peach,warm_indoor,234,182,161
19.25994167007971,62.90825017556033,252.81361087448929,cocaine_peach,overcast,252,230,190
16.419997503282392,84.82454565303385,255.0,cocaine_peach,harsh_direct,255,216,170
7.3681925569483955,81.49433413782293,240.21970986856618,cocaine_peach,daylight,240,182,163
12.529964937618093,68.23095795863725,255.0,cocaine_peach,fluorescent,255,215,186
5.846135237425772,87.7596720979524,231.3960235011001,cocaine_peach,warm_indoor,231,167,151
6.239487116193305,74.53972184549232,219.28140775866368,cocaine_peach,overcast,219,168,155
8.20514039644264,84.91982369761487,255.0,cocaine_peach,harsh_direct,255,193,170
10.251304106440363,100.2545039620511,255.0,cocaine_peach,daylight,255,189,154
12.55788641392908,83.94167657830415,255.0,cocaine_peach,fluorescent,255,206,171
7.246334538664725,101.86741855808799,251.8681883485823,cocaine_peach,warm_indoor,251,175,151
9.780444116362494,70.14577624997088,229.46509186969303,cocaine_peach,overcast,229,187,166
10.782029525271087,101.26549337139114,255.0,cocaine_peach,harsh_direct,255,190,153
9.705205909568972,129.6811329166213,242.0050716920018,cocaine_peach,daylight,242,158,118
11.582964903222015,103.03688772755129,255.0,cocaine_peach,fluorescent,255,191,151
6.052013704866739,112.89862515927818,237.04696149076014,cocaine_peach,warm_indoor,237,153,132
11.79286071411018,114.35430416006989,240.51020491406086,cocaine_peach,overcast,240,175,132
8.292329622990108,124.6625146308171,255.0,cocaine_peach,harsh_direct,255,164,130
10.517093046248716,84.05892304108401,252.8162317982473,cocaine_peach,daylight,252,198,169
14.93200037707167,77.02665610282318,255.0,cocaine_peach,fluorescent,255,216,177
6.183446883182587,88.11731415044929,251.211869407068,cocaine_peach,warm_indoor,251,182,164
9.052541862209644,75.08667229667789,241.2083381769485,cocaine_peach,overcast,241,191,170
11.116813488286988,100.9439198405537,255.0,cocaine_peach,harsh_direct,255,191,154
2.8383595277680467,73.68750698986074,255.0,cocaine_peach,daylight,255,188,181
4.547609709632785,84.27195043268063,255.0,cocaine_peach,fluorescent,255,183,170
0.7399111508469514,83.86000442351704,253.77325827685,cocaine_peach,warm_indoor,253,172,170
6.190777784474916,87.5397412879367,221.44228737442882,cocaine_peach,overcast,221,161,145
0.35136201391716826,93.87915465303584,255.0,cocaine_peach,harsh_direct,255,162,161
10.213049457807868,57.00642872386362,226.78671769457216,cocaine_peach,daylight,226,193,176
12.768716231668868,54.14044721505047,242.16151029627977,cocaine_peach,fluorescent,242,212,190
6.5438955751360055,61.08543191960936,204.2910374169333,cocaine_peach,warm_indoor,204,166,155
12.487105633634982,66.62002106886295,210.2842523231836,cocaine_peach,overcast,210,178,155
8.564214297425865,74.22141630122893,251.51614635493857,cocaine_peach,harsh_direct,251,199,178
8.556455172850924,94.78886881633956,204.3490978338004,cocaine_peach,daylight,204,150,128
15.92904517042204,94.95306117080636,236.21657794411075,cocaine_peach,fluorescent,236,195,148
11.076577784412603,107.51401151843784,196.77056366313107,cocaine_peach,warm_indoor,196,144,113
17.174774285742586,89.60624844910612,194.68943149714528,cocaine_peach,overcast,194,165,126
13.415688639698045,103.8924123791082,227.46079800640447,cocaine_peach,harsh_direct,227,176,134
8.706850442374224,111.97961443636855,248.58275342278452,cocaine_peach,daylight,248,171,139
8.638958375577499,94.04269926857427,255.0,cocaine_peach,fluorescent,255,188,160
0.9861532156137987,113.16175443682374,255.0,cocaine_peach,warm_indoor,255,145,141
8.660875372495399,109.67437823797411,218.66973625946972,cocaine_peach,overcast,218,151,124
4.941029359974314,108.26751139042682,255.0,cocaine_peach,harsh_direct,255,164,146
15.324410571262202,100.71432482041332,255.0,cocaine_peach,daylight,255,206,154
17.03074004478997,83.28051529838739,255.0,cocaine_peach,fluorescent,255,219,171
13.726560807338803,103.37500890476313,236.34535626779157,cocaine_peach,warm_indoor,236,184,140
18.589705478991448,85.10098294089401,243.60092907038742,cocaine_peach,overcast,243,212,162
11.52599983829268,103.69536814840266,255.0,cocaine_peach,harsh_direct,255,191,151
14.505721208654167,99.05498272991558,235.46423517975416,cocaine_peach,daylight,235,188,143
13.403510605678923,94.82185958144427,243.7408145106493,cocaine_peach,fluorescent,243,193,153
9.219208629338775,111.57023279779018,218.14493081181524,cocaine_peach,warm_indoor,218,152,122
14.699256540122963,112.27837736980277,197.61855310610144,cocaine_peach,overcast,197,153,110
14.932727753169845,108.83394883288331,234.2670149140002,cocaine_peach,harsh_direct,234,184,134
9.633440405702688,132.3163748745567,244.19276377035692,cocaine_peach,daylight,244,158,117
12.429027551465774,112.22393567076587,255.0,cocaine_peach,fluorescent,255,189,142
4.636124490434871,134.17872627846583,226.49303627673203,cocaine_peach,warm_indoor,226,125,107
9.78000961237674,118.45285409028955,216.58884161959537,cocaine_peach,overcast,216,148,115
10.103806936685746,118.86181559702626,255.0,cocaine_peach,harsh_direct,255,176,136
17.69960524419347,107.4475995939093,231.94603302914808,cocaine_peach,daylight,231,192,134
19.038046423509034,76.95305040257054,240.6178116798887,cocaine_peach,fluorescent,240,214,168
9.903626028949246,120.35534196017413,223.26133770265207,cocaine_peach,warm_indoor,223,152,117
13.934829222858141,83.56517515421629,217.62899950720163,cocaine_peach,overcast,217,179,146
18.77716375222937,110.96828080884951,245.05974514712977,cocaine_peach,harsh_direct,245,205,138
22.589190810395973,105.70259006987048,231.32559768412628,cocaine_peach,daylight,231,208,135
21.904725200371136,82.46612318060522,240.24841659816911,cocaine_peach,fluorescent,240,219,162
18.030526269508144,103.69120328580624,224.70012554893884,cocaine_peach,warm_indoor,224,188,133
20.29944877558524,84.98874081674637,199.5320105659076,cocaine_peach,overcast,199,178,133
16.501689855905774,96.53063582463444,255.0,cocaine_peach,harsh_direct,255,211,158
11.956284090634975,99.19708305812112,232.56044335901518,cocaine_peach,daylight,232,178,142
13.192931459119103,75.2684666233223,255.0,cocaine_peach,fluorescent,255,213,179
9.819586144083866,95.17691855572049,234.9175715822708,cocaine_peach,warm_indoor,234,176,147
15.910859329257121,72.75847083543394,229.55190854619028,cocaine_peach,overcast,229,198,164
13.080038178736043,80.02635977507039,255.0,cocaine_peach,harsh_direct,255,210,174
8.41733162692191,71.2357385277881,219.75171221773522,cocaine_peach,daylight,219,175,158
9.12160178785699,43.3296526910081,207.82336920874909,cocaine_peach,fluorescent,207,183,172
2.3978490793211837,71.88726409762599,178.44730951951522,cocaine_peach,warm_indoor,178,132,128
4.812648873135011,51.775376844122576,170.20629150376885,cocaine_peach,overcast,170,141,135
6.511675353503174,75.90795011254012,225.7822983637753,cocaine_peach,harsh_direct,225,173,158
16.1953282423906,70.68786110245783,252.26581727233352,cocaine_peach,daylight,252,220,182
17.332098872605854,61.25756046425446,255.0,cocaine_peach,fluorescent,255,229,193
15.766523727783836,67.65477518777284,225.85415305491824,cocaine_peach,warm_indoor,225,197,165
22.21308722608084,53.34811241248556,219.09194959653965,cocaine_peach,overcast,219,207,173
15.940887896963098,73.97762895930197,255.0,cocaine_peach,harsh_direct,255,220,181
14.642154741294835,93.34857246919222,216.91685968885,cocaine_peach,daylight,216,176,137
20.154076892202717,84.78153683910696,245.30344483351436,cocaine_peach,fluorescent,245,218,163
10.640853201764859,112.88166011493811,208.63858397103866,cocaine_peach,warm_indoor,208,149,116
14.394210299715184,90.96868336518041,217.11055220893212,cocaine_peach,overcast,217,177,139
13.699412426401167,102.23917372750698,255.0,cocaine_peach,harsh_direct,255,199,152
9.14540843624701,56.71146247069784,255.0,cocaine_peach,daylight,255,215,198
10.063651407279313,26.696660139849232,255.0,cocaine_peach,fluorescent,255,237,228
5.5248097332450135,71.62673745192731,244.99239794955238,cocaine_peach,warm_indoor,244,188,176
8.859702941487715,42.078002984784945,239.68751034657248,cocaine_peach,overcast,239,211,200
12.831580595948454,65.3603779339564,255.0,cocaine_peach,harsh_direct,255,217,189
9.432345416977146,92.42317361573853,255.0,cocaine_peach,daylight,255,191,162
9.409139444629565,76.12606864768651,255.0,cocaine_peach,fluorescent,255,202,178
13.193182961499025,103.01503407889604,246.68220089007406,cocaine_peach,warm_indoor,246,191,147
10.80275053101574,77.41523794930922,235.33273275724284,cocaine_peach,overcast,235,189,163
9.826230397788802,99.24600725574291,255.0,cocaine_peach,harsh_direct,255,188,155
14.736785992938948,59.347389686434894,249.3392833800279,cocaine_peach,daylight,249,219,191
14.557807813077357,57.03758058706549,255.0,cocaine_peach,fluorescent,255,225,197
14.249483414768125,101.95897364979136,231.7244477759774,cocaine_peach,warm_indoor,231,183,139
17.817769764065847,74.86141242119363,235.7110494757737,cocaine_peach,overcast,235,207,166
15.664067182451308,79.91550692282071,255.0,cocaine_peach,harsh_direct,255,217,175
14.604057541812546,88.88413284452808,241.99679090179689,cocaine_peach,daylight,241,198,157
21.884384179940323,72.6477413733051,255.0,cocaine_peach,fluorescent,255,235,182
16.118264727078312,90.83682603784057,231.8117567941022,cocaine_peach,warm_indoor,231,193,149
20.91607372768472,94.68002664265516,219.64840737377332,cocaine_peach,overcast,219,195,138
20.791255183847998,99.6071728703187,255.0,cocaine_peach,harsh_direct,255,224,155
8.111840102184633,91.94074752779227,228.33827923955064,cocaine_peach,daylight,228,168,146
10.26543111131162,73.85066556805712,249.62934536784746,cocaine_peach,fluorescent,249,202,177
3.866649420300169,98.27606495859507,230.78324551718973,cocaine_peach,warm_indoor,230,153,141
7.2428240647372695,75.85676713666038,229.4998031874733,cocaine_peach,overcast,229,177,161
10.321945203078341,99.78852813481237,255.0,cocaine_peach,harsh_direct,255,189,155
17.89529723503146,81.22569340219329,255.0,cocaine_peach,daylight,255,222,173
15.14137815089139,52.46905359868321,255.0,cocaine_peach,fluorescent,255,229,202
14.253760822570445,75.78427581388058,238.44295240801182,cocaine_peach,warm_indoor,238,201,167
15.877067241945769,74.80292346352691,224.68650666706498,cocaine_peach,overcast,224,193,158
15.35045869270568,85.43013625590284,255.0,cocaine_peach,harsh_direct,255,213,169
11.815696458338058,90.34576961721648,249.4950059369874,cocaine_peach,daylight,249,196,161
14.764833015279077,77.71785291797522,252.51160184620423,cocaine_peach,fluorescent,252,213,175
5.133689441811892,95.55824428725252,233.64032044365482,cocaine_peach,warm_indoor,233,161,146
11.48126406835178,83.60201992478257,211.20883698538637,cocaine_peach,overcast,211,168,141
8.586099767470593,105.58365793607565,255.0,cocaine_peach,harsh_direct,255,179,149
11.879428705541248,75.23080946335443,234.77228351007096,cocaine_peach,daylight,234,193,165
13.58576193577597,69.31293124058108,236.32748529823266,cocaine_peach,fluorescent,236,201,172
7.770006556945447,84.69235303982607,217.8780059645332,cocaine_peach,warm_indoor,217,164,145
14.910513686972562,70.91785635256372,204.60830906235003,cocaine_peach,overcast,204,176,147
12.428128553312819,77.76555873988914,241.39394528000312,cocaine_peach,harsh_direct,241,198,167
12.655611889038562,48.22531811294434,243.07913213028644,cocaine_peach,daylight,243,216,197
13.677778076185875,40.49717258265685,255.0,cocaine_peach,fluorescent,255,233,214
7.3279726456453265,63.26875698344065,250.36034798434895,cocaine_peach,warm_indoor,250,203,188
11.239417867115748,47.618066668918274,232.79245902042925,cocaine_peach,overcast,232,205,189
10.961678691505217,58.30542226860198,255.0,cocaine_peach,harsh_direct,255,218,196
11.523517372040644,99.14949680603686,249.9644650707846,cocaine_peach,daylight,249,190,152
11.017458346357511,97.7972299205889,255.0,cocaine_peach,fluorescent,255,193,157
8.396097179599483,121.6225818418473,249.7912280463773,cocaine_peach,warm_indoor,249,164,130
12.764849783744886,102.0559466720258,227.7588903789634,cocaine_peach,overcast,227,175,136
10.35810679021304,111.64879374879158,255.0,cocaine_peach,harsh_direct,255,182,143
18.892411350303643,86.95278653575046,236.9800560572936,cocaine_peach,daylight,236,207,156
17.302875865708355,67.71424439496559,248.8614749057759,cocaine_peach,fluorescent,248,221,182
14.31708209657282,106.72253215641844,226.48735700847794,cocaine_peach,warm_indoor,226,177,131
19.254245800413557,80.9942028670397,227.01389638748,cocaine_peach,overcast,227,201,154
18.54734554486811,92.22104068697477,255.0,cocaine_peach,harsh_direct,255,220,162
6.263736936162588,82.69799922871547,221.020606286868,cocaine_peach,daylight,221,164,149
13.462655623564594,71.091168930259,241.73770938176634,cocaine_peach,fluorescent,241,204,174
8.557680793389185,91.93295103631077,200.0823856532634,cocaine_peach,warm_indoor,200,148,127
7.697901420043063,74.11134763842982,214.0391816650506,cocaine_peach,overcast,214,167,151
9.841020751582986,75.89323998867921,231.7417795372041,cocaine_peach,harsh_direct,231,185,162
12.148073893754825,69.78447559898848,242.20244784457145,cocaine_peach,daylight,242,202,175
16.318853117890043,64.13882072228077,255.0,cocaine_peach,fluorescent,255,225,190
12.73414394195154,89.34448644222988,234.0604066681428,cocaine_peach,warm_indoor,234,187,152
12.780273847225406,75.40845836799583,230.0703551425829,cocaine_peach,overcast,230,191,162
13.448647831383377,83.43681832606678,255.0,cocaine_peach,harsh_direct,255,209,171
15.095084022531964,86.55037312140462,239.7745927414831,cocaine_peach,daylight,239,199,158
11.652216028168572,106.31818203617436,255.0,cocaine_peach,fluorescent,255,190,148
15.316914272293563,105.69735920421545,248.75339782278263,cocaine_peach,warm_indoor,248,198,145
15.061058163775746,91.55225232668467,221.68761041307428,cocaine_peach,overcast,221,182,142
13.495253409058876,106.72822778890156,255.0,cocaine_peach,harsh_direct,255,196,148
20.953575125204033,94.28871983584257,254.5821227649825,cocaine_peach,daylight,254,226,160
22.935798508896603,80.52210495803826,255.0,cocaine_peach,fluorescent,255,236,174
18.387375692759154,100.13061217293256,242.02655610829322,cocaine_peach,warm_indoor,242,205,146
17.448455516926156,86.3041387297993,244.98616189416688,cocaine_peach,overcast,244,210,162
23.950739513420096,89.13942849744201,255.0,cocaine_peach,harsh_direct,255,237,165
7.386855784602038,59.00014356097057,252.4044037747805,cocaine_peach,daylight,252,208,194
9.456823095265037,78.19526639514334,255.0,cocaine_peach,fluorescent,255,201,176
6.856708388868112,74.96183037016766,243.06885947974996,cocaine_peach,warm_indoor,243,188,171
9.998635896259225,70.84905949988077,219.9261579229367,cocaine_peach,overcast,219,179,158
5.706439449120531,76.01240477768108,255.0,cocaine_peach,harsh_direct,255,193,178
15.150911700309912,83.47962081163337,214.1740850925457,cocaine_peach,daylight,214,179,144
14.984665168142044,56.24072194972521,217.83664097192693,cocaine_peach,fluorescent,217,193,169
11.290267505566414,76.74565166443637,180.02700369886875,cocaine_peach,warm_indoor,180,146,125
17.115751379557697,68.93615103312496,191.0588837115596,cocaine_peach,overcast,191,169,139
14.804007743298447,80.35338707616538,240.79575184394537,cocaine_peach,harsh_direct,240,202,164
7.3417601094836655,104.36632463667773,235.2273962039528,cocaine_peach,daylight,235,162,138
12.840112626204126,84.07852155712615,232.6677001074764,cocaine_peach,fluorescent,232,188,155
0.0,112.94476549273666,223.159657211599,cocaine_peach,warm_indoor,223,124,124
8.504881669138248,99.74897319987751,205.59447993884146,cocaine_peach,overcast,205,148,125
6.266194080794274,108.56778725691858,252.2272196551285,cocaine_peach,harsh_direct,252,167,144
8.667035532841812,90.48683461075326,234.44087870563166,cocaine_peach,daylight,234,175,151
18.878363683409177,77.37619333892161,235.27546689162335,cocaine_peach,fluorescent,235,209,163
8.44872210127551,91.80248149376804,227.37332569015385,cocaine_peach,warm_indoor,227,168,145
16.244263716946243,95.63106360103743,204.0490710934107,cocaine_peach,overcast,204,169,127
12.499416294188965,86.58920208139246,255.0,cocaine_peach,harsh_direct,255,204,168
11.289083911021741,127.78512970265146,230.2681879269568,cocaine_peach,daylight,230,158,114
13.569417393537604,112.09520647088537,251.15496711218765,cocaine_peach,fluorescent,251,190,140
7.240863693309987,128.01165829220113,243.79417680638676,cocaine_peach,warm_indoor,243,151,121
12.59974213315019,114.03363745702158,214.40829210191578,cocaine_peach,overcast,214,159,118
9.749533973300993,149.226964385675,255.0,cocaine_peach,harsh_direct,255,154,105
18.49097167843338,134.24954404770975,227.02101577031192,cocaine_peach,daylight,227,181,107
17.521707516057205,126.74740768394935,224.44303278138173,cocaine_peach,fluorescent,224,178,112
11.413002725658796,129.72043056580412,211.64625088436688,cocaine_peach,warm_indoor,211,145,103
15.511312625438528,113.70720969026291,194.82933453995713,cocaine_peach,overcast,194,153,107
16.15720790459978,134.56820033980074,245.16722375184517,cocaine_peach,harsh_direct,245,185,115
7.3374215409022305,76.99286719200508,215.37059515325984,cocaine_peach,daylight,215,166,150
6.18965770049756,57.13619978226097,229.00166980664352,cocaine_peach,fluorescent,229,188,177
7.199500826183727,78.14094325939118,220.47542269185084,cocaine_peach,warm_indoor,220,169,152
9.514134277250022,58.56832736018849,197.5471016587435,cocaine_peach,overcast,197,166,152
9.499064043654613,77.7633013305902,255.0,cocaine_peach,harsh_direct,255,201,177
11.688887937385743,85.26130171010331,229.32161504850112,cocaine_peach,daylight,229,182,152
14.748248561898894,91.61848910517631,224.3562381123047,cocaine_peach,fluorescent,224,183,143
11.716142527669652,103.94257363476771,214.96076156988318,cocaine_peach,warm_indoor,214,161,127
11.821163339522002,69.78400991486174,199.04081392363807,cocaine_peach,overcast,199,166,144
13.142710492749751,95.95724707734618,245.04090902609255,cocaine_peach,harsh_direct,245,193,152
11.173540271229939,73.76440900077822,247.39008857708006,cocaine_peach,daylight,247,202,175
10.558152589839509,65.53298953557758,255.0,cocaine_peach,fluorescent,255,212,189
4.0532600454971135,85.236869664048,236.53408784702825,cocaine_peach,warm_indoor,236,168,157
6.9782187683927495,79.5978591087498,232.37930960210045,cocaine_peach,overcast,232,176,159
10.366645264039915,76.4180130005815,255.0,cocaine_peach,harsh_direct,255,205,178
15.325288484265878,92.84283566643711,240.9469780816827,cocaine_peach,daylight,240,198,153
21.738995389342207,95.25457538943492,255.0,cocaine_peach,fluorescent,255,229,159
13.69602042988403,93.60763802547089,235.57345341199127,cocaine_peach,warm_indoor,235,188,149
16.873037208095198,89.31253754704461,225.65414148437472,cocaine_peach,overcast,225,191,146
18.43520833421154,99.87045580107826,255.0,cocaine_peach,harsh_direct,255,216,155
14.427634445357942,82.34269390286346,210.10204204412855,cocaine_peach,daylight,210,175,142
15.340882013169074,68.12266774785161,237.9972435679743,cocaine_peach,fluorescent,237,207,174
12.627655605769633,80.60830157234021,212.51320818821486,cocaine_peach,warm_indoor,212,173,145
21.032022458418727,83.949032309631,189.46687450608687,cocaine_peach,overcast,189,171,127
17.33339296465196,98.765886488333,236.77182178362168,cocaine_peach,harsh_direct,236,198,145
14.550293704888476,75.33641809533594,247.09494598200865,cocaine_peach,daylight,247,209,174
22.655214555871737,77.89839788299855,255.0,cocaine_peach,fluorescent,255,236,177
13.627122419496956,87.6875324368334,237.76158196582082,cocaine_peach,warm_indoor,237,193,156
17.009274571342424,87.96237111734392,254.80454056458527,cocaine_peach,overcast,254,217,166
17.075722214881765,100.26640410482685,255.0,cocaine_peach,harsh_direct,255,212,154
9.193631563510767,62.18946890097338,212.70288696292096,cocaine_peach,daylight,212,176,160
14.29873649329134,54.132684183368816,231.08249094477745,cocaine_peach,fluorescent,231,205,182
8.749435524239926,63.54422065937779,211.2772483274966,cocaine_peach,warm_indoor,211,174,158
11.345205624541592,58.60158753491676,205.44714463542525,cocaine_peach,overcast,205,176,158
7.856002619396152,73.35128754981389,249.98311871739855,cocaine_peach,harsh_direct,249,197,178
10.429185783741504,93.40774710690526,255.0,cocaine_peach,daylight,255,194,161
10.879423784476742,78.82940410672634,250.97613811590358,cocaine_peach,fluorescent,250,201,173
8.769709654645983,94.19843964458961,241.31477844106595,cocaine_peach,warm_indoor,241,178,152
14.958183186953526,104.13596294753492,232.31435475926705,cocaine_peach,overcast,232,185,137
12.349489805387284,101.6354025833267,255.0,cocaine_peach,harsh_direct,255,195,153
9.816983015834609,64.05086920754725,226.02232358275555,cocaine_peach,daylight,226,187,169
16.366409274907383,69.69519801401135,255.0,cocaine_peach,fluorescent,255,223,185
8.308978099198736,82.63096060989747,215.95992010195457,cocaine_peach,warm_indoor,215,165,145
8.39766505980808,74.28631339024007,209.85351616709494,cocaine_peach,overcast,209,165,148
9.72174046042396,77.38218268196391,255.0,cocaine_peach,harsh_direct,255,202,177
15.4314480833904,78.35936535242722,238.0021163888142,cocaine_peach,daylight,238,202,164
13.422427078536492,58.505836972338024,255.0,cocaine_peach,fluorescent,255,222,196
10.225089387023202,77.1976750079588,229.17112642029446,cocaine_peach,warm_indoor,229,183,159
10.265334317138194,58.4742290402899,241.4396295534627,cocaine_peach,overcast,241,205,186
14.68285317437866,79.15249339924847,255.0,cocaine_peach,harsh_direct,255,214,175
12.960205562842098,108.34480262244878,216.9929147329429,cocaine_peach,daylight,216,164,124
10.341504626439221,85.07094227783637,240.66292062576866,cocaine_peach,fluorescent,240,188,160
10.004307577010502,119.15640197010002,221.0699768172541,cocaine_peach,warm_indoor,221,152,117
12.18324547005511,98.69892302969521,224.45479738172844,cocaine_peach,overcast,224,173,137
10.253256437738044,88.07442694096324,249.91025568077075,cocaine_peach,harsh_direct,249,193,163
9.279017525185635,88.13623866012905,255.0,cocaine_peach,daylight,255,194,166
6.001775605075874,93.11464114875095,255.0,cocaine_peach,fluorescent,255,180,161
1.3933922885105896,85.42355488212284,223.20617260783794,cocaine_peach,warm_indoor,223,151,148
7.195326272135867,85.85480986335745,230.39743376159754,cocaine_peach,overcast,230,171,152
4.848336934075689,97.12395947594374,255.0,cocaine_peach,harsh_direct,255,173,157
8.311669661612584,64.64508212962735,255.0,cocaine_peach,daylight,255,208,190
10.85838786442312,69.80707158516826,255.0,cocaine_peach,fluorescent,255,210,185
5.386617107678831,78.34525835467876,235.91798121909068,cocaine_peach,warm_indoor,235,176,163
10.738912172413915,59.37946183109492,218.74726553771723,cocaine_peach,overcast,218,186,167
11.75777091098369,69.15490707877237,255.0,cocaine_peach,harsh_direct,255,213,185
6.006444450479031,88.86781523976977,240.18446311773482,cocaine_peach,daylight,240,173,156
10.25272542842788,74.53714145451616,255.0,cocaine_peach,fluorescent,255,206,180
5.412181743239583,111.92627313782904,230.00226555511767,cocaine_peach,warm_indoor,230,147,129
6.036990877060857,93.5922918851877,218.68141132318735,cocaine_peach,overcast,218,154,138
5.73238045155365,103.273716996926,255.0,cocaine_peach,harsh_direct,255,171,151
11.908900929567226,81.73571249647398,255.0,cocaine_peach,daylight,255,205,173
9.914105204640112,67.34989584057834,255.0,cocaine_peach,fluorescent,255,210,187
6.281700697367608,95.10306631293295,248.80724030316114,cocaine_peach,warm_indoor,248,175,156
9.698258196627341,82.02956287917986,238.81717867166856,cocaine_peach,overcast,238,186,161
7.105280615106205,78.39268432260182,255.0,cocaine_peach,harsh_direct,255,195,176
11.778009122579812,106.14956314442254,239.860783509197,cocaine_peach,daylight,239,179,140
18.39464539218257,85.64548815786408,252.34740572432375,cocaine_peach,fluorescent,252,219,167
6.259010476275444,97.11162133825495,223.52121886260358,cocaine_peach,warm_indoor,223,156,138
15.075694263872546,66.87356287873412,208.2824577818463,cocaine_peach,overcast,208,181,153
11.755509453572458,108.51778251845496,255.0,cocaine_peach,harsh_direct,255,189,146
18.876802838655415,88.14499964364522,249.65672002705833,cocaine_peach,daylight,249,217,163
19.544850380633473,82.78198871739093,255.0,cocaine_peach,fluorescent,255,226,172
14.193539441366138,93.75742107644143,248.60354514811752,cocaine_peach,warm_indoor,248,200,157
17.279857906761727,61.34412268104803,231.9069778370672,cocaine_peach,overcast,231,208,176
20.90367042750841,84.10527356402851,255.0,cocaine_peach,harsh_direct,255,229,170
4.956367462953584,76.8806920591748,255.0,cocaine_peach,daylight,255,190,178
14.24197185773367,81.39944231659109,255.0,cocaine_peach,fluorescent,255,212,173
8.370518307207165,109.15402461315071,241.4895552110111,cocaine_peach,warm_indoor,241,167,138
16.44235321470483,75.18727006011,234.42442249996034,cocaine_peach,overcast,234,203,165
7.172282726354907,72.95552041560711,255.0,cocaine_peach,harsh_direct,255,199,182
11.75518964529021,66.4488173718688,223.14358790115605,cocaine_peach,daylight,223,187,164
14.504330684470311,69.01153316227582,248.09961485961136,cocaine_peach,fluorescent,248,213,180
2.713738176388467,76.18277321350591,223.79226087273844,cocaine_peach,warm_indoor,223,163,156
13.432819005076588,60.67775929085273,221.18580560272787,cocaine_peach,overcast,221,192,168
8.443179986900816,71.67382406832799,239.84878638266326,cocaine_peach,harsh_direct,239,191,172
11.853379221120898,62.2847847580907,234.09330052193883,cocaine_peach,daylight,234,199,176
12.070063171491915,48.80350517136718,255.0,cocaine_peach,fluorescent,255,225,206
6.231739618556799,66.38290757157182,222.8088759448038,cocaine_peach,warm_indoor,222,176,164
6.02858255935904,54.14649417527454,215.87845874903022,cocaine_peach,overcast,215,179,170
8.619740980582218,53.92089300701405,255.0,cocaine_peach,harsh_direct,255,216,201
14.520627626693457,97.55826940183547,233.73968869553565,cocaine_peach,daylight,233,187,144
21.935060830591052,63.90535137887642,243.49832121211344,cocaine_peach,fluorescent,243,227,182
14.299011679150835,95.69957788242067,207.0302705196192,cocaine_peach,warm_indoor,207,166,129
17.831231337878247,92.4580255586279,210.33161745428635,cocaine_peach,overcast,210,179,134
15.912150867921937,82.11259752107428,255.0,cocaine_peach,harsh_direct,255,216,172
10.821726874059205,97.54608767556425,255.0,cocaine_peach,daylight,255,192,157
14.211807543905538,84.010155573889,255.0,cocaine_peach,fluorescent,255,211,170
12.175280646353901,89.0303083066962,249.91168109254227,cocaine_peach,warm_indoor,249,198,162
8.294885716709647,76.51932865830787,239.7269231726761,cocaine_peach,overcast,239,187,167
11.27053818841651,93.42496798138818,255.0,cocaine_peach,harsh_direct,255,196,161
15.08916094349005,82.72366683191164,219.98359603877591,cocaine_peach,daylight,219,184,148
19.139206727981865,69.48418807801029,239.621489494657,cocaine_peach,fluorescent,239,216,174
15.497515688634858,115.68806630059082,229.92481296119945,cocaine_peach,warm_indoor,229,179,125
15.978549848602688,84.796930127146,200.46235954958436,cocaine_peach,overcast,200,169,133
16.73753248657595,82.75305049526193,248.19370772857886,cocaine_peach,harsh_direct,248,212,167
14.817181385166508,103.08940605824714,204.5681558971904,cocaine_peach,daylight,204,162,121
16.196275769749143,95.91278008330067,210.72255669442828,cocaine_peach,fluorescent,210,174,131
13.384120578383062,109.88433901318035,190.76291409102197,cocaine_peach,warm_indoor,190,145,108
20.393918497680104,91.7106143732327,176.197893866915,cocaine_peach,overcast,176,156,112
18.301916750335714,99.48215133302625,222.83752541866278,cocaine_peach,harsh_direct,222,189,135
9.522765787663559,81.37806190841974,229.94871622189652,cocaine_peach,daylight,229,179,156
12.02921117656575,67.70317126570755,255.0,cocaine_peach,fluorescent,255,214,187
7.455877740960215,80.31995936032139,232.29832931249024,cocaine_peach,warm_indoor,232,177,159
8.74613473848471,73.19481865326084,217.08966208792313,cocaine_peach,overcast,217,173,154
9.465033859534262,73.60781566077576,255.0,cocaine_peach,harsh_direct,255,204,181
6.135946727760478,92.66797249986256,245.5021535289981,cocaine_peach,daylight,245,174,156
6.904165131474918,95.23764360164265,248.59498139598685,cocaine_peach,fluorescent,248,177,155
0.0,102.27419538521548,231.37677859337083,cocaine_peach,warm_indoor,231,138,138
6.425587438087792,100.03012232123955,215.67975698023602,cocaine_peach,overcast,215,149,131
4.9696195979781095,100.24684244183666,255.0,cocaine_peach,harsh_direct,255,171,154
20.468874263309786,81.05038934892171,248.77554576655217,cocaine_peach,daylight,248,223,169
22.175871672628002,58.57476321093101,255.0,cocaine_peach,fluorescent,255,239,196
22.548551542444446,81.35630994807316,234.73673342969204,cocaine_peach,warm_indoor,234,216,159
20.950891338629855,68.79835877296537,246.53304867299184,cocaine_peach,overcast,246,226,180
16.14315647702241,95.03118845451448,255.0,cocaine_peach,harsh_direct,255,211,159
20.184560902380106,94.36370136336923,231.49834390403205,cocaine_peach,daylight,231,203,145
20.587053361215556,91.02728832810607,242.74914248423514,cocaine_peach,fluorescent,242,215,156
16.838682156645145,114.31196917745716,217.23179642940167,cocaine_peach,warm_indoor,217,174,119
22.060617471695867,97.45076975541794,197.6040945510224,cocaine_peach,overcast,197,177,122
19.25328954928748,108.15365528953365,255.0,cocaine_peach,harsh_direct,255,216,146
10.309533747342075,73.6704627413352,223.79463728839897,cocaine_peach,daylight,223,181,159
11.964165825811463,63.78359610130353,230.37264626152353,cocaine_peach,fluorescent,230,195,172
8.809939774202208,73.83769645763748,223.21064497554306,cocaine_peach,warm_indoor,223,177,158
16.2946011270323,68.69896235148279,203.02213147657733,cocaine_peach,overcast,203,178,148
8.017156166648325,71.7413281307391,251.66371972214986,cocaine_peach,harsh_direct,251,199,180
6.664070711847426,58.77446262400113,233.02231722432558,cocaine_peach,daylight,233,191,179
9.411442468382514,39.69817811271824,226.4140742971329,cocaine_peach,fluorescent,226,202,191
5.512582165901078,66.13875612530711,226.0697824464023,cocaine_peach,warm_indoor,226,178,167
11.282583641364056,38.46044930077075,210.0086174843079,cocaine_peach,overcast,210,190,178
10.191839770944094,51.936549629876765,244.8973831470637,cocaine_peach,harsh_direct,244,212,195
21.29402992310891,70.27670728836712,255.0,cocaine_peach,daylight,255,234,184
23.53190252006621,62.688647825965106,255.0,cocaine_peach,fluorescent,255,241,192
19.38277403410118,92.54626045590923,243.08505888298674,cocaine_peach,warm_indoor,243,212,154
24.11458675201901,63.17612073105123,222.37976535057587,cocaine_peach,overcast,222,211,167
19.286041340012183,81.49826315009962,255.0,cocaine_peach,harsh_direct,255,226,173
20.385046573852907,104.59244447241261,235.02206774808627,cocaine_peach,daylight,235,204,138
24.499792036136387,104.2273005379459,248.27363486635065,cocaine_peach,fluorescent,248,230,146
16.666382202225375,115.290077463873,219.70713578304793,cocaine_peach,warm_indoor,219,175,120
20.843254152966566,99.1038589171629,202.64543203891003,cocaine_peach,overcast,202,178,123
20.308065499596772,120.75164579882325,255.0,cocaine_peach,harsh_direct,255,216,134
14.503379813962438,101.82247595914548,211.8470001462144,cocaine_peach,daylight,211,168,127
14.816479314597732,89.94507439016472,230.6783425842187,cocaine_peach,fluorescent,230,189,149
9.071289958669132,110.07065010827733,195.83184724195996,cocaine_peach,warm_indoor,195,137,111
16.052706204361638,102.14269720508118,200.0577067910499,cocaine_peach,overcast,200,163,119
14.684499192220091,110.11509658971607,233.30623765958737,cocaine_peach,harsh_direct,233,182,132
15.305835188860092,86.98402536471596,233.04389639646234,cocaine_peach,daylight,233,194,153
16.94542498226403,67.61141779396253,246.36943494947982,cocaine_peach,fluorescent,246,218,181
12.570101317169474,88.74287459174158,233.8078472772202,cocaine_peach,warm_indoor,233,186,152
18.654285642111066,66.40572877555532,221.07497444990497,cocaine_peach,overcast,221,199,163
13.225684434318666,104.55169129579426,255.0,cocaine_peach,harsh_direct,255,196,150
8.995288043153161,79.13353958368637,255.0,cocaine_peach,daylight,255,199,175
12.192987829865206,79.96845825438002,255.0,cocaine_peach,fluorescent,255,207,175
4.867558775923435,98.84153135219466,247.00951315584686,cocaine_peach,warm_indoor,247,166,151
10.09081478125884,71.83086196294147,242.92577863112115,cocaine_peach,overcast,242,197,174
8.208287920838144,87.18311124814309,255.0,cocaine_peach,harsh_direct,255,191,167
12.817156687843074,75.98708058623126,222.70345654324734,cocaine_peach,daylight,222,184,156
15.519261610758306,74.76563564270957,236.1121494791735,cocaine_peach,fluorescent,236,202,166
8.091000870865107,108.18378202981171,221.29781631674769,cocaine_peach,warm_indoor,221,152,127
10.927210611703252,73.5702686143681,214.17005176904001,cocaine_peach,overcast,214,175,152
11.537053456727925,92.64160494892778,246.89634659358535,cocaine_peach,harsh_direct,246,191,157
16.269956990622795,36.771742547515615,247.40781573622738,cocaine_peach,daylight,247,231,211
16.88624264586295,23.37890227705484,255.0,cocaine_peach,fluorescent,255,244,231
10.406680758725603,64.30427060018089,247.62912425014048,cocaine_peach,warm_indoor,247,206,185
20.800705650622348,50.25880271197198,243.290986623766,cocaine_peach,overcast,243,228,195
12.147142067186724,50.32519162939221,255.0,cocaine_peach,harsh_direct,255,225,204
9.72622024887696,109.10092956870109,227.37493701424745,cocaine_peach,daylight,227,161,130
7.74507275468663,96.94962010571511,247.98719115764823,cocaine_peach,fluorescent,247,178,153
5.171143807423351,102.17494947433681,208.47822815379465,cocaine_peach,warm_indoor,208,139,124
13.143689820257979,116.33573725240291,217.30895818950805,cocaine_peach,overcast,217,161,118
12.39096418528692,95.63659300767613,255.0,cocaine_peach,harsh_direct,255,199,159
9.019678824511063,61.198379692590294,228.12415048656607,cocaine_peach,daylight,228,189,173
8.443501493014857,63.41580162691696,251.45771365433674,cocaine_peach,fluorescent,251,206,188
6.90884112538095,83.4158857213315,212.41905903742492,cocaine_peach,warm_indoor,212,159,142
10.53566139685284,57.13110177223551,198.79887506541107,cocaine_peach,overcast,198,169,154
8.188647298226973,77.54110620727022,240.83195481754916,cocaine_peach,harsh_direct,240,187,167
15.60219583535311,76.10726532104424,255.0,cocaine_peach,daylight,255,218,178
18.799973662128615,79.8174912507195,255.0,cocaine_peach,fluorescent,255,225,175
12.024359272089459,100.3685852235775,246.38434453845235,cocaine_peach,warm_indoor,246,188,149
15.712107493466728,69.18128608939777,230.16270572063124,cocaine_peach,overcast,230,200,167
17.938024003766458,80.86599905479532,255.0,cocaine_peach,harsh_direct,255,222,174
15.207658913495885,93.24069546143666,199.0964781987721,cocaine_peach,daylight,199,163,126
15.48833748493289,79.4186131589957,219.65276296439265,cocaine_peach,fluorescent,219,186,151
10.08399736071057,106.50904699831473,187.11862753292792,cocaine_peach,warm_indoor,187,135,108
15.718270802448695,87.93482242672444,178.12015727467843,cocaine_peach,overcast,178,149,116
11.836056329978696,89.11743642842058,222.5236475808565,cocaine_peach,harsh_direct,222,175,144
14.887132907121448,80.32669178209034,243.39326471355946,cocaine_peach,daylight,243,204,166
16.914113452991995,79.76846456272409,241.60457473201564,cocaine_peach,fluorescent,241,208,166
11.527510288901953,102.94453154749634,214.2044041494407,cocaine_peach,warm_indoor,214,161,127
14.457767892820755,78.46219440748433,204.71982740275763,cocaine_peach,overcast,204,172,141
15.32787674770657,93.73138877638178,235.78655841962282,cocaine_peach,harsh_direct,235,193,149
7.323061272733158,89.16388049140164,234.92122204592027,cocaine_peach,daylight,234,172,152
7.547806628730017,88.73822501669022,255.0,cocaine_peach,fluorescent,255,188,166
2.9575344669366395,105.72043120647793,212.0668804739249,cocaine_peach,warm_indoor,212,132,124
9.08231491379906,85.92455143868251,194.55716413491854,cocaine_peach,overcast,194,148,128
3.756982911778696,94.31156489363619,238.1645152038663,cocaine_peach,harsh_direct,238,161,150
2.8006841085983476,91.90984777580714,205.95824475649826,cocaine_peach,daylight,205,138,131
3.7995939345151606,82.9492568409454,221.206316900292,cocaine_peach,fluorescent,221,158,149
2.0663860955807154,92.20321481613585,203.13478413804296,cocaine_peach,warm_indoor,203,134,129
4.955452335953108,89.40285937421602,200.57182545188053,cocaine_peach,overcast,200,141,130
3.14776546820207,79.5987301386439,232.87858966721748,cocaine_peach,harsh_direct,232,167,160
14.976799640331267,51.74874166940732,214.15042481795876,cocaine_peach,daylight,214,192,170
14.106654920692957,43.993201722651015,248.56319630216205,cocaine_peach,fluorescent,248,225,205
6.642254021717992,57.039779390042845,215.23404086614704,cocaine_peach,warm_indoor,215,177,167
14.94702592320839,52.590089298776164,200.4766984343494,cocaine_peach,overcast,200,179,159
10.34425859001242,66.60404068728442,253.32095052713805,cocaine_peach,harsh_direct,253,210,187
14.963568227213399,94.09516719193283,234.538219280284,cocaine_peach,daylight,234,191,147
20.059582361246992,73.31184661577062,255.0,cocaine_peach,fluorescent,255,230,181
17.12338476896676,111.24209863882496,222.7580160099516,cocaine_peach,warm_indoor,222,181,125
15.535668539524746,82.13143072616178,218.5567547619398,cocaine_peach,overcast,218,184,148
17.58059076299484,84.92056174511211,255.0,cocaine_peach,harsh_direct,255,220,170
13.765450375359007,92.91388053427066,217.56384741223482,cocaine_peach,daylight,217,174,138
13.28309921825161,82.43791131376615,221.52409103893808,cocaine_peach,fluorescent,221,181,149
11.868321157611424,109.86361528135491,191.41863724616877,cocaine_peach,warm_indoor,191,141,108
14.31123305184611,74.33923180154724,190.24672041858207,cocaine_peach,overcast,190,161,134
12.11303541230268,107.48289981742003,236.22269298018136,cocaine_peach,harsh_direct,236,177,136
12.010002805218889,62.107176473706645,238.52771983538042,cocaine_peach,daylight,238,203,180
14.978165472237563,60.877675858767475,255.0,cocaine_peach,fluorescent,255,224,194
10.063506086837496,85.96322695268087,229.47494149929628,cocaine_peach,warm_indoor,229,178,152
13.445692722108616,63.54800452079446,221.8024215897936,cocaine_peach,overcast,221,191,166
15.47180829346388,67.12779960763469,255.0,cocaine_peach,harsh_direct,255,222,187
4.395043644374302,89.51898847418704,227.74103776837964,cocaine_peach,daylight,227,159,147
7.493588320654407,78.01435399149194,252.70237173217694,cocaine_peach,fluorescent,252,194,175
1.5869360562546904,97.02142463033292,219.82339986435713,cocaine_peach,warm_indoor,219,140,136
6.409901704029731,76.11159651027408,201.47172818297383,cocaine_peach,overcast,201,154,141
2.3691963023209426,79.24884548939494,242.5321698913028,cocaine_peach,harsh_direct,242,173,167
12.566149035138814,62.96634234367636,243.30830545578866,cocaine_peach,daylight,243,208,183
12.724997267471789,74.32980684880732,255.0,cocaine_peach,fluorescent,255,212,180
6.171412031294892,74.30078535518612,244.96549503500074,cocaine_peach,warm_indoor,244,188,173
12.915881122480773,61.69857929811247,253.69599833681553,cocaine_peach,overcast,253,218,192
12.628855718941507,97.33739207256143,255.0,cocaine_peach,harsh_direct,255,198,157
8.661459561907996,65.35363132895915,231.89225972673614,cocaine_peach,daylight,231,189,172
6.907892506788389,74.87646199757455,243.40274494200818,cocaine_peach,fluorescent,243,188,171
4.646916838646402,86.08826731161514,220.3908431884066,cocaine_peach,warm_indoor,220,157,145
8.508650530897821,67.07711202435377,182.66401711272994,cocaine_peach,overcast,182,148,134
11.538560930811151,82.42568092025995,255.0,cocaine_peach,harsh_direct,255,204,172
12.135166607910719,97.19568702321094,229.90961971512937,cocaine_peach,daylight,229,177,142
20.690953177963625,84.19986345123083,230.2086949384194,cocaine_peach,fluorescent,230,206,154
9.707052271838112,107.57385142452884,211.40524756604725,cocaine_peach,warm_indoor,211,151,122
16.225636785642823,91.99843248283835,208.81866806267178,cocaine_peach,overcast,208,174,133
13.24711928708351,108.17450091212828,237.91896133977824,cocaine_peach,harsh_direct,237,181,136
13.341944911923845,71.05576870409861,255.0,cocaine_peach,daylight,255,215,183
19.57485740392037,46.839114372275574,255.0,cocaine_peach,fluorescent,255,238,208
14.570860549564834,85.96924278533658,254.54390841927471,cocaine_peach,warm_indoor,254,210,168
16.93941479908289,47.98479007397076,234.97255235198895,cocaine_peach,overcast,234,215,190
17.133244291419864,86.25956192131352,255.0,cocaine_peach,harsh_direct,255,218,168
5.395314221998067,66.70301641758095,233.4613197163571,cocaine_peach,daylight,233,183,172
6.1917107317695805,77.46439808208129,242.42075682918073,cocaine_peach,fluorescent,242,184,168
0.0,73.05099842483295,232.72195429530038,cocaine_peach,warm_indoor,232,166,166
3.8296908986415694,73.38611894994291,222.92269244112802,cocaine_peach,overcast,222,167,158
2.8868741830443145,71.26741968367281,255.0,cocaine_peach,harsh_direct,255,190,183
15.138421564771281,75.5671503348771,237.89108745317262,cocaine_peach,daylight,237,203,167
12.661549680201515,85.0934017318701,255.0,cocaine_peach,fluorescent,255,206,169
10.911691909825867,89.94046794978566,228.99514263566007,cocaine_peach,warm_indoor,228,177,148
14.144309112102157,79.13212074860445,230.94233401566115,cocaine_peach,overcast,230,193,159
12.310041344339313,86.89377253152361,255.0,cocaine_peach,harsh_direct,255,203,168
6.984125413910015,36.26409732461562,230.7108574803387,cocaine_peach,daylight,230,205,197
7.6345617329013304,31.035218622770643,246.8303115197432,cocaine_peach,fluorescent,246,224,216
6.683977062935199,66.25890821032961,230.4945381245495,cocaine_peach,warm_indoor,230,184,170
11.52862053384862,59.40887967313564,207.0831622651995,cocaine_peach,overcast,207,177,158
3.0821314801127233,46.73618169518379,249.31743284898408,cocaine_peach,harsh_direct,249,208,203
11.32944445813145,111.3775609469565,253.15027167910438,cocaine_peach,daylight,253,184,142
14.175126665754938,90.78733811308736,255.0,cocaine_peach,fluorescent,255,207,164
6.18558154578834,108.90443076134716,235.14099077444558,cocaine_peach,warm_indoor,235,155,134
12.617902897308532,104.11869079548299,220.94698311587223,cocaine_peach,overcast,220,168,130
9.095084499924367,112.12195512992342,255.0,cocaine_peach,harsh_direct,255,177,142
9.11967205278319,89.2309542728327,242.2743167400159,cocaine_peach,daylight,242,183,157
11.038051170849252,84.81788933196128,250.00963118812868,cocaine_peach,fluorescent,250,197,166
8.24565002198321,95.6451800263971,239.4108432381755,cocaine_peach,warm_indoor,239,174,149
11.24008308294408,76.35006559598493,247.14204627926713,cocaine_peach,overcast,247,201,173
9.251035668837332,94.27041975390769,255.0,cocaine_peach,harsh_direct,255,189,160
8.181030024591397,101.82679736467277,238.74203832248946,cocaine_peach,daylight,238,169,143
4.503245362767708,109.80388588196169,245.42711212537273,cocaine_peach,fluorescent,245,155,139
2.9130886558886475,115.87499931221534,206.20267908192218,cocaine_peach,warm_indoor,206,121,112
10.054286179692149,111.51879724728012,211.094534451269,cocaine_peach,overcast,211,149,118
7.954258782925074,105.92883671571488,255.0,cocaine_peach,harsh_direct,255,177,149
4.845610536778054,104.16865248128869,252.46666547275782,cocaine_peach,daylight,252,166,149
8.159355916532299,101.45478348234413,255.0,cocaine_peach,fluorescent,255,181,153
3.285504699357582,129.04170242344335,255.0,cocaine_peach,warm_indoor,255,140,125
6.956373835582754,111.99125049550103,235.904089660724,cocaine_peach,overcast,235,156,132
8.50839747488699,120.51473772978741,255.0,cocaine_peach,harsh_direct,255,168,134
11.90265357592159,101.05376819655437,228.88737222813674,cocaine_peach,daylight,228,174,138
10.104512512430425,83.0311258530107,250.60524087780541,cocaine_peach,fluorescent,250,196,169
10.254866682433482,98.62846960297274,241.15927405141872,cocaine_peach,warm_indoor,241,179,147
12.408097924030068,71.6414914735025,206.99466048625618,cocaine_peach,overcast,206,173,148
9.301596048302775,76.70762544495875,254.69761907639653,cocaine_peach,harsh_direct,254,201,178
19.113545577108503,76.96227380193874,249.3873634867249,cocaine_peach,daylight,249,222,174
14.974612293987661,62.99917724587343,242.07198463165895,cocaine_peach,fluorescent,242,212,182
13.882210701251198,80.5962279623258,220.07080360686243,cocaine_peach,warm_indoor,220,182,150
15.82888953767011,79.96138275155083,228.43729072543042,cocaine_peach,overcast,228,194,156
12.542499627026992,68.04251385951282,255.0,cocaine_peach,harsh_direct,255,215,186
11.225245501846926,117.45544419213046,229.8421405270241,cocaine_peach,daylight,229,163,123
8.723034958712788,90.32343268300855,241.10167549412213,cocaine_peach,fluorescent,241,180,155
6.627479572254614,128.91600665448854,225.3410474731518,cocaine_peach,warm_indoor,225,136,111
11.358654110273424,94.62587718807806,219.37794052938554,cocaine_peach,overcast,219,168,137
7.260224563974845,110.9611202584748,244.86548993764583,cocaine_peach,harsh_direct,244,164,138
24.07698151376968,77.06577242129461,255.0,cocaine_peach,daylight,255,240,177
24.14779606776643,74.16302240372806,255.0,cocaine_peach,fluorescent,255,240,180
20.380635111489635,96.1765472847201,234.36717887049574,cocaine_peach,warm_indoor,234,206,145
19.998042437449104,82.65993156051287,229.54541062241228,cocaine_peach,overcast,229,205,155
20.152873241292998,85.82237079367249,255.0,cocaine_peach,harsh_direct,255,227,169
22.299666392076904,97.98931117022588,243.9185777773483,cocaine_peach,daylight,243,220,150
23.82381402296271,80.62935355745269,255.0,cocaine_peach,fluorescent,255,238,174
17.516685962810527,104.60711385101041,232.54798784248126,cocaine_peach,warm_indoor,232,193,137
20.280757516662142,87.69453800965238,215.49578715764588,cocaine_peach,overcast,215,191,141
18.44819336519335,83.1210823234936,255.0,cocaine_peach,harsh_direct,255,223,171
14.730557619760859,92.88003217210343,243.28835950148002,cocaine_peach,daylight,243,198,154
16.698827367467114,69.41507900412897,255.0,cocaine_peach,fluorescent,255,224,185
9.368380968553812,98.78505088660151,221.63612993441905,cocaine_peach,warm_indoor,221,162,135
13.70087942821436,67.89895210421805,223.51715737108134,cocaine_peach,overcast,223,191,164
14.241928415772756,106.91615703324477,255.0,cocaine_peach,harsh_direct,255,199,148
3.5447839222281328,91.97943912900143,254.42357528453365,cocaine_peach,daylight,254,173,162
10.6724926812086,107.46439295208538,255.0,cocaine_peach,fluorescent,255,185,147
5.079267484271017,114.14999975379041,229.32667854867503,cocaine_peach,warm_indoor,229,144,126
7.191488133197378,101.88053114633684,233.32028040138707,cocaine_peach,overcast,233,162,140
6.397023517465398,107.05056638729127,255.0,cocaine_peach,harsh_direct,255,170,147
4.958967565818605,78.16718952119348,234.57331418755493,cocaine_peach,daylight,234,174,162
11.001569826273323,64.05855355055478,247.1353850649418,cocaine_peach,fluorescent,247,207,185
7.452796162609895,99.79149179951638,217.95568557312777,cocaine_peach,warm_indoor,217,153,132
9.524524528366248,68.86865668694172,224.34727589098023,cocaine_peach,overcast,224,183,163
8.589273963484885,91.1543818591673,255.0,cocaine_peach,harsh_direct,255,190,163
11.791972682152775,99.19858363277213,227.65560438132366,cocaine_peach,daylight,227,174,139
15.011068684407192,85.59781395434878,253.09352492099575,cocaine_peach,fluorescent,253,210,168
8.834995975555325,102.95140727466713,207.06576081473614,cocaine_peach,warm_indoor,207,148,123
14.951929149772871,101.72648128802254,210.27942719883575,cocaine_peach,overcast,210,168,126
11.964537749903414,103.40065440005041,250.52536054818262,cocaine_peach,harsh_direct,250,189,148
16.289797836389074,82.71937000946691,229.54894218644452,cocaine_peach,daylight,229,195,155
19.640631226119766,66.9721696418432,248.83258539209837,cocaine_peach,fluorescent,248,226,183
14.538939992767453,84.08814226870759,220.27637880577072,cocaine_peach,warm_indoor,220,183,147
16.723000470898857,94.11314578534842,215.14825274791892,cocaine_peach,overcast,215,180,135
16.725508309847008,90.73207537851336,253.26699921424128,cocaine_peach,harsh_direct,253,213,163
15.199816807439596,75.25072217654188,255.0,cocaine_peach,daylight,255,218,179
15.660740527718406,65.00240820637,255.0,cocaine_peach,fluorescent,255,224,189
9.019821514333245,80.87913998808186,230.71877832715805,cocaine_peach,warm_indoor,230,179,157
16.675744556735467,61.471217475241396,225.92729533220987,cocaine_peach,overcast,225,201,171
12.428189888604766,81.95589832502694,255.0,cocaine_peach,harsh_direct,255,207,173
16.320695231381745,89.24747998816073,246.0097062778086,cocaine_peach,daylight,246,207,159
16.938510874712083,78.51128814743417,251.50835005513753,cocaine_peach,fluorescent,251,218,174
14.486667262913642,98.47343878152732,235.05415260749442,cocaine_peach,warm_indoor,235,188,144
14.9159607069918,87.34009706255559,225.25439467738724,cocaine_peach,overcast,225,186,148
15.724004659594772,78.83981806494342,255.0,cocaine_peach,harsh_direct,255,217,176
13.717622636143828,57.47230884494116,201.24119064389043,cocaine_peach,daylight,201,176,155
16.883558031626585,59.78773431170153,220.01021890903897,cocaine_peach,fluorescent,220,197,168
10.91368914139178,74.98116177980405,182.09973503821814,cocaine_peach,warm_indoor,182,148,128
16.355484450170046,65.92058260620377,202.54789473027415,cocaine_peach,overcast,202,178,150
12.313309126023789,58.228125971057146,244.72410900382818,cocaine_peach,harsh_direct,244,211,188
16.370414434126975,120.25725109304844,236.19408313689064,cocaine_peach,daylight,236,185,124
13.01503174426596,118.59445854930772,247.34434814765015,cocaine_peach,fluorescent,247,182,132
8.228651148680271,148.45891540659778,224.78591078458695,cocaine_peach,warm_indoor,224,130,93
12.45834910258253,100.73129776583667,218.63527950868587,cocaine_peach,overcast,218,168,132
14.461378824207502,115.71714635240883,255.0,cocaine_peach,harsh_direct,255,195,139
12.130658848241909,84.93114148826798,251.0574534419161,cocaine_peach,daylight,251,201,167
20.50169059929685,78.45238510267485,255.0,cocaine_peach,fluorescent,255,230,176
9.185718075167214,92.89930691650288,231.35190256017566,cocaine_peach,warm_indoor,231,173,147
16.778670532724657,84.7348070601999,231.72892080064884,cocaine_peach,overcast,231,198,154
15.638310893461554,85.20893051373639,255.0,cocaine_peach,harsh_direct,255,214,169
11.634650378808114,102.48109669746302,227.0790501442871,cocaine_peach,daylight,227,171,135
10.264000307427056,102.99366937740281,251.1736045691602,cocaine_peach,fluorescent,251,184,149
3.7013600460830194,101.27647756284004,222.1223606252636,cocaine_peach,warm_indoor,222,144,133
8.880344657410376,82.29777732810759,220.64391900358552,cocaine_peach,overcast,220,170,149
6.074035755391023,99.46664064696239,254.6468772430424,cocaine_peach,harsh_direct,254,175,155
7.538987123916729,97.20347008482065,209.48414917287604,cocaine_peach,daylight,209,149,129
9.970434996878335,75.37746281986634,231.9441942212365,cocaine_peach,fluorescent,231,186,163
6.180280006675188,103.51726760637139,209.6911502623427,cocaine_peach,warm_indoor,209,142,124
11.62901973549034,87.8580507274913,190.78385192273447,cocaine_peach,overcast,190,150,125
6.682015255785256,90.5188133000374,246.87084691123033,cocaine_peach,harsh_direct,246,178,159
16.272592794541367,70.4337141667796,253.52999625944636,cocaine_peach,daylight,253,221,183
15.27547199171129,69.66949123332864,255.0,cocaine_peach,fluorescent,255,221,185
8.116711544575079,71.04363577199851,249.3549180248394,cocaine_peach,warm_indoor,249,198,179
12.900212562354348,54.95311452281325,235.76276583610408,cocaine_peach,overcast,235,206,184
16.434380518513663,57.1485840175203,255.0,cocaine_peach,harsh_direct,255,229,197
2.2134038812228356,101.79806895599195,255.0,cocaine_peach,daylight,255,160,153
3.2731654191422437,76.72479344306232,255.0,cocaine_peach,fluorescent,255,186,178
0.0,98.58983901585049,249.9852833637164,cocaine_peach,warm_indoor,249,153,153
3.9524683941359866,81.857006686865,226.5922464953308,cocaine_peach,overcast,226,163,153
0.0,103.31545963323137,255.0,cocaine_peach,harsh_direct,255,151,151
14.235001217127962,73.22396009308602,222.4831572667309,cocaine_peach,daylight,222,189,158
10.45595255151646,48.90503843891427,244.18224781823977,cocaine_peach,fluorescent,244,213,197
9.275764630318367,94.7024089564537,221.18869569681135,cocaine_peach,warm_indoor,221,164,139
12.632403374187435,71.79704597143781,194.73453307794298,cocaine_peach,overcast,194,163,139
13.759139115030038,91.49354196290918,236.91945913559294,cocaine_peach,harsh_direct,236,191,151
17.026328433358103,98.38209710421403,241.22592048527332,cocaine_peach,daylight,241,201,148
14.007270183565804,88.13810844845298,250.12622875160545,cocaine_peach,fluorescent,250,204,163
11.767985317324893,104.44305535519132,221.2084608716138,cocaine_peach,warm_indoor,221,166,130
11.598852846065892,87.52740105863302,214.96778713867752,cocaine_peach,overcast,214,169,141
11.961522064057302,101.85720278860798,255.0,cocaine_peach,harsh_direct,255,193,153
9.637450335681748,71.34999392612623,255.0,cocaine_peach,daylight,255,206,183
14.489088151399354,74.98090407336191,255.0,cocaine_peach,fluorescent,255,216,180
6.560169153783949,82.13882485138879,240.18526441327054,cocaine_peach,warm_indoor,240,179,162
14.381828319673014,70.87994838477124,236.1085321153882,cocaine_peach,overcast,236,202,170
9.44256288501519,77.10663857665722,255.0,cocaine_peach,harsh_direct,255,202,177
34.8295740790792,49.340192311705245,237.73215886721854,no_reaction,daylight,230,237,191
35.05254092481231,68.79031882558874,255.0,no_reaction,fluorescent,242,255,186
32.923279939905306,49.35470084288907,211.66834956051503,no_reaction,warm_indoor,207,211,170
37.4238925927659,16.37660105984866,209.96512708853197,no_reaction,overcast,206,209,196
37.40979266144881,45.335279976130025,241.31469407834618,no_reaction,harsh_direct,230,241,198
33.359399692121755,40.70897630071764,225.08314570435306,no_reaction,daylight,220,225,189
36.049466979644826,28.6984183192835,255.0,no_reaction,fluorescent,249,255,226
30.845624318825465,55.327975001120194,221.10856740422355,no_reaction,warm_indoor,219,221,173
35.368518349766696,48.00996733440773,209.16969532752415,no_reaction,overcast,201,209,169
30.32100953213589,71.33586355967716,236.9506838894664,no_reaction,harsh_direct,235,236,170
32.91970949157191,31.938622499438836,237.54171064347298,no_reaction,daylight,234,237,207
32.72715256003147,18.99024707558338,251.4037372689578,no_reaction,fluorescent,249,251,232
29.392758184597607,20.681006541426925,249.52089786581664,no_reaction,warm_indoor,249,249,229
36.8263977841782,18.65339188937774,245.34388724155735,no_reaction,overcast,241,245,227
32.3268731066569,12.249751961820829,228.52630591065133,no_reaction,harsh_direct,227,228,217
25.139632618513918,48.13005267891497,240.06163197162624,no_reaction,daylight,240,232,194
29.03528127012356,26.512130307484373,246.00284798930488,no_reaction,fluorescent,246,245,220
23.464910219785377,43.44635296674297,238.32326490757188,no_reaction,warm_indoor,238,229,197
32.987105144383754,26.751433106588507,233.94030829410832,no_reaction,overcast,231,233,209
29.65096514112639,37.35355092391454,255.0,no_reaction,harsh_direct,255,254,217
38.41698988375368,40.2319153894039,217.26228575385306,no_reaction,daylight,207,217,182
36.92762345456553,23.64575783246994,247.5012270867598,no_reaction,fluorescent,242,247,224
33.49709841835543,44.3075994414872,222.96076090575409,no_reaction,warm_indoor,218,222,184
40.86987444758577,33.58993490399273,199.16647126028292,no_reaction,overcast,189,199,172
36.50969208744581,23.733343829132036,255.0,no_reaction,harsh_direct,249,255,231
35.83300567112766,21.154960419498856,255.0,no_reaction,daylight,250,255,233
40.43293682881524,21.754656944674633,255.0,no_reaction,fluorescent,247,255,233
36.02312423153912,46.977972116400025,255.0,no_reaction,warm_indoor,245,255,208
38.531109390799394,22.731504522570418,240.64418300780602,no_reaction,overcast,234,240,219
34.708476320401154,42.317836657639866,232.87654992336843,no_reaction,harsh_direct,226,232,194
31.298129045388443,27.341392700408427,219.4276631897588,no_reaction,daylight,218,219,195
33.69281416434734,21.114055284596283,236.74322787798653,no_reaction,fluorescent,234,236,217
30.431778713598018,48.45241487122567,181.97833353416365,no_reaction,warm_indoor,181,181,147
35.153268190813826,18.97054784418475,215.43814695168157,no_reaction,overcast,212,215,199
34.58867581302481,55.269752894993374,252.72406921703114,no_reaction,harsh_direct,243,252,197
23.348848774480956,15.529831985550105,255.0,no_reaction,daylight,255,251,239
24.260943357267195,0.0,255.0,no_reaction,fluorescent,255,255,255
20.794518178277205,20.434518446141183,237.70145373205287,no_reaction,warm_indoor,237,231,218
23.761224873429317,16.44684520719323,217.41460973450663,no_reaction,overcast,217,214,203
24.97665755188551,9.937333432566192,255.0,no_reaction,harsh_direct,255,253,245
29.357420439720862,29.927509171272938,245.91140341360529,no_reaction,daylight,245,245,217
29.9958529544435,20.272794369124146,255.0,no_reaction,fluorescent,254,255,234
21.690645474415966,52.99292922525743,255.0,no_reaction,warm_indoor,255,240,202
28.966637805776205,32.75556325656877,246.16527003905884,no_reaction,overcast,246,245,214
28.223408928782646,41.824396740025,255.0,no_reaction,harsh_direct,255,252,213
30.907401737790813,54.29028883005019,223.95633708991892,no_reaction,daylight,222,223,176
27.468391736727675,46.92911080855931,255.0,no_reaction,fluorescent,255,251,208
28.018786395880912,48.41782073979116,241.29730856736057,no_reaction,warm_indoor,241,238,195
29.671464552439385,33.882548983599634,241.5302382749845,no_reaction,overcast,241,241,209
29.225248352667094,56.78169076242362,251.42702837910122,no_reaction,harsh_direct,251,250,195
29.047998176878476,35.74712314145756,212.05585576102985,no_reaction,daylight,212,211,182
29.521309424631994,16.39159082237292,242.80888078082126,no_reaction,fluorescent,242,242,227
25.818011583650375,12.918730044747225,205.82106339846428,no_reaction,warm_indoor,205,204,195
31.458936150825508,18.857337173019793,197.05509769855252,no_reaction,overcast,196,197,182
27.755633032604063,17.349196685945,253.12220118908397,no_reaction,harsh_direct,253,251,235
30.512400233746906,37.59554852104402,241.37494539456466,no_reaction,daylight,240,241,205
30.84209908956572,40.99503493784081,255.0,no_reaction,fluorescent,253,255,214
24.819756960065945,34.45355111601065,208.91386713192315,no_reaction,warm_indoor,208,204,180
29.593648286815096,12.614268302707242,249.9693655825413,no_reaction,overcast,249,249,237
30.00685733700726,35.378904529430656,224.37044807586256,no_reaction,harsh_direct,224,224,193
23.975485606362007,20.90236836570672,248.52662645971805,no_reaction,daylight,248,244,228
28.80893354839954,12.18968069240832,236.7680170381829,no_reaction,fluorescent,236,236,225
26.29505061132318,28.05193719120042,241.51792218477203,no_reaction,warm_indoor,241,238,214
32.1715375525809,0.0,217.06650305509726,no_reaction,overcast,217,217,217
23.35255753021762,26.86705352687395,252.77575802271775,no_reaction,harsh_direct,252,246,226
21.698174959365307,41.299410067822855,244.12425566228757,no_reaction,daylight,244,233,204
24.152611607307357,34.89552824827303,255.0,no_reaction,fluorescent,255,248,220
18.01141451009341,56.84524281222863,250.00218042915674,no_reaction,warm_indoor,250,227,194
25.407158929392676,58.26385571404952,237.96706168042715,no_reaction,overcast,237,229,183
26.224963721163565,65.68812731413232,233.5654892621579,no_reaction,harsh_direct,233,226,173
26.416113053991058,5.975387471689071,203.9028209521723,no_reaction,daylight,203,203,199
29.420174117752286,0.5847259935851881,239.26359477415076,no_reaction,fluorescent,239,239,238
29.92526335345392,11.236236427966745,215.64990683727245,no_reaction,warm_indoor,215,215,206
31.23966750512197,18.089499010263726,181.52271657173247,no_reaction,overcast,180,181,168
29.56980625693042,13.14927557191826,210.8550367829368,no_reaction,harsh_direct,210,210,199
20.359688086911763,11.76758500366693,226.07482914691775,no_reaction,daylight,226,222,215
25.20662296400183,10.4431636104163,255.0,no_reaction,fluorescent,255,253,244
19.516701080127838,0.0,224.53209209813758,no_reaction,warm_indoor,224,224,224
17.125380709313262,0.0,209.17426835742256,no_reaction,overcast,209,209,209
22.37735776950027,18.757424555661807,255.0,no_reaction,harsh_direct,255,250,236
28.052642429159842,0.0,221.0528547243177,no_reaction,daylight,221,221,221
34.02732552396884,19.993221058402504,225.26340721372108,no_reaction,fluorescent,222,225,207
27.059698293725756,21.913833057054084,182.42100747842994,no_reaction,warm_indoor,182,180,166
32.958095490523725,9.140198770164856,201.5872724754417,no_reaction,overcast,200,201,194
29.09132948161423,26.87748392779614,255.0,no_reaction,harsh_direct,255,254,228
31.785684778979554,39.4168390526917,218.76374385090577,no_reaction,daylight,216,218,184
33.1486511703152,49.77678591524215,240.50552640472714,no_reaction,fluorescent,235,240,193
24.190727387597256,66.68413791419529,225.2020241511102,no_reaction,warm_indoor,225,214,166
25.945942880830057,42.386392194883825,207.39162541297344,no_reaction,overcast,207,202,172
29.456519494446262,77.53425630231355,230.07187946891588,no_reaction,harsh_direct,230,229,160
28.565901574168684,44.847227108582544,255.0,no_reaction,daylight,255,253,210
31.003977981074705,19.12238014465422,255.0,no_reaction,fluorescent,254,255,235
22.80388013719544,22.736716613185703,231.13400336212464,no_reaction,warm_indoor,231,226,210
30.201996272162972,8.524734401400906,245.0852131945666,no_reaction,overcast,244,245,236
29.88019799470252,33.95593404538485,255.0,no_reaction,harsh_direct,254,255,221
28.258512795009615,23.47651176622505,255.0,no_reaction,daylight,255,253,231
30.836373127774976,33.85926535613052,255.0,no_reaction,fluorescent,253,255,221
26.28727486060125,45.82105598642674,252.14699695465475,no_reaction,warm_indoor,252,246,206
30.745362351574023,0.0,234.0231365143715,no_reaction,overcast,234,234,234
31.265827340124023,7.884793060957036,255.0,no_reaction,harsh_direct,254,255,247
32.546129844038155,14.496961572046239,255.0,no_reaction,daylight,253,255,240
31.453868216033506,27.51630331090726,254.82959426048967,no_reaction,fluorescent,253,254,227
28.847740007287733,52.09836067070289,255.0,no_reaction,warm_indoor,255,253,202
35.43643340100333,22.677590972788174,226.43228479015724,no_reaction,overcast,222,226,206
32.6117520491397,31.196636083395955,255.0,no_reaction,harsh_direct,252,255,223
32.539306911970364,36.15861764943713,255.0,no_reaction,daylight,251,255,218
31.935646987101073,30.766262808041354,255.0,no_reaction,fluorescent,252,255,224
28.665462306652486,15.649700857567623,246.89256372988396,no_reaction,warm_indoor,246,246,231
30.46347225638202,31.838823341773065,215.77303371979184,no_reaction,overcast,215,215,188
29.112304645136774,20.924926069475163,252.0785220981865,no_reaction,harsh_direct,252,251,231
49.28738737287065,12.695425960308757,255.0,no_reaction,daylight,246,255,242
45.93633772441096,22.82960892107287,255.0,no_reaction,fluorescent,242,255,232
45.384680232803944,46.82459192069208,218.43284997552047,no_reaction,warm_indoor,197,218,178
48.03256219677264,3.8100309869726097,210.16299492126643,no_reaction,overcast,208,210,207
50.13518469335662,33.90900183446713,243.0318703484068,no_reaction,harsh_direct,221,243,210
34.45649278587957,14.029069333806884,248.58425300003682,no_reaction,daylight,246,248,234
32.816067084563855,6.507687935117081,244.94043807551412,no_reaction,fluorescent,244,244,238
30.265707505404944,29.711111526429836,238.83025925438196,no_reaction,warm_indoor,238,238,211
37.58890396458727,21.989521285371456,236.72432520304386,no_reaction,overcast,231,236,216
35.693377431410376,40.30544760593753,236.90348733993153,no_reaction,harsh_direct,229,236,199
30.106524909484627,18.1004005158383,230.5063731200171,no_reaction,daylight,230,230,214
27.545602522063906,2.5368022475647827,220.33837178838473,no_reaction,fluorescent,220,220,218
23.909935350421,31.53678446970904,208.1003228048299,no_reaction,warm_indoor,208,202,182
27.34508838969853,5.014920173194731,195.65633510028107,no_reaction,overcast,195,195,191
30.708665746439625,30.245593022346043,241.5549521767726,no_reaction,harsh_direct,240,241,212
32.662744541294295,17.890866685737336,255.0,no_reaction,daylight,253,255,237
37.10893246651788,22.452818956612067,241.68617410619248,no_reaction,fluorescent,236,241,220
32.184734636262476,24.765703559550843,235.29359083589395,no_reaction,warm_indoor,233,235,212
38.54285315689794,19.07842136894983,204.8453268071085,no_reaction,overcast,200,204,189
36.4881724001707,37.660530284561105,255.0,no_reaction,harsh_direct,246,255,217
29.300607072434687,4.09891409722853,193.9574540970489,no_reaction,daylight,193,193,190
35.9509461998686,10.513947749756275,243.42461909411412,no_reaction,fluorescent,241,243,233
32.62631914846276,4.02470594415821,225.3152291164493,no_reaction,warm_indoor,224,225,221
30.908712908724397,0.0,213.28430818749484,no_reaction,overcast,213,213,213
35.61215909207194,26.996955509489137,255.0,no_reaction,harsh_direct,249,255,228
37.94893009749179,19.99098097426501,250.42632150805227,no_reaction,daylight,245,250,230
34.04647414158787,0.0,236.19581888815787,no_reaction,fluorescent,236,236,236
31.084430698149177,13.718525397626955,235.35924629607075,no_reaction,warm_indoor,234,235,222
30.888711684543793,16.89189180872827,220.27354302069676,no_reaction,overcast,219,220,205
36.04470578879123,0.0,234.49341768467178,no_reaction,harsh_direct,234,234,234
30.762308329712376,16.26426916649592,227.5163142971032,no_reaction,daylight,227,227,213
39.54778074711823,0.08612556892754664,229.629518405026,no_reaction,fluorescent,229,229,229
30.214001251993434,8.463203776759697,210.93459299641168,no_reaction,warm_indoor,210,210,203
31.186660693965486,4.274357135354679,194.85649284525243,no_reaction,overcast,194,194,191
36.460331301862844,0.6327453287915041,247.37193253423143,no_reaction,harsh_direct,247,247,246
25.884666073291708,27.216278935380885,233.47586344329645,no_reaction,daylight,233,230,208
26.604441673274305,28.387753289678802,255.0,no_reaction,fluorescent,255,251,226
24.259627291971647,47.95485467254133,235.5168735069077,no_reaction,warm_indoor,235,227,191
22.523218989292953,34.70237705802772,241.4155952619314,no_reaction,overcast,241,233,208
23.94682454647628,70.19685515617601,250.99493397978625,no_reaction,harsh_direct,250,237,181
28.19437244027924,55.77395472166059,235.20345780536462,no_reaction,daylight,235,232,183
32.41164683668667,25.24866972346373,255.0,no_reaction,fluorescent,252,255,229
28.504811626544996,51.99351030395806,229.5888362927668,no_reaction,warm_indoor,229,227,182
32.690175652979704,30.57892624817882,218.13732768394772,no_reaction,overcast,215,218,191
31.481365028879807,33.64844004879616,246.11273579647292,no_reaction,harsh_direct,244,246,213
31.369873896266242,26.989955724269265,224.95820723462293,no_reaction,daylight,223,224,201
33.92981663609087,40.99925173188799,255.0,no_reaction,fluorescent,249,255,214
28.574348597424372,13.098891686000709,205.46450134456245,no_reaction,warm_indoor,205,205,194
33.168180827039045,16.20336343340367,241.08261200875242,no_reaction,overcast,239,241,225
31.368001638100715,3.7604406917122795,255.0,no_reaction,harsh_direct,254,255,251
30.210655357033005,47.95697667668971,250.88660101738412,no_reaction,daylight,250,250,203
30.222343476679303,26.730228646519002,255.0,no_reaction,fluorescent,254,255,228
28.575887867164976,64.78729466225542,236.602922317847,no_reaction,warm_indoor,236,234,176
33.50295904681545,51.48543383870655,234.55042230600515,no_reaction,overcast,228,234,187
27.482140182452266,24.153975506317927,243.002835064039,no_reaction,harsh_direct,243,241,219
25.22955677764959,38.55722092524718,249.85246727389458,no_reaction,daylight,249,244,212
32.35038342820136,24.665799293317473,247.77083764010285,no_reaction,fluorescent,245,247,223
28.952845176448545,28.141995189744918,240.7520240449304,no_reaction,warm_indoor,240,239,214
31.603569143671116,0.9341044337308979,209.98528610156484,no_reaction,overcast,209,209,209
32.134289398943,16.594127701343893,241.37141282637424,no_reaction,harsh_direct,240,241,225
28.150169685690226,28.720110525721314,241.81216350439684,no_reaction,daylight,241,240,214
31.52008328872963,32.058712869507595,255.0,no_reaction,fluorescent,253,255,222
28.681264697078948,35.60051419017837,241.90954505330365,no_reaction,warm_indoor,241,240,208
28.80730657788812,31.074001631811644,216.3919966496479,no_reaction,overcast,216,215,190
32.42271085346937,23.136710170328875,255.0,no_reaction,harsh_direct,252,255,231
32.08565630693534,68.38016702000405,255.0,no_reaction,daylight,249,255,186
34.65154319933812,75.75547409918991,255.0,no_reaction,fluorescent,242,255,179
27.1362691997669,96.49951989022968,255.0,no_reaction,warm_indoor,255,246,158
34.574089818838466,61.673224938079656,242.48254553144193,no_reaction,overcast,233,242,183
30.975976542412766,84.08037262986757,238.59845740876113,no_reaction,harsh_direct,235,238,159
29.920242455895757,32.175315411637925,234.21732797250093,no_reaction,daylight,234,234,204
30.26471329621425,20.314574511938257,240.70824547448393,no_reaction,fluorescent,240,240,221
24.115604808258368,25.48415575109403,192.6657427538686,no_reaction,warm_indoor,192,188,173
28.33682424462742,10.04624241281714,206.38242245812012,no_reaction,overcast,206,205,198
32.54832961610844,29.491578673316404,233.5340510802635,no_reaction,harsh_direct,231,233,206
19.582267981023154,0.0,255.0,no_reaction,daylight,255,255,255
25.26714372770763,0.0,244.34848354196703,no_reaction,fluorescent,244,244,244
20.51583062080325,0.0,255.0,no_reaction,warm_indoor,255,255,255
24.327155816694663,2.3641531831173133,234.55707410562474,no_reaction,overcast,234,234,232
22.286975862169072,17.038492743587174,234.80786682766592,no_reaction,harsh_direct,234,230,219
29.228287380783975,24.04970191089843,247.55009684484622,no_reaction,daylight,247,247,224
33.13639462545809,20.412368927707,255.0,no_reaction,fluorescent,252,255,234
26.447719631133193,23.24169380374037,236.52895127777123,no_reaction,warm_indoor,236,234,214
33.44480404775403,59.56130756283443,233.91616543029488,no_reaction,overcast,227,233,179
30.335672662430976,20.501013742667457,255.0,no_reaction,harsh_direct,254,255,234
25.042456696953813,63.01954613768936,227.08999906374157,no_reaction,daylight,227,218,170
28.423817419469685,41.46212962200999,255.0,no_reaction,fluorescent,255,253,213
20.536505313768345,68.94279826063442,219.26046222173647,no_reaction,warm_indoor,219,200,159
23.78328766292066,15.691331496592289,213.5382946506977,no_reaction,overcast,213,210,200
25.363939732535258,68.07404833553475,247.32758393618312,no_reaction,harsh_direct,247,237,181
26.030463389322577,12.690374544128424,248.49913682483825,no_reaction,daylight,248,246,236
29.779817651694746,12.639484375022967,255.0,no_reaction,fluorescent,255,254,242
27.027320772400838,39.48969669178273,220.83176292453254,no_reaction,warm_indoor,220,217,186
29.59700681835792,25.867128466451504,209.018468147782,no_reaction,overcast,209,208,187
31.52161742958907,22.924124909638703,245.3675420134129,no_reaction,harsh_direct,244,245,223
34.01378017372803,37.745284939551226,255.0,no_reaction,daylight,249,255,217
37.66127092971049,30.433598588722944,252.00243125929762,no_reaction,fluorescent,244,252,221
31.88128111990038,53.27407032402518,226.01236342811052,no_reaction,warm_indoor,222,226,178
32.59031782971984,47.56387002262919,225.28353832295969,no_reaction,overcast,221,225,183
31.818028640382508,71.58049636396382,255.0,no_reaction,harsh_direct,250,255,183
22.845994460419096,98.52289480740095,243.07732782424426,no_reaction,daylight,243,221,149
25.21119526093957,57.284507811284755,229.12524318955076,no_reaction,fluorescent,229,221,177
20.87037749241103,85.64891212486219,214.66614926491255,no_reaction,warm_indoor,214,193,142
24.134232946982003,47.262802462314994,224.80662554794105,no_reaction,overcast,224,216,183
26.261513102775307,75.70859465004436,237.09440676536985,no_reaction,harsh_direct,237,228,166
35.14547758182964,20.929447485693085,248.51136291585814,no_reaction,daylight,244,248,228
36.149902883920014,13.94632496424399,255.0,no_reaction,fluorescent,252,255,241
28.581858499642355,27.608234623988643,254.56936522758193,no_reaction,warm_indoor,254,253,227
34.63621710881328,10.333276605458348,234.5262862712453,no_reaction,overcast,232,234,225
31.94736621119296,28.56727983070111,255.0,no_reaction,harsh_direct,252,255,226
19.85559481389229,0.0,243.90006337628392,no_reaction,daylight,243,243,243
25.665494258405065,8.962640173254492,248.8483216852277,no_reaction,fluorescent,248,247,240
19.55076623790278,44.076046697171094,208.1125093474721,no_reaction,warm_indoor,208,195,172
26.139254529379457,28.13478184872134,215.09470055870662,no_reaction,overcast,215,212,191
22.676673631925286,41.835740184381265,249.03960915797754,no_reaction,harsh_direct,249,239,208
28.690710310203993,19.58759250446637,227.2608481124871,no_reaction,daylight,227,226,209
31.406930199605807,41.738525539417125,249.2784369100657,no_reaction,fluorescent,247,249,208
23.334744275224768,14.928520584181037,206.5905903968083,no_reaction,warm_indoor,206,203,194
27.357704501880534,40.97766287092197,216.4489359214407,no_reaction,overcast,216,213,181
30.911062993676985,50.79532462065302,235.6816261085802,no_reaction,harsh_direct,233,235,188
32.795813451859296,41.49347303084119,223.47941034729888,no_reaction,daylight,219,223,187
32.927964466698796,37.41675092246011,255.0,no_reaction,fluorescent,251,255,217
29.649803842097636,59.726801807531544,233.92203367945015,no_reaction,warm_indoor,233,233,179
29.144454201874336,20.099164989422135,205.32034880331503,no_reaction,overcast,205,204,189
31.118227372660925,40.02290095641255,255.0,no_reaction,harsh_direct,253,255,214
22.51513948586452,32.358899382994046,255.0,no_reaction,daylight,255,247,222
26.147684183561992,28.216078045332964,255.0,no_reaction,fluorescent,255,251,226
23.16074264906226,27.851536500132305,230.99236372980602,no_reaction,warm_indoor,230,225,205
28.206017088175503,24.825754576383545,238.08910627206507,no_reaction,overcast,238,236,214
27.18563405975495,42.29695294986052,255.0,no_reaction,harsh_direct,255,251,212
24.6597692079959,30.46585994920798,224.20694390025017,no_reaction,daylight,224,219,197
27.28800530717119,0.0,238.48776208209142,no_reaction,fluorescent,238,238,238
22.800296766962,53.98779909142994,224.59236123261348,no_reaction,warm_indoor,224,213,177
25.703117814392005,0.0,217.03513354844068,no_reaction,overcast,217,217,217
27.774269478404403,16.92008388781072,255.0,no_reaction,harsh_direct,255,253,238
33.004369060761185,0.0,232.59120445425083,no_reaction,daylight,232,232,232
34.01934104941905,8.011398870261871,233.43050772309033,no_reaction,fluorescent,232,233,226
31.12052129638279,2.4670704861192405,255.0,no_reaction,warm_indoor,254,255,252
34.52983215794537,9.02695715088559,244.30315944157812,no_reaction,overcast,242,244,235
33.85961198403117,41.58336406776314,255.0,no_reaction,harsh_direct,249,255,213
28.067203648265757,0.0,207.6173291401688,no_reaction,daylight,207,207,207
32.97783742161572,11.126292890779062,229.98121018926483,no_reaction,fluorescent,228,229,219
26.161669495105905,2.9626799010980704,224.45383575232458,no_reaction,warm_indoor,224,224,221
32.392138538946696,0.0,181.28452316909352,no_reaction,overcast,181,181,181
26.885917640244806,8.526997646855888,255.0,no_reaction,harsh_direct,255,254,246
36.69398480791801,65.96935083951351,255.0,no_reaction,daylight,239,255,189
42.73348854028003,22.153030018341983,255.0,no_reaction,fluorescent,245,255,232
35.82519340520941,54.78857363710161,255.0,no_reaction,warm_indoor,243,255,200
38.22028320437588,53.94188329942586,239.91035090858753,no_reaction,overcast,225,239,189
39.7863444377054,79.22658875194041,249.4677360643723,no_reaction,harsh_direct,223,249,171
30.583073659166768,21.22023976512746,230.2711889963913,no_reaction,daylight,229,230,211
29.06630437569801,0.0,242.85719805837527,no_reaction,fluorescent,242,242,242
29.7282883273138,8.821121221708735,252.65912714494326,no_reaction,warm_indoor,252,252,243
30.282773994737873,8.369847581538066,251.03222882200572,no_reaction,overcast,250,251,242
25.720342638635994,18.8985722109236,233.9356720768577,no_reaction,harsh_direct,233,231,216
33.07490411130199,11.47751336614759,250.9732652006349,no_reaction,daylight,249,250,239
34.83483015378653,20.512471576921115,246.78964726264772,no_reaction,fluorescent,243,246,226
30.810600687191865,35.13996429102538,229.86768995160608,no_reaction,warm_indoor,228,229,198
33.441449561057986,10.325685192970145,232.9686238444666,no_reaction,overcast,231,232,223
32.233755750621874,26.377979898873285,255.0,no_reaction,harsh_direct,252,255,228
20.24796470129853,8.377817628396762,255.0,no_reaction,daylight,255,252,246
24.78840085388564,6.23935850109598,237.02964574336067,no_reaction,fluorescent,237,236,231
20.937225666176335,0.0,219.70503685110307,no_reaction,warm_indoor,219,219,219
22.112107310491513,0.0,187.9809875969891,no_reaction,overcast,187,187,187
19.265337229731205,3.7869270279451093,253.40244644547215,no_reaction,harsh_direct,253,252,249
36.885475993925056,37.53428714402772,238.7708305317518,no_reaction,daylight,230,238,203
38.577695670326996,47.282342946764466,251.1786574408136,no_reaction,fluorescent,237,251,204
33.59531799532086,32.48811535989242,247.1139430663565,no_reaction,warm_indoor,243,247,215
38.93925876960726,9.435483452477884,246.82661809551186,no_reaction,overcast,244,246,237
37.20289879067237,8.010885216723644,255.0,no_reaction,harsh_direct,253,255,246
28.16382702325647,34.56002643654217,219.58642760096984,no_reaction,daylight,219,217,189
30.56329317172608,21.551532367062237,230.14497940609033,no_reaction,fluorescent,229,230,210
26.709816312567668,23.01793539160387,212.8514582120381,no_reaction,warm_indoor,212,210,193
31.46922783185642,0.0,193.02277961364683,no_reaction,overcast,193,193,193
28.73652202114831,20.84980042603486,251.41260239383345,no_reaction,harsh_direct,251,250,230
35.18454141283113,11.574413901885995,243.59104838716434,no_reaction,daylight,241,243,232
35.976569246642114,2.473452694624278,255.0,no_reaction,fluorescent,254,255,252
33.4386006549645,14.496354733993519,227.09276139227953,no_reaction,warm_indoor,225,227,214
33.94076368868186,6.25525663247393,241.75159881669606,no_reaction,overcast,240,241,235
33.02251217029058,3.862220990133391,255.0,no_reaction,harsh_direct,254,255,251
25.70951225506559,28.174551227514854,246.7301699199719,no_reaction,daylight,246,242,219
24.513080195007383,25.483256256700827,236.99187639527952,no_reaction,fluorescent,236,232,213
26.972208864653613,44.61289989977573,213.7785361688242,no_reaction,warm_indoor,213,210,176
30.249171493780395,40.00466568676898,237.95680308234648,no_reaction,overcast,237,237,200
28.71690175648254,29.00115411960854,248.18094936188106,no_reaction,harsh_direct,248,247,219
33.21638154486439,53.340656585849544,228.70762175968633,no_reaction,daylight,223,228,180
36.57974190672041,52.85104116994992,233.78406038238614,no_reaction,fluorescent,222,233,185
30.84807973177496,64.21114256126197,214.67934433951092,no_reaction,warm_indoor,212,214,160
36.17045515545669,56.89699056084976,215.30186556515065,no_reaction,overcast,205,215,167
35.06313541962486,60.44325869596313,255.0,no_reaction,harsh_direct,244,255,194
30.185529305440586,20.561314835839646,234.3325089530949,no_reaction,daylight,234,234,215
31.984582256069956,22.325696369602447,240.7943544826391,no_reaction,fluorescent,239,240,219
25.088890235680644,21.88500944562995,228.66813352305712,no_reaction,warm_indoor,228,225,209
31.209680140553058,3.6231329412076025,199.21485016116833,no_reaction,overcast,199,199,196
27.299769448068254,1.6836002011523359,247.83313474803543,no_reaction,harsh_direct,247,247,246
23.216357971036576,12.977362780031493,230.2183563880522,no_reaction,daylight,230,227,218
32.259569660729746,12.079027389943455,236.13172389041836,no_reaction,fluorescent,235,236,224
23.467417400787188,18.00551101769067,200.14385681631043,no_reaction,warm_indoor,200,197,186
28.654162584214333,0.0,192.8080286739699,no_reaction,overcast,192,192,192
23.22493156163253,20.503781497871078,255.0,no_reaction,harsh_direct,255,250,234
37.404746739920185,33.896840259427975,255.0,no_reaction,daylight,246,255,221
39.24366177160978,7.887351276763198,255.0,no_reaction,fluorescent,252,255,247
34.883014684418775,29.2918087452567,247.01253665299697,no_reaction,warm_indoor,242,247,218
36.21896577017458,0.9918844939410469,250.3238370460401,no_reaction,overcast,250,250,249
36.21212359978114,9.602608071790435,255.0,no_reaction,harsh_direct,252,255,245
27.066763321378716,0.0,183.82688740451962,no_reaction,daylight,183,183,183
29.605471804686054,0.0,255.0,no_reaction,fluorescent,255,255,255
25.873863991975053,2.0219837602721826,207.23182671957068,no_reaction,warm_indoor,207,207,205
26.421193229538826,0.0,198.617233155267,no_reaction,overcast,198,198,198
25.78071505076618,19.51741674169687,249.6483150678519,no_reaction,harsh_direct,249,247,230
29.149784245624684,24.853408661021646,233.02841140272133,no_reaction,daylight,233,232,210
32.43111768991666,6.236625093450652,253.30213516572337,no_reaction,fluorescent,252,253,247
28.376581812700582,14.083125764280082,230.7058835549306,no_reaction,warm_indoor,230,230,217
28.408081485163223,22.031758636296146,228.37734259716075,no_reaction,overcast,228,227,208
27.49049864316565,31.71164598313694,254.61493179882333,no_reaction,harsh_direct,254,252,222
33.34443364531843,15.321478471851234,247.62266371802696,no_reaction,daylight,245,247,232
35.06135188871667,14.442132658023187,247.92850060245323,no_reaction,fluorescent,245,247,233
29.98250779259058,29.1793964262667,250.4973925660965,no_reaction,warm_indoor,250,250,221
32.232424596976195,29.258514169384693,225.1490362641752,no_reaction,overcast,223,225,199
33.64533418849274,4.7370978833634245,255.0,no_reaction,harsh_direct,254,255,250
27.255603278428,12.21053624222193,244.2169643567899,no_reaction,daylight,244,243,232
32.073190432163244,13.41734758185871,237.96490611558804,no_reaction,fluorescent,237,237,225
25.01199662445714,22.960645532095487,222.80606674671685,no_reaction,warm_indoor,222,219,202
31.6012412074061,3.9190597122328112,235.35468043710443,no_reaction,overcast,235,235,231
29.603643154032262,33.00155465321387,255.0,no_reaction,harsh_direct,255,254,221
29.426683834995487,16.907820024219692,255.0,no_reaction,daylight,255,254,238
34.60609892281323,0.0,255.0,no_reaction,fluorescent,255,255,255
25.872132730056787,7.668619116580645,233.44769221468056,no_reaction,warm_indoor,233,232,226
34.33544105383797,22.159003649658388,237.30620750126283,no_reaction,overcast,234,237,216
30.000043850142927,35.147875402868934,255.0,no_reaction,harsh_direct,254,255,219
27.581419678317847,39.01330976205367,236.48507956770584,no_reaction,daylight,236,233,200
29.951668399845843,55.153892656250605,235.61259363423898,no_reaction,fluorescent,235,235,184
21.107752543019036,45.179259561926315,238.29513558362726,no_reaction,warm_indoor,238,225,196
24.54170538638457,35.713982033786245,230.47561567300684,no_reaction,overcast,230,224,198
23.936247784652043,48.94147389762252,255.0,no_reaction,harsh_direct,255,245,206
29.014150607405856,58.12826600655326,255.0,no_reaction,daylight,255,253,196
36.0850805158195,16.896542579932294,255.0,no_reaction,fluorescent,251,255,238
27.648216092415286,19.46178575059442,227.04561586502928,no_reaction,warm_indoor,227,225,209
35.017219476404456,16.21961546344869,226.4440360654874,no_reaction,overcast,223,226,212
32.87381579618249,28.756086603207436,255.0,no_reaction,harsh_direct,252,255,226
30.180109999569805,21.16650457038799,255.0,no_reaction,daylight,254,255,233
36.5394668911438,12.851814133270487,239.108933145024,no_reaction,fluorescent,236,239,227
29.749666116427868,49.51511074093018,255.0,no_reaction,warm_indoor,255,254,205
34.508357396186476,23.59699035159743,213.0892256485662,no_reaction,overcast,209,213,193
33.861439947749744,12.894477272015543,255.0,no_reaction,harsh_direct,253,255,242
28.197830362366002,58.44215745943441,226.68162272048897,no_reaction,daylight,226,223,174
32.796890472895,28.77812940829078,238.5535293440348,no_reaction,fluorescent,235,238,211
25.577579793197295,52.42750363327891,218.86699451998987,no_reaction,warm_indoor,218,212,173
28.696963673034702,42.50311979368954,194.22224176225623,no_reaction,overcast,194,192,161
28.899327938916304,54.77748569046789,255.0,no_reaction,harsh_direct,255,253,200
29.497491093614393,32.28149937780276,231.91357161690433,no_reaction,daylight,231,231,202
33.22184931000699,28.279540775944177,249.13244618980258,no_reaction,fluorescent,245,249,221
25.19050152440531,58.615048568979205,207.38142041827797,no_reaction,warm_indoor,207,199,159
30.523449237902156,30.060373978269386,202.65343027778403,no_reaction,overcast,202,202,178
26.09694126544721,61.90732070871588,255.0,no_reaction,harsh_direct,255,247,193
30.704760062884677,15.962764364567704,228.93725313724275,no_reaction,daylight,228,228,214
33.36919035219374,6.770867582542896,249.56276493852818,no_reaction,fluorescent,248,249,242
30.160464220173356,48.81764159064677,211.86659666854933,no_reaction,warm_indoor,211,211,171
33.863880977741054,28.07915778200473,200.57944505637272,no_reaction,overcast,197,200,178
31.122564396480307,37.20093334396539,255.0,no_reaction,harsh_direct,253,255,217
28.47111682491475,26.232984892704685,234.88746751024894,no_reaction,daylight,234,233,210
34.0858568923119,21.599414346297152,249.70384338224676,no_reaction,fluorescent,246,249,228
29.349680552702967,22.691228984217467,226.51150944474747,no_reaction,warm_indoor,226,226,206
34.50408831583144,27.8029221485029,251.36568292289883,no_reaction,overcast,247,251,223
29.012697504774085,41.280878919601186,244.88140618166776,no_reaction,harsh_direct,244,243,205
27.1699065588439,6.251613405822906,225.46934661123706,no_reaction,daylight,225,224,219
28.547176829644265,10.068986523816376,249.82985239785125,no_reaction,fluorescent,249,249,239
24.633853701954205,37.451745057279595,225.25036184349915,no_reaction,warm_indoor,225,219,192
30.45274641005591,0.0,198.36179533155658,no_reaction,overcast,198,198,198
28.77397188877931,20.781899869600206,234.51334526979556,no_reaction,harsh_direct,234,233,215
29.240876628839743,22.906036784987627,230.13906916590994,no_reaction,daylight,230,229,209
27.69378219533805,0.0,253.78980186699155,no_reaction,fluorescent,253,253,253
25.297060537609322,22.15056133248693,247.60943874731487,no_reaction,warm_indoor,247,244,226
30.134578059032023,5.669983174413857,215.30034478723513,no_reaction,overcast,215,215,210
25.370622204094676,29.126940649512076,255.0,no_reaction,harsh_direct,255,250,225
38.39337030112282,30.69796270914496,213.08120785602745,no_reaction,daylight,205,213,187
38.09737528919245,11.38105819803324,197.74902414744335,no_reaction,fluorescent,195,197,188
38.604839423284005,22.730296169751643,206.41098177438656,no_reaction,warm_indoor,201,206,188
39.75441966577582,17.384451180940662,163.05249040376827,no_reaction,overcast,159,163,151
40.57929578816917,13.769945606575805,255.0,no_reaction,harsh_direct,250,255,241
41.63098753121621,9.632586452126882,255.0,no_reaction,daylight,251,255,245
39.75616604755355,6.095217691857053,255.0,no_reaction,fluorescent,252,255,248
37.946735071863785,52.83033053408346,255.0,no_reaction,warm_indoor,240,255,202
44.451931850070636,22.05765419512779,219.37148406396787,no_reaction,overcast,210,219,200
42.76992841792712,3.1509332894564643,246.81743055601916,no_reaction,harsh_direct,245,246,243
26.15464440341556,66.150283245535,241.99245628140943,no_reaction,daylight,241,234,179
24.396226699822417,49.13935749373776,255.0,no_reaction,fluorescent,255,246,205
22.43360533354088,58.21512962402541,255.0,no_reaction,warm_indoor,255,240,196
27.759198763735306,81.07336964671507,255.0,no_reaction,overcast,255,249,173
26.70548072407668,80.56426156859287,243.11399419203383,no_reaction,harsh_direct,243,235,166
32.929423579696994,19.840121972210177,239.2991237655052,no_reaction,daylight,237,239,220
34.739015978373175,6.635033009666513,218.36432516206838,no_reaction,fluorescent,217,218,212
29.13691257241455,0.0,193.82538965888665,no_reaction,warm_indoor,193,193,193
35.34497723710548,9.023673753903797,211.19480979142966,no_reaction,overcast,209,211,203
32.213124811210974,10.65453040694511,243.49790549641898,no_reaction,harsh_direct,242,243,233
33.41746546242995,44.31988559495167,247.29763850131906,no_reaction,daylight,242,247,204
30.684110455331677,0.0,247.23438252885353,no_reaction,fluorescent,247,247,247
30.914084285806805,34.185425537603095,202.5673050981455,no_reaction,warm_indoor,201,202,175
28.442503629212062,1.282906720357202,228.13649682234407,no_reaction,overcast,228,228,226
30.19290333804254,31.236335248259184,237.03073887633008,no_reaction,harsh_direct,236,237,207
40.34234258340543,10.502778138921911,253.95708559295772,no_reaction,daylight,250,253,243
39.28857763656317,13.323677327030923,230.94594814473197,no_reaction,fluorescent,227,230,218
32.2412336053151,41.97092550166208,217.82835948489438,no_reaction,warm_indoor,214,217,181
38.94343815675128,3.113645519481966,223.9557569810579,no_reaction,overcast,223,223,221
38.490766461033054,13.518013969428754,255.0,no_reaction,harsh_direct,251,255,241
23.962960651674326,14.169410314635735,241.4671836947935,no_reaction,daylight,241,238,228
28.952442868501173,0.0,241.55685853835482,no_reaction,fluorescent,241,241,241
21.649335699608393,31.965003999927962,223.57905494926302,no_reaction,warm_indoor,223,215,195
26.81922671204271,0.0,247.19825136013796,no_reaction,overcast,247,247,247
23.967021433512187,11.715408978381683,255.0,no_reaction,harsh_direct,255,252,243
36.60352542863946,34.52160715739501,248.24383604948696,no_reaction,daylight,240,248,214
38.37354715592125,9.752525365778045,254.85929713116195,no_reaction,fluorescent,252,254,245
33.982535392376654,57.620070770339844,235.53900956144253,no_reaction,warm_indoor,228,235,182
40.02822857554751,43.15363446443956,213.59263127070818,no_reaction,overcast,201,213,177
36.213278877824045,33.813734599394635,255.0,no_reaction,harsh_direct,247,255,221
27.45919078668174,50.10757425217936,239.55909848357095,no_reaction,daylight,239,235,192
25.41375578739897,42.76656333489271,222.02583072957788,no_reaction,fluorescent,222,216,184
21.29898120559705,65.94047731255013,209.6325044101628,no_reaction,warm_indoor,209,194,155
22.91589206438166,47.755160865945065,187.7239788838981,no_reaction,overcast,187,179,152
25.358903548129657,36.6932058342192,251.8587261188947,no_reaction,harsh_direct,251,246,215
31.69782516813284,0.0,255.0,no_reaction,daylight,255,255,255
31.46757918282664,0.0,255.0,no_reaction,fluorescent,255,255,255
28.136813561710092,9.124671238972796,250.2121175000803,no_reaction,warm_indoor,250,249,241
31.021335684549253,14.901476233561354,225.14108483802644,no_reaction,overcast,224,225,211
29.839149971318957,5.5134748455630325,255.0,no_reaction,harsh_direct,254,255,249
30.006359842730244,4.312184539423264,246.42211304641665,no_reaction,daylight,246,246,242
29.5807028756523,19.152315689470136,255.0,no_reaction,fluorescent,255,254,235
29.350566048168197,56.7214411215602,228.66560199506904,no_reaction,warm_indoor,228,227,177
30.647365021571837,21.538172323875663,242.67661419481863,no_reaction,overcast,242,242,222
28.811236715346716,22.098656056826496,255.0,no_reaction,harsh_direct,255,254,232
36.98876925785293,26.874782697244154,239.205923740749,no_reaction,daylight,233,239,213
37.01337452631268,8.996829323229814,251.10905299832228,no_reaction,fluorescent,248,251,242
31.06074244454294,73.66531579548474,211.20647613046935,no_reaction,warm_indoor,208,211,150
36.39603681042082,23.950295964483587,210.82932564356128,no_reaction,overcast,206,210,191
37.366249142489465,28.317941173439436,255.0,no_reaction,harsh_direct,247,255,226
27.756470023623905,17.907714491227793,231.99410163411642,no_reaction,daylight,231,230,215
30.430583577875613,8.356395933231756,255.0,no_reaction,fluorescent,254,255,246
25.29398177311782,45.08670897226904,218.39679345485553,no_reaction,warm_indoor,218,212,179
31.5963303316942,3.8449964437427004,218.6004170302944,no_reaction,overcast,218,218,215
26.123452304682278,48.2296335815086,255.0,no_reaction,harsh_direct,255,249,206
31.269399750292692,0.0,222.6878812593581,no_reaction,daylight,222,222,222
28.924201528272473,9.34897087341959,240.2104001588802,no_reaction,fluorescent,240,239,231
26.46953345396197,10.491480460894149,209.88093013304072,no_reaction,warm_indoor,209,208,201
33.90865713832921,12.874979917724161,198.4148316030112,no_reaction,overcast,197,198,188
29.65215209432452,6.442879116425912,239.83434563386126,no_reaction,harsh_direct,239,239,233
38.18691595158309,27.598741171042832,246.80342240818226,no_reaction,daylight,239,246,220
41.479410186060285,28.83961725325213,255.0,no_reaction,fluorescent,243,255,226
33.74017111773688,29.420626782325268,233.90447479934363,no_reaction,warm_indoor,230,233,206
39.79441714942078,10.373226708291721,213.08297584733867,no_reaction,overcast,210,213,204
38.77196128579978,57.20732096003273,251.42046390036785,no_reaction,harsh_direct,234,251,195
30.029368395396233,25.826241153337214,255.0,no_reaction,daylight,254,255,229
33.006457645510714,0.0,246.5146618603428,no_reaction,fluorescent,246,246,246
27.361730502483766,10.938540557882932,255.0,no_reaction,warm_indoor,255,254,244
31.02854304094686,2.471264828061548,212.33850562229568,no_reaction,overcast,212,212,210
29.49440235096669,15.51772738863327,255.0,no_reaction,harsh_direct,255,254,239
31.29196338805127,45.72109661339321,255.0,no_reaction,daylight,252,255,209
33.170516477926036,22.552173185521045,246.78315037211485,no_reaction,fluorescent,244,246,224
25.289657840261363,58.32769448214787,225.90398523413577,no_reaction,warm_indoor,225,218,174
34.61402277116777,18.745250884518477,237.2401816437734,no_reaction,overcast,234,237,219
32.34439985786347,43.15974530384033,255.0,no_reaction,harsh_direct,251,255,211
32.05825362651984,0.0,255.0,no_reaction,daylight,255,255,255
36.02134418339,15.041024377153906,239.81637383507336,no_reaction,fluorescent,236,239,225
26.399217511772136,17.925753603176094,227.7632477620794,no_reaction,warm_indoor,227,225,211
31.362926262768568,15.188191445249078,245.78257519277287,no_reaction,overcast,245,245,231
31.195268323626568,0.0,248.92134772846364,no_reaction,harsh_direct,248,248,248
35.2397163057259,48.61610214256621,243.10250828186645,no_reaction,daylight,234,243,196
36.07317209350447,32.29898478823824,255.0,no_reaction,fluorescent,248,255,222
32.023214350121364,58.01297113835473,239.60479244916672,no_reaction,warm_indoor,235,239,185
38.21118107226366,60.27810491065024,225.79409888174507,no_reaction,overcast,210,225,172
34.50865261285156,57.33408706636218,254.88909841557333,no_reaction,harsh_direct,245,254,197
26.667622789197612,28.104700814829418,232.10195283558315,no_reaction,daylight,232,229,206
30.19664249008467,34.781988040716584,247.2974816815622,no_reaction,fluorescent,246,247,213
22.70945174172137,36.36796335331225,236.55399074632328,no_reaction,warm_indoor,236,228,202
29.213706757059917,8.158578426717565,228.24969260079905,no_reaction,overcast,228,228,220
27.191193251603256,47.0190039788359,255.0,no_reaction,harsh_direct,255,250,207
27.54458116886332,32.73882512460997,225.2446009705565,no_reaction,daylight,225,223,196
30.9888026628525,15.68455448006618,231.05128523292825,no_reaction,fluorescent,230,231,216
25.739208277571432,48.35524652172709,234.20561686964106,no_reaction,warm_indoor,234,228,189
30.234756538465607,0.0,216.40046965334164,no_reaction,overcast,216,216,216
28.355517829375508,34.582480830417545,248.51563444687554,no_reaction,harsh_direct,248,246,214
36.94110184395161,8.960860710490604,227.2498523152869,no_reaction,daylight,225,227,219
42.01825881234097,9.769259868380347,233.89857277747663,no_reaction,fluorescent,230,233,224
35.648908286640136,6.069575086222092,205.01770099605903,no_reaction,warm_indoor,204,205,200
39.18487733651934,9.750394180646465,209.5717029013704,no_reaction,overcast,207,209,201
36.355961321777585,22.21042618513723,255.0,no_reaction,harsh_direct,250,255,232
31.68928714349177,44.42701997390169,230.32346156269642,no_reaction,daylight,227,230,190
36.138679369162354,49.73449691592937,255.0,no_reaction,fluorescent,244,255,205
28.747397547894955,54.86621431774571,229.9572781837104,no_reaction,warm_indoor,229,228,180
31.979382444017144,49.70538290127623,222.42075762187937,no_reaction,overcast,219,222,179
31.493762813308887,94.17746933043614,255.0,no_reaction,harsh_direct,249,255,160
24.407903183370607,46.27236864333329,233.94495562527027,no_reaction,daylight,233,226,191
24.64079157995848,1.2588705137699367,255.0,no_reaction,fluorescent,255,254,253
19.55361356386946,49.625948729589574,242.456300338826,no_reaction,warm_indoor,242,226,195
22.284243497870744,38.130732901167306,199.68913923168765,no_reaction,overcast,199,192,169
22.743995199227708,19.921179295747997,246.03327775910827,no_reaction,harsh_direct,246,241,226
30.017827196146897,15.631864006369614,202.76245247257185,no_reaction,daylight,202,202,190
29.637975384394018,31.4529883421454,235.68403073771168,no_reaction,fluorescent,235,235,206
30.27166540841814,28.30262375737005,216.48026143355213,no_reaction,warm_indoor,216,216,192
28.67719702921918,0.0,192.94443023719356,no_reaction,overcast,192,192,192
30.778697371887326,20.96634947684568,255.0,no_reaction,harsh_direct,254,255,234
27.266314242512095,63.681524043148826,209.61971123642712,no_reaction,daylight,209,205,157
26.443893620579207,46.74234956823355,245.51116069666858,no_reaction,fluorescent,245,240,200
24.240388255691535,34.75506884464599,226.3965473750722,no_reaction,warm_indoor,226,220,195
26.780036855876528,57.16995380315338,220.82314146270227,no_reaction,overcast,220,215,171
26.61929650860128,64.02774753256203,255.0,no_reaction,harsh_direct,255,248,190
31.481587022450018,48.04612959996895,184.43236429933177,no_reaction,daylight,182,184,149
28.782721454993546,15.330527208180477,219.57967408126854,no_reaction,fluorescent,219,219,206
25.009331672092966,51.59285654983663,199.8869048818147,no_reaction,warm_indoor,199,193,159
25.44828907304565,30.61171927294875,187.41505664263323,no_reaction,overcast,187,184,164
27.406076675482016,67.11713937680378,233.88463721668785,no_reaction,harsh_direct,233,228,172
26.583310979090605,7.696809130075922,254.00124568450283,no_reaction,daylight,254,253,246
29.63567934134478,0.0,255.0,no_reaction,fluorescent,255,255,255
23.59858154035098,39.891921290122816,249.4825099135188,no_reaction,warm_indoor,249,241,210
34.52304307139499,28.418179533707026,225.4262812244514,no_reaction,overcast,221,225,200
28.166522468977274,25.374978943194034,255.0,no_reaction,harsh_direct,255,253,229
33.44895074993429,34.21453188013684,255.0,no_reaction,daylight,250,255,220
35.77370157680731,35.70129036517359,255.0,no_reaction,fluorescent,247,255,219
33.82872008616265,56.73067436097253,243.86384971869984,no_reaction,warm_indoor,236,243,189
34.367134749353674,36.77459558784332,247.13042916553616,no_reaction,overcast,241,247,211
30.907559333576792,62.13821703784496,242.9127623547576,no_reaction,harsh_direct,240,242,183
24.861127916623218,78.50538705492457,240.40608523372748,no_reaction,daylight,240,228,166
29.806878379995567,35.61537257910318,255.0,no_reaction,fluorescent,255,254,219
21.2219755659974,57.17863614022123,230.04553228279383,no_reaction,warm_indoor,230,215,178
26.195134854255738,58.79041465044056,218.0988729242008,no_reaction,overcast,218,211,167
25.930860991307913,46.51876815491427,253.36873551983297,no_reaction,harsh_direct,253,247,207
29.90710960716566,13.226251207103907,226.74711336647124,no_reaction,daylight,226,226,214
26.58023668759266,4.530512527459834,252.93705371494627,no_reaction,fluorescent,252,252,248
25.998184383784555,23.044469283182334,233.50304442648522,no_reaction,warm_indoor,233,230,212
29.188020463865694,0.0,222.9011929602559,no_reaction,overcast,222,222,222
27.17581842704998,0.0,255.0,no_reaction,harsh_direct,255,255,255
20.749334408363524,8.684877510469235,248.4735389244521,no_reaction,daylight,248,245,240
25.51893606540676,4.002274360848864,240.55168225325127,no_reaction,fluorescent,240,240,236
18.579777292860832,7.269223719502056,226.1015434091749,no_reaction,warm_indoor,226,223,219
25.107053448474737,14.969616661930033,201.15451299909967,no_reaction,overcast,201,199,189
25.096243628297405,18.69871239410369,255.0,no_reaction,harsh_direct,255,252,236
32.46065055207012,55.84874211403891,255.0,no_reaction,daylight,250,255,199
36.992682991298445,42.4122901370756,255.0,no_reaction,fluorescent,244,255,212
28.898541342294674,36.01209091596156,255.0,no_reaction,warm_indoor,255,253,218
31.349941163782454,39.17163999996379,245.63772103522916,no_reaction,overcast,243,245,207
28.653061858919255,50.25101517741974,255.0,no_reaction,harsh_direct,255,253,204
25.046827861469332,0.0,250.59417303172953,no_reaction,daylight,250,250,250
33.438298864551996,0.0,238.9539257884011,no_reaction,fluorescent,238,238,238
24.02552621648285,26.653936930198302,255.0,no_reaction,warm_indoor,255,249,228
24.416331766375674,1.5584670594597685,232.68916433712508,no_reaction,overcast,232,232,231
27.45853772877074,4.9420772276378875,232.45534908911173,no_reaction,harsh_direct,232,232,227
24.81937515985909,3.4823662094154164,255.0,no_reaction,daylight,255,254,251
25.919349072430027,7.874475662590495,253.93056444153365,no_reaction,fluorescent,253,252,246
24.708551099427027,13.116475540299449,225.0376431586405,no_reaction,warm_indoor,225,223,213
25.543614263046564,16.76022746457129,217.84752264710363,no_reaction,overcast,217,215,203
27.313236248234528,20.039920630877667,236.9793656671028,no_reaction,harsh_direct,236,235,218
28.981964483071415,36.47996792715902,239.12182487887958,no_reaction,daylight,239,238,204
31.371632865950687,31.834026586268166,255.0,no_reaction,fluorescent,253,255,223
28.375209980446833,52.71296189548037,225.73391965020414,no_reaction,warm_indoor,225,223,179
32.399471189777046,56.58921967010862,217.6499240626532,no_reaction,overcast,213,217,169
27.941677101916948,42.11209298613067,242.9257786364342,no_reaction,harsh_direct,242,240,202
25.07364110848529,37.994711857690504,242.3972351535005,no_reaction,daylight,242,236,206
26.170015142994888,33.52940808418687,233.93369437623434,no_reaction,fluorescent,233,230,203
21.39481349534876,29.034660356218275,236.40228222629742,no_reaction,warm_indoor,236,228,209
26.70014722168808,28.28671726936985,214.5762077878603,no_reaction,overcast,214,212,190
23.83967242302492,58.93286890314677,255.0,no_reaction,harsh_direct,255,243,196
38.93877924590565,25.744000405481323,242.09649456332693,no_reaction,daylight,234,242,217
42.53456398174932,31.618550902338715,255.0,no_reaction,fluorescent,241,255,223
36.05940611241489,58.12704166627311,255.0,no_reaction,warm_indoor,242,255,196
36.8215904044144,38.39094601133395,222.54124042264988,no_reaction,overcast,214,222,189
38.48399994312159,48.53444035381926,253.53237766216375,no_reaction,harsh_direct,239,253,205
24.886434263061755,55.1075408725586,199.34164155478317,no_reaction,daylight,199,192,156
32.13131823433528,24.83313160391191,230.97756475780258,no_reaction,fluorescent,229,230,208
22.27147960574687,25.58474375542044,203.4949817207701,no_reaction,warm_indoor,203,198,183
25.25494709842565,17.65533608669118,190.5250016092119,no_reaction,overcast,190,188,177
30.283733845325806,21.81792832126314,246.49506059676128,no_reaction,harsh_direct,246,246,225
35.70775386543966,0.0,236.28051757770515,no_reaction,daylight,236,236,236
37.02461404941245,14.980952095631556,255.0,no_reaction,fluorescent,251,255,240
32.22597135535556,0.33960372428740815,241.74855109727991,no_reaction,warm_indoor,241,241,241
35.18654353882227,4.52336185634649,223.81356134735975,no_reaction,overcast,223,223,219
34.10010761694468,11.501655789984518,251.23949583639126,no_reaction,harsh_direct,249,251,239
35.941134969481766,34.035355453585886,209.36268620471338,no_reaction,daylight,203,209,181
37.63099410256981,6.664494334064134,198.97828140320746,no_reaction,fluorescent,197,198,193
32.328321353875126,33.99138845992879,213.3571606891869,no_reaction,warm_indoor,210,213,184
38.69187148021193,42.68225491180236,192.37374877708046,no_reaction,overcast,182,192,160
30.97012226881804,39.74525232073012,222.9883149243209,no_reaction,harsh_direct,221,222,188
23.54674571749448,17.572222729107835,219.8023966922529,no_reaction,daylight,219,216,204
30.281786587484238,0.0,230.12414024797485,no_reaction,fluorescent,230,230,230
27.179151228974014,41.75276153819707,209.62563113642955,no_reaction,warm_indoor,209,206,175
27.358052943391822,0.0,228.21486380701077,no_reaction,overcast,228,228,228
27.284484995600096,22.462414651064247,218.7105371141262,no_reaction,harsh_direct,218,217,199
36.865926646059414,37.171591544841235,251.43824060708332,no_reaction,daylight,242,251,214
36.20491277312526,38.06382387004742,249.92042229136064,no_reaction,fluorescent,241,249,212
26.814154719382465,25.710110097043152,255.0,no_reaction,warm_indoor,255,252,229
34.63970623622701,52.22593763104506,194.5309249912341,no_reaction,overcast,188,194,154
34.79353966789692,53.71936325051722,239.76570500629037,no_reaction,harsh_direct,231,239,189
27.889861645183604,40.5519600700946,209.26089208559898,no_reaction,daylight,209,207,175
29.815357458433454,11.089881666490752,223.07602439664743,no_reaction,fluorescent,223,223,213
24.056227754509223,42.410554227757814,193.84036501052455,no_reaction,warm_indoor,193,187,161
31.27135448073032,0.0,224.89447046676725,no_reaction,overcast,224,224,224
28.583876173338584,39.8610489961383,217.49876391834584,no_reaction,harsh_direct,217,216,183
30.299923428320124,11.390551023646363,237.7392985076262,no_reaction,daylight,237,237,227
30.479549534338013,2.808086658483942,204.727935048855,no_reaction,fluorescent,204,204,202
23.406228485619597,51.747621405119425,223.12012780592056,no_reaction,warm_indoor,223,213,177
25.07971042087785,8.27453578603388,185.86883031783822,no_reaction,overcast,185,184,179
26.200591190211377,28.91928025338714,228.01917001313697,no_reaction,harsh_direct,228,224,202
35.34983844345968,10.157788404532,244.02328708963387,no_reaction,daylight,242,244,234
37.14672781446911,0.0,246.28231092012228,no_reaction,fluorescent,246,246,246
29.597104048056686,17.032532825507246,224.5101685586871,no_reaction,warm_indoor,224,224,209
34.88505260958768,22.97842418822762,237.20618785723818,no_reaction,overcast,233,237,215
34.81631956046785,0.0,228.10372562282657,no_reaction,harsh_direct,228,228,228
27.430740379924075,51.4448838440756,255.0,no_reaction,daylight,255,250,203
33.70145039466221,37.28470745415403,247.7608628911079,no_reaction,fluorescent,243,247,211
31.32924669172653,45.636569551048424,224.79397739962212,no_reaction,warm_indoor,222,224,184
30.09387283883958,27.584000594729183,241.5578299298682,no_reaction,overcast,241,241,215
28.661731960509876,41.34169530981748,248.09108930710192,no_reaction,harsh_direct,248,246,207
32.3039086500406,33.44756000101172,244.81981103727452,no_reaction,daylight,242,244,212
32.44864812322358,9.570163159438632,255.0,no_reaction,fluorescent,254,255,245
24.727183786777502,46.981753926282664,251.73439680608104,no_reaction,warm_indoor,251,243,205
29.791733367633675,10.04870523373318,255.0,no_reaction,overcast,255,254,244
31.89513908927267,32.007301189863696,255.0,no_reaction,harsh_direct,252,255,222
38.217992427864424,26.254925709683036,252.65154564275502,no_reaction,daylight,245,252,226
38.0341810378405,7.579923473673784,255.0,no_reaction,fluorescent,252,255,247
33.2918484716306,68.85877623672897,225.26513749168612,no_reaction,warm_indoor,218,225,164
35.8444655215696,26.20909386967719,247.89888310502215,no_reaction,overcast,242,247,222
35.75160674784381,21.8377397693615,253.77553676965113,no_reaction,harsh_direct,249,253,232
26.052062772031007,54.398824358364955,251.13072837203165,no_reaction,daylight,251,244,197
25.373307709344108,47.00198674012702,255.0,no_reaction,fluorescent,255,247,207
19.603255260085525,94.4923546053839,245.3227605656449,no_reaction,warm_indoor,245,214,154
25.070986742373805,37.541603354679474,242.83379336486587,no_reaction,overcast,242,237,207
23.0437194993929,62.098173079064644,255.0,no_reaction,harsh_direct,255,240,192
29.015413135533205,17.67543749515142,238.6749309935838,no_reaction,daylight,238,238,222
33.506280685482416,14.441556632705403,243.08677750475462,no_reaction,fluorescent,241,243,229
25.90717179404685,24.523884290634353,233.90195566869548,no_reaction,warm_indoor,233,230,211
27.77408714238911,0.8875948380005594,246.32088036854952,no_reaction,overcast,246,246,245
30.25782144552237,28.802511015827648,255.0,no_reaction,harsh_direct,254,255,226
31.151419093875784,7.148282188562767,208.43307879219498,no_reaction,daylight,208,208,202
34.93568968347373,22.63155904742023,235.82936027743494,no_reaction,fluorescent,232,235,214
28.052733175510706,42.21684901868745,199.6912008625967,no_reaction,warm_indoor,199,197,166
34.870981615480474,28.523843179240547,186.40681900710464,no_reaction,overcast,182,186,165
34.575531683856575,24.704317830640782,246.5427953075565,no_reaction,harsh_direct,242,246,222
38.766589668188,42.91346976995152,202.63722403497206,no_reaction,daylight,192,202,168
34.01374727321651,16.071203778212393,220.86517520330537,no_reaction,fluorescent,218,220,206
30.045008084806895,24.547611698102212,186.75097602560697,no_reaction,warm_indoor,186,186,168
38.19070522708891,42.48813542332404,195.0093831959524,no_reaction,overcast,185,195,162
32.48697909718593,13.608371290138741,255.0,no_reaction,harsh_direct,253,255,241
26.461297234222364,65.4913397417833,255.0,no_reaction,daylight,255,247,189
30.417686419661823,39.04957398560822,233.57596708818852,no_reaction,fluorescent,232,233,197
24.44561706838838,53.576662014842015,229.26669500160244,no_reaction,warm_indoor,229,220,181
26.135259911974238,59.40558944872285,255.0,no_reaction,overcast,255,247,195
29.637205416540446,52.2653713202203,255.0,no_reaction,harsh_direct,255,254,202
23.03300949431773,25.79938525364232,241.82160550042835,no_reaction,daylight,241,236,217
24.140967979819067,8.11259950506967,242.1395477778994,no_reaction,fluorescent,242,240,234
21.834791868082714,38.01219147043927,211.74104416490405,no_reaction,warm_indoor,211,203,180
24.324178306804427,25.242465994735422,234.97016406297718,no_reaction,overcast,234,230,211
24.868109273318893,30.482823887170014,255.0,no_reaction,harsh_direct,255,249,224
37.911502913879566,33.382886940592996,213.8905797852143,no_reaction,daylight,206,213,185
41.545796612770616,34.70157632825821,242.3827803332439,no_reaction,fluorescent,229,242,209
33.98915302923601,37.977669234326456,211.1315182116686,no_reaction,warm_indoor,206,211,179
40.353974268402894,27.872425996761926,189.998446265827,no_reaction,overcast,182,189,169
36.789197294991276,51.607983815414485,255.0,no_reaction,harsh_direct,242,255,203
30.97888640363936,32.560190955097326,219.08360514800484,no_reaction,daylight,218,219,191
30.0798852826333,32.04526737234117,247.80129457257658,no_reaction,fluorescent,247,247,216
31.698432381717947,62.10730827253669,242.07927119842134,no_reaction,warm_indoor,238,242,183
28.129861886157244,35.04847345391575,245.48794031814873,no_reaction,overcast,245,243,211
28.711283908678777,36.86835614970946,255.0,no_reaction,harsh_direct,255,253,218
29.09852543842084,48.8871599204422,254.15791605985422,no_reaction,daylight,254,252,205
32.109874659719054,50.84843313052318,255.0,no_reaction,fluorescent,251,255,204
23.578811141803815,60.65582612796992,233.5221196384714,no_reaction,warm_indoor,233,221,177
27.94295211513083,50.866175094957825,238.28568784478188,no_reaction,overcast,238,235,190
26.81504050220161,37.133597447184904,237.86329691223025,no_reaction,harsh_direct,237,234,203
33.22882213439547,21.337904468466693,227.80842638788494,no_reaction,daylight,225,227,208
32.445795430267786,10.013629945074607,255.0,no_reaction,fluorescent,254,255,244
29.445272353821498,41.502314010446526,218.3642539791498,no_reaction,warm_indoor,218,217,182
30.572289087802947,27.951061912720213,202.38919541723106,no_reaction,overcast,201,202,180
32.587166429469754,52.518922819011465,250.62075987123416,no_reaction,harsh_direct,245,250,199
29.23770293972398,19.625380393896116,236.44176484129991,no_reaction,daylight,236,236,218
34.73597485222119,15.467465986024916,252.00149567921667,no_reaction,fluorescent,249,252,236
27.000947797655,22.811210059415934,234.03128527064314,no_reaction,warm_indoor,234,232,213
33.4916061628584,11.296738333163056,231.22336698668494,no_reaction,overcast,229,231,220
30.594686879275866,28.024731046498836,255.0,no_reaction,harsh_direct,254,255,226
27.71675678554806,12.76842153814461,238.39469783560233,no_reaction,daylight,238,237,226
29.302165008167357,14.213255381319385,232.19420864624288,no_reaction,fluorescent,232,231,219
18.3336266025266,24.481583788788715,197.7398040996494,no_reaction,warm_indoor,197,190,178
28.36282373252833,8.104143036542519,255.0,no_reaction,overcast,255,254,246
27.800478318275616,8.749100014521165,254.12139816784264,no_reaction,harsh_direct,254,253,245
21.016018546220735,0.0,252.03581403462243,no_reaction,daylight,252,252,252
26.938459836378488,12.279052424591502,235.3047364175156,no_reaction,fluorescent,235,234,223
23.293563365212222,13.066399052445512,252.86183744508622,no_reaction,warm_indoor,252,250,239
27.54255689687044,0.0,221.82656168254564,no_reaction,overcast,221,221,221
22.571573135398687,25.296463769616192,250.84618052729638,no_reaction,harsh_direct,250,244,225
28.234937934413132,45.783015578775675,255.0,no_reaction,daylight,255,252,209
29.897432581530843,42.28361947361592,227.84482366314904,no_reaction,fluorescent,227,227,190
26.198070415454488,36.162698113355894,255.0,no_reaction,warm_indoor,255,250,218
26.72065567073616,35.1266737668804,234.36921776487205,no_reaction,overcast,234,231,202
29.810280955247304,61.76031865309466,254.11025354389608,no_reaction,harsh_direct,254,254,192
29.127038148931728,59.58006609004699,250.36537259101593,no_reaction,daylight,250,248,191
28.20063818195732,52.742575996481996,253.0083044951656,no_reaction,fluorescent,253,250,200
27.563675478422297,65.33510305349893,249.87465578654576,no_reaction,warm_indoor,249,245,185
31.32314325378227,29.44283199725655,199.1948216910373,no_reaction,overcast,198,199,176
27.822265010522216,46.96875646808609,239.7357187927456,no_reaction,harsh_direct,239,236,195
26.392427450130022,15.346520623921588,204.3401005642238,no_reaction,daylight,204,202,192
28.90254051998607,31.83982340716561,241.63774339915804,no_reaction,fluorescent,241,240,211
27.641824634091233,31.642922451873826,204.53845121204918,no_reaction,warm_indoor,204,202,179
32.18406700906948,25.855578827199466,188.49722860286187,no_reaction,overcast,186,188,169
28.699357343369275,22.34648818778992,234.38694744124984,no_reaction,harsh_direct,234,233,213
25.22468508209012,55.687584749261646,233.6215284071094,no_reaction,daylight,233,225,182
22.229311549466495,14.005715069178159,242.3567164290821,no_reaction,fluorescent,242,238,229
17.854406112282863,47.07989828156035,212.22888983458503,no_reaction,warm_indoor,212,196,173
20.093086403411093,29.571289414557466,226.1669322300565,no_reaction,overcast,226,217,199
21.82642659321336,53.98784587920346,241.25107055489826,no_reaction,harsh_direct,241,227,190
29.860975127560884,35.78438074671357,255.0,no_reaction,daylight,254,255,219
29.6015374793393,48.227343746308065,255.0,no_reaction,fluorescent,255,254,206
25.394905718830813,54.94432086891004,241.3738732967538,no_reaction,warm_indoor,241,233,189
34.06753642137935,49.505866318039416,239.6042492986313,no_reaction,overcast,233,239,193
30.30209683681428,47.35265370236462,255.0,no_reaction,harsh_direct,254,255,207
35.46383589711109,37.19030198147769,221.47704508782408,no_reaction,daylight,215,221,189
37.48640960456912,14.054735488424061,228.90233615608128,no_reaction,fluorescent,225,228,216
30.7836628408614,26.361461322198437,196.1854210764322,no_reaction,warm_indoor,195,196,175
35.49687117935289,11.309201577005078,206.82017933586042,no_reaction,overcast,205,206,197
32.78851889682348,14.835858962999984,222.40300277941554,no_reaction,harsh_direct,221,222,209
35.45660280141816,32.17058335904778,242.31804684638252,no_reaction,daylight,236,242,211
35.29038845587723,43.85282603241694,247.287537484517,no_reaction,fluorescent,239,247,204
31.632362138793404,60.9859412950634,211.82537981395433,no_reaction,warm_indoor,208,211,161
37.37567731889225,31.645053577289843,213.74770388017728,no_reaction,overcast,207,213,187
31.98983132961549,26.591078195576465,250.47391519443465,no_reaction,harsh_direct,248,250,224
28.99242891563321,0.0,254.50288238017052,no_reaction,daylight,254,254,254
29.291190732511275,11.96414710236471,252.2447709784239,no_reaction,fluorescent,252,252,240
22.53603876759704,42.574791639605735,252.3103402150091,no_reaction,warm_indoor,252,242,210
28.09292806377273,17.93630933775622,236.61710788218215,no_reaction,overcast,236,235,219
25.965711017768214,42.90683323122869,255.0,no_reaction,harsh_direct,255,249,212
24.57462475133394,57.98442777979082,255.0,no_reaction,daylight,255,244,197
29.047464810763675,22.299853242109954,229.10205890659034,no_reaction,fluorescent,229,228,209
25.563098397148366,63.384980850124826,211.3793445517124,no_reaction,warm_indoor,211,203,158
28.273732053878312,35.20329183036833,208.59676815592326,no_reaction,overcast,208,207,179
26.357514852383577,53.04019427082173,255.0,no_reaction,harsh_direct,255,248,201
25.554562135032516,0.0,222.90714439524177,no_reaction,daylight,222,222,222
27.972904695922793,0.0,213.46893743680863,no_reaction,fluorescent,213,213,213
22.403861457268476,24.081095628593623,224.20657709074354,no_reaction,warm_indoor,224,218,203
26.623748819778157,11.446601470807012,227.07492371328857,no_reaction,overcast,227,225,216
22.95378562285593,13.865355963367064,234.7543999242938,no_reaction,harsh_direct,234,231,221
24.494582014946694,28.15149818604656,255.0,no_reaction,daylight,255,249,226
28.89420714920161,0.0,255.0,no_reaction,fluorescent,255,255,255
19.020049051566694,35.2728212776377,226.3184312021445,no_reaction,warm_indoor,226,214,195
26.616707482224108,17.659150969178857,211.97320491717318,no_reaction,overcast,211,210,197
26.656458235466307,43.643497527795056,240.6127792701723,no_reaction,harsh_direct,240,236,199
31.334754710148747,34.05169382909041,246.8646114553176,no_reaction,daylight,245,246,213
31.12920098098865,13.159152564079768,235.83468329044769,no_reaction,fluorescent,235,235,223
28.059207900056027,51.34409539697824,216.10130236182863,no_reaction,warm_indoor,216,213,172
28.53572584876107,47.06882880358446,226.53152208180362,no_reaction,overcast,226,224,184
31.532829208485655,20.033577835874674,251.23627869499597,no_reaction,harsh_direct,250,251,231
34.09519854939124,41.88275623785548,241.80052990033897,no_reaction,daylight,236,241,202
36.531830859493134,17.078663498299576,238.51510029347784,no_reaction,fluorescent,234,238,222
30.65475372173112,27.482197130912493,227.23318635990591,no_reaction,warm_indoor,226,227,202
33.04252588919133,30.89604625297949,217.0883886113529,no_reaction,overcast,214,217,190
30.008994286411557,56.15816962477026,232.69576403352767,no_reaction,harsh_direct,232,232,181
27.814481741005622,34.18547110549193,255.0,no_reaction,daylight,255,252,220
31.26835929468931,20.142100768255247,250.1313256874086,no_reaction,fluorescent,249,250,230
29.077449795763933,44.62859016616341,255.0,no_reaction,warm_indoor,255,253,210
31.453327069396142,41.106278958842125,229.64331980621438,no_reaction,overcast,227,229,192
32.25103958754141,67.93207136495946,255.0,no_reaction,harsh_direct,249,255,187
31.602885908274235,49.6966241028868,224.06396231617168,no_reaction,daylight,221,224,180
34.38570219511519,45.99817126329346,255.0,no_reaction,fluorescent,247,255,209
30.663636883817713,39.98175430106095,245.31138070476328,no_reaction,warm_indoor,244,245,206
29.42367823878877,25.63781377536805,218.52661938569614,no_reaction,overcast,218,218,196
33.537707986621065,41.11771459550633,253.38154193084404,no_reaction,harsh_direct,248,253,212
33.62212752665918,45.30974996936675,221.9778125027875,no_reaction,daylight,216,221,182
34.53272862856373,3.2981164694287095,236.47430633526,no_reaction,fluorescent,235,236,233
28.496339576109673,52.28880955704826,193.35807965011537,no_reaction,warm_indoor,193,191,153
36.25220300622424,30.372165447637293,171.10799439666562,no_reaction,overcast,166,171,150
31.050245577334135,27.76264397615403,248.98825796336257,no_reaction,harsh_direct,247,248,221
25.265558337032374,7.383533050493302,236.09416364879917,no_reaction,daylight,236,235,229
30.460510976712225,2.237427177837694,255.0,no_reaction,fluorescent,254,255,252
25.511039469916206,5.897555627842298,245.32661664299445,no_reaction,warm_indoor,245,244,239
26.961451731869722,14.120993025720384,215.1701591297754,no_reaction,overcast,215,214,203
23.118139921840957,1.4948749880995087,255.0,no_reaction,harsh_direct,255,254,253
34.655913332579395,14.712605134235133,250.81504353912513,no_reaction,daylight,248,250,236
44.681610768785546,21.478099733955588,248.88883354787475,no_reaction,fluorescent,238,248,227
38.26214685177128,25.033971939291227,242.95295034198125,no_reaction,warm_indoor,236,242,219
40.717496443169495,2.578516868943163,234.42140150041058,no_reaction,overcast,233,234,232
40.5753322367474,13.85595659590106,242.54729619198662,no_reaction,harsh_direct,237,242,229
31.67298110256269,2.203241967827519,247.260659559879,no_reaction,daylight,247,247,245
28.717779099097136,0.0,252.98262979677986,no_reaction,fluorescent,252,252,252
25.005007767734774,9.244513247067184,234.76952957900522,no_reaction,warm_indoor,234,233,226
22.17122484224431,0.0,216.10746025454912,no_reaction,overcast,216,216,216
22.415166663583836,20.035453129378993,255.0,no_reaction,harsh_direct,255,250,234
26.13215566758065,7.201566364932873,238.59614116620278,no_reaction,daylight,238,237,231
30.197857629753557,47.202772564169685,246.89528541620723,no_reaction,fluorescent,246,246,201
22.088843595134524,58.5048975784833,242.40498511497037,no_reaction,warm_indoor,242,227,186
27.514129400762915,56.59462767889943,214.74339479376073,no_reaction,overcast,214,211,167
29.17065047437592,61.467405304893006,251.23154072935085,no_reaction,harsh_direct,251,249,190
32.31640008121742,18.59121294950491,231.7373294816212,no_reaction,daylight,230,231,214
36.3905568708241,13.7456147191394,241.07087988610647,no_reaction,fluorescent,238,241,228
30.738562028728534,37.85190152991421,224.37298984084316,no_reaction,warm_indoor,223,224,191
38.54243599995726,48.53198894422136,244.9607889850967,no_reaction,overcast,231,244,198
37.07577526023199,22.28186490134759,255.0,no_reaction,harsh_direct,249,255,232
33.04867744184304,26.540801232708542,247.35643756056703,no_reaction,daylight,244,247,221
35.22534699093841,30.308938386974077,237.09285082378608,no_reaction,fluorescent,231,237,208
33.0254269108054,0.0,233.72795624452834,no_reaction,warm_indoor,233,233,233
34.78617749009442,35.53116006809526,235.93771718000534,no_reaction,overcast,230,235,203
34.44870774274858,27.310510696578913,255.0,no_reaction,harsh_direct,250,255,227
23.156804498300367,16.910251703784628,213.6167773573066,no_reaction,daylight,213,210,199
27.99918226270782,45.612709636147535,201.21241137250075,no_reaction,fluorescent,201,198,165
20.144147287845627,5.6132096191600205,190.54632312801286,no_reaction,warm_indoor,190,189,186
22.92957423614067,5.683816026973249,190.76751156923774,no_reaction,overcast,190,189,186
22.9269484874146,14.171433948202871,228.2080332579896,no_reaction,harsh_direct,228,225,215
29.246009196707934,3.692887351584176,234.6115667617866,no_reaction,daylight,234,234,231
34.31885359228656,0.42555654131491005,251.56518787699827,no_reaction,fluorescent,251,251,251
23.56455963036001,28.991198481833766,239.8470993182741,no_reaction,warm_indoor,239,234,212
30.020036157851457,15.362065546754122,241.0020411039241,no_reaction,overcast,240,241,226
27.78532092337245,22.91241532652257,253.6972418421357,no_reaction,harsh_direct,253,252,230
27.734027887403705,21.390707703552046,224.37135921957486,no_reaction,daylight,224,223,205
27.844246029712117,19.076767559428863,255.0,no_reaction,fluorescent,255,253,235
21.898551815119177,34.28339682857564,242.2817709658384,no_reaction,warm_indoor,242,233,209
29.605622784484407,37.45953447806886,250.3885262853253,no_reaction,overcast,250,250,213
24.47509200567489,0.3145766230508684,255.0,no_reaction,harsh_direct,255,254,254
33.63720246717907,38.81676502452824,249.9330251980963,no_reaction,daylight,245,249,211
32.94541932747838,35.22479757490393,255.0,no_reaction,fluorescent,251,255,219
30.910599486316784,57.742924525893436,225.9677521815134,no_reaction,warm_indoor,224,225,174
33.51104665623556,40.46030306837379,232.21581291408415,no_reaction,overcast,227,232,195
29.125619630497937,12.508224518587333,248.3298758000425,no_reaction,harsh_direct,248,248,236
23.63200804401088,0.0,244.3059101317065,no_reaction,daylight,244,244,244
27.91198462176945,7.254601732114417,236.0710831224686,no_reaction,fluorescent,236,235,229
26.5504640091877,15.8327654141418,222.97262085387672,no_reaction,warm_indoor,222,221,209
27.840049790457286,0.0,221.3083703482531,no_reaction,overcast,221,221,221
26.834640086182457,2.6900142608159854,255.0,no_reaction,harsh_direct,255,254,252
34.12600779965413,0.5350839871938593,224.02003817584963,no_reaction,daylight,223,224,223
42.66439531998144,0.0,230.17130132639025,no_reaction,fluorescent,230,230,230
38.90067022430604,28.08821038279639,215.84572831681731,no_reaction,warm_indoor,208,215,192
37.45149636205383,2.350284113487805,230.41890684404405,no_reaction,overcast,229,230,228
38.481111079042925,29.007928498127022,255.0,no_reaction,harsh_direct,246,255,225
33.25496137260839,45.400334841741724,255.0,no_reaction,daylight,249,255,209
31.308416587484686,13.784955069947422,241.1385574155755,no_reaction,fluorescent,240,241,228
27.707582016422386,56.922683335661404,252.71675889463094,no_reaction,warm_indoor,252,248,196
32.26150158392254,18.53126734907916,240.29846610468684,no_reaction,overcast,238,240,222
31.874453421981553,43.76046906925681,241.70894741491475,no_reaction,harsh_direct,238,241,200
27.94742487901389,30.42576296074638,255.0,no_reaction,daylight,255,253,224
34.00553697821598,37.679174679564895,239.44926734081514,no_reaction,fluorescent,234,239,204
26.897615206641557,48.464666347203284,255.0,no_reaction,warm_indoor,255,250,206
33.41655203245351,24.939463547422235,220.0280727706002,no_reaction,overcast,217,220,198
26.789588207729327,37.51720196186422,255.0,no_reaction,harsh_direct,255,251,217
29.39306501333286,35.2542672244345,234.77017015204314,no_reaction,daylight,234,234,202
31.42632415714248,21.118182463950056,242.28862321884637,no_reaction,fluorescent,241,242,222
26.840799498171556,34.41940131116566,230.74538931281847,no_reaction,warm_indoor,230,227,199
27.47804936149495,6.9131061600938395,221.69668537348875,no_reaction,overcast,221,221,215
28.640242822960374,44.99452618485728,252.91314061408335,no_reaction,harsh_direct,252,251,208
28.433189327126474,9.184038979916576,237.27520152268272,no_reaction,daylight,237,236,228
30.73112451461622,13.258689474393293,255.0,no_reaction,fluorescent,254,255,241
27.515298304274765,50.490521347899744,255.0,no_reaction,warm_indoor,255,251,204
31.094270673324495,32.686484414080155,229.77726736669433,no_reaction,overcast,228,229,200
26.89208452367356,28.4332388549264,254.5946810834057,no_reaction,harsh_direct,254,251,226
29.568515615338335,26.487538715046796,244.66979805419572,no_reaction,daylight,244,244,219
31.918170103004908,4.317564969634928,251.02576092261364,no_reaction,fluorescent,250,251,246
27.38569357956176,32.366598347087574,229.57287962130977,no_reaction,warm_indoor,229,227,200
30.03618887642962,15.106942308955022,239.11884556459245,no_reaction,overcast,239,239,224
26.597863129252957,64.85444685375975,255.0,no_reaction,harsh_direct,255,247,190
31.345593372309658,40.57205416459233,255.0,no_reaction,daylight,252,255,214
33.051793950169554,22.92442302349163,245.65219536532453,no_reaction,fluorescent,243,245,223
24.372400022782514,43.48152794337819,224.93050839476598,no_reaction,warm_indoor,224,217,186
32.47945065795514,21.515754346819293,203.8643968135937,no_reaction,overcast,202,203,186
35.674982757690564,52.866606749003516,254.6344096108254,no_reaction,harsh_direct,244,254,201
29.55390322183293,15.742618138366867,235.07128729692215,no_reaction,daylight,235,234,220
37.13810794074399,9.608929719205406,235.7719981453091,no_reaction,fluorescent,233,235,226
30.489001911895535,33.800993910769066,233.41011601596523,no_reaction,warm_indoor,232,233,202
36.285892953144156,27.58528885265138,242.52032076999248,no_reaction,overcast,236,242,216
31.063680172180998,42.56638630468291,255.0,no_reaction,harsh_direct,253,255,212
31.663838980011644,50.7933548990336,232.64100175573913,no_reaction,daylight,229,232,186
28.25310316176629,23.856163463505794,245.45717395067578,no_reaction,fluorescent,245,244,222
28.530205985547745,59.57516352980709,237.3535157763907,no_reaction,warm_indoor,237,234,181
29.249957399011965,47.29616893555087,223.0739661273577,no_reaction,overcast,223,222,181
29.008639999649976,68.17307285803986,255.0,no_reaction,harsh_direct,255,253,186
30.290927737748994,28.069669446960575,235.51530684470595,no_reaction,daylight,235,235,209
31.76922358928602,15.73199175743555,255.0,no_reaction,fluorescent,253,255,239
27.832112167415247,52.93376372017978,237.4416116259826,no_reaction,warm_indoor,237,234,188
37.211301569116685,16.920356694928575,249.34646323736223,no_reaction,overcast,245,249,232
31.411727699667786,52.705210231156585,253.59784334030797,no_reaction,harsh_direct,250,253,201
28.976078804205184,56.126954369339096,227.53170826265705,no_reaction,daylight,227,226,177
28.976149564282533,36.900226419545966,255.0,no_reaction,fluorescent,255,253,218
22.48875541928419,56.17723985035653,255.0,no_reaction,warm_indoor,255,241,198
30.190399191606875,62.26877169810129,235.69718998494284,no_reaction,overcast,235,235,178
27.573177873684127,41.31764088323747,234.5474855430914,no_reaction,harsh_direct,234,231,196
24.31910262612389,42.74047168782481,255.0,no_reaction,daylight,255,247,212
23.53398571982472,0.0,247.01380097296308,no_reaction,fluorescent,247,247,247
20.721838512732162,4.986714027504382,226.0703390586329,no_reaction,warm_indoor,226,224,221
24.08756570158969,36.26594390804115,247.47986921611502,no_reaction,overcast,247,240,212
23.26769518975752,10.522681592702392,255.0,no_reaction,harsh_direct,255,252,244
30.32845516224637,53.486002989104634,243.87604746632945,no_reaction,daylight,243,243,192
29.68797361602243,64.58840966877351,230.99416214902402,no_reaction,fluorescent,230,230,172
26.702756932048295,61.63678220440849,243.9353745539746,no_reaction,warm_indoor,243,237,184
24.986852319843063,72.6898740306724,207.3676017709106,no_reaction,overcast,207,197,148
27.76812818238214,55.83027149023499,255.0,no_reaction,harsh_direct,255,251,199
30.686944369406124,20.74761296410014,233.55533350667304,no_reaction,daylight,233,233,214
31.64471203741778,7.407279996113841,235.85411144586465,no_reaction,fluorescent,235,235,229
25.008815994097795,40.08303802757003,196.4957133064609,no_reaction,warm_indoor,196,191,165
35.736895915787194,22.55504286278984,225.69619290515539,no_reaction,overcast,221,225,205
31.227641470335243,38.23044351715069,255.0,no_reaction,harsh_direct,253,255,216
34.2471474082052,15.040274213225906,247.26009519339442,no_reaction,daylight,245,247,232
37.83800467134007,35.90689885624147,255.0,no_reaction,fluorescent,245,255,219
30.195040962729088,56.236752230668294,203.7434087086656,no_reaction,warm_indoor,203,203,158
39.89340022392408,64.80079773656074,191.01122107675488,no_reaction,overcast,174,191,142
34.346223102460634,60.91790156066028,251.17029177323934,no_reaction,harsh_direct,242,251,191
28.588955179976228,17.778431651967814,255.0,no_reaction,daylight,255,254,237
31.917273287733824,0.0,244.72475241904965,no_reaction,fluorescent,244,244,244
26.416441134934566,8.85518042135086,249.49321533228996,no_reaction,warm_indoor,249,248,240
29.859143172584947,0.0,221.4320710425343,no_reaction,overcast,221,221,221
29.293599421132352,0.0,255.0,no_reaction,harsh_direct,255,255,255
33.398436035196106,25.474560374032453,244.42808942347546,no_reaction,daylight,241,244,220
36.30212465632677,8.965879213898292,255.0,no_reaction,fluorescent,253,255,246
28.418532696721982,29.824893537542508,213.0644078788998,no_reaction,warm_indoor,213,211,188
35.580352424161966,0.0,194.42411663034062,no_reaction,overcast,194,194,194
32.873965431798396,11.320136902969107,255.0,no_reaction,harsh_direct,253,255,243
28.76652811832609,12.64345669973066,244.25263269393162,no_reaction,daylight,244,243,232
28.496562582486007,0.38374423922055545,255.0,no_reaction,fluorescent,255,254,254
23.767244148556372,31.593948158269654,255.0,no_reaction,warm_indoor,255,248,223
29.624762708610206,16.657463044864414,241.41829439795038,no_reaction,overcast,241,241,225
30.317934250934396,22.736757845523456,253.56163296936177,no_reaction,harsh_direct,253,253,230
25.19525885279452,11.53777350803555,222.45385679108097,no_reaction,daylight,222,220,212
34.82132723901251,15.77200350563163,231.35830846861626,no_reaction,fluorescent,228,231,217
24.269912177950633,33.31407006053415,213.43069687923816,no_reaction,warm_indoor,213,208,185
27.19269887050641,26.498099480680267,249.76279618662102,no_reaction,overcast,249,247,223
29.891787291331624,19.38249660013195,245.80182411134723,no_reaction,harsh_direct,245,245,227
28.205013600963373,21.38153010827745,236.4529677267914,no_reaction,daylight,236,235,216
32.99941172195487,42.14986057145456,236.0496358091067,no_reaction,fluorescent,231,236,197
26.73576816197678,44.83123426953023,212.85006597211384,no_reaction,warm_indoor,212,208,175
32.045847116450254,47.12829000592435,203.542923592298,no_reaction,overcast,200,203,165
29.735381101162012,55.25861359417914,255.0,no_reaction,harsh_direct,255,254,199
32.39990102304362,24.202986708049067,200.2112282087828,no_reaction,daylight,198,200,181
32.96125291585441,34.52078020665623,233.8986778824667,no_reaction,fluorescent,230,233,202
32.32976627612365,44.29334620143182,206.83265572908016,no_reaction,warm_indoor,203,206,170
31.61801752842318,31.76439449039295,204.6390820118151,no_reaction,overcast,203,204,179
32.06198245964865,32.24265888673267,239.23154991754387,no_reaction,harsh_direct,236,239,208
23.82502022449496,0.0,241.4034819732745,no_reaction,daylight,241,241,241
27.362086771340064,20.246543412181694,237.6386448102135,no_reaction,fluorescent,237,236,218
19.864969635619456,21.841555092166395,246.35963751985088,no_reaction,warm_indoor,246,239,225
23.706294319992477,7.007564460475272,203.10538615708464,no_reaction,overcast,203,201,197
29.863527261587134,41.272424632591154,255.0,no_reaction,harsh_direct,254,255,213
28.030524149999483,19.822168146894647,251.4926211372804,no_reaction,daylight,251,250,231
31.458888456512728,11.600063643224642,255.0,no_reaction,fluorescent,254,255,243
21.3536591772845,22.51670431351635,255.0,no_reaction,warm_indoor,255,248,232
32.52516165636998,23.460215243665782,227.6269398082693,no_reaction,overcast,225,227,206
28.131899360820256,15.728046026869174,252.9113433241181,no_reaction,harsh_direct,252,252,237
37.726333624414615,49.49265847822555,233.75097373308768,no_reaction,daylight,221,233,188
39.837096750677205,14.537175746624676,249.48781612854208,no_reaction,fluorescent,244,249,235
31.646474019311892,48.32365056783694,242.1441934293735,no_reaction,warm_indoor,239,242,196
38.191052069524396,34.48658496982925,235.51056795098762,no_reaction,overcast,226,235,203
35.24723047544168,33.33858224325243,250.2845577644071,no_reaction,harsh_direct,244,250,217
28.55826935751844,25.86114153583714,255.0,no_reaction,daylight,255,253,229
30.434753439581126,51.26708952030707,255.0,no_reaction,fluorescent,253,255,203
22.43492969710967,67.88030694067723,230.6938463973812,no_reaction,warm_indoor,230,215,169
28.294801630951802,44.53617737717376,223.9747862117597,no_reaction,overcast,223,221,184
24.576274418528385,46.1612317941736,242.1659867841393,no_reaction,harsh_direct,242,234,198
32.247637045230405,37.17977116100628,204.9662374982242,no_reaction,daylight,202,204,175
35.94576576733846,26.695410393249453,255.0,no_reaction,fluorescent,249,255,228
29.420761992949288,38.15290905262138,221.14436984013633,no_reaction,warm_indoor,221,220,188
31.070892784374436,21.23103789894719,216.0558311389034,no_reaction,overcast,215,216,198
31.10397832994726,23.286780196040297,235.44567784411674,no_reaction,harsh_direct,234,235,213
30.64962718793532,3.3218596702799985,235.7997846172479,no_reaction,daylight,235,235,232
37.01979471307538,4.622704161256371,251.04718024944177,no_reaction,fluorescent,249,251,246
36.24970285309336,17.707850722016744,216.0606570074134,no_reaction,warm_indoor,212,216,201
39.48048914197145,14.758903548208608,197.00551721504246,no_reaction,overcast,193,197,185
37.57857366316211,9.766955829612911,255.0,no_reaction,harsh_direct,252,255,245
31.220798366825054,38.89817033933264,237.44008915434063,no_reaction,daylight,235,237,201
31.863540153662086,40.42974572264494,220.6534919179702,no_reaction,fluorescent,218,220,185
33.481282070174586,72.27646562425322,239.0432728040826,no_reaction,warm_indoor,230,239,171
31.45224286727297,30.82455901666562,217.7011294834799,no_reaction,overcast,216,217,191
33.72615135212342,43.527430062514995,255.0,no_reaction,harsh_direct,249,255,211
34.750765270537514,51.809507655267495,243.04458487463006,no_reaction,daylight,234,243,193
41.326348977709536,64.71502003971435,234.54506937469495,no_reaction,fluorescent,211,234,175
28.500737646383037,62.50151624100644,207.4099151929923,no_reaction,warm_indoor,207,205,156
35.78168534892817,59.95779053468199,220.5847318180614,no_reaction,overcast,210,220,168
37.11306525250812,78.69872674970388,255.0,no_reaction,harsh_direct,235,255,176
30.003476126091773,39.07932641214216,241.83525678476366,no_reaction,daylight,241,241,204
30.320248519409866,20.062685300164215,255.0,no_reaction,fluorescent,254,255,234
26.02670019876044,20.834252487549442,251.90090835579605,no_reaction,warm_indoor,251,249,231
27.518233614037023,28.29744260432985,216.49243171801265,no_reaction,overcast,216,214,192
27.412916718193372,32.588536083446805,250.10252083707846,no_reaction,harsh_direct,250,247,218
35.97045013368046,23.676928721303604,250.64711920126706,no_reaction,daylight,245,250,227
36.85060991295142,0.0,255.0,no_reaction,fluorescent,255,255,255
27.9490910933503,28.212076091327383,249.77713659147292,no_reaction,warm_indoor,249,248,222
36.292915268343215,0.0,219.35741525049187,no_reaction,overcast,219,219,219
32.546634644928616,30.513834286675316,241.77000909904757,no_reaction,harsh_direct,239,241,212
30.275630356187918,0.0,251.69461638235634,no_reaction,daylight,251,251,251
30.498698859651093,0.0,255.0,no_reaction,fluorescent,255,255,255
27.37964482260171,14.486642419112219,255.0,no_reaction,warm_indoor,255,253,240
29.278757014697252,9.707814482095442,223.3628680502512,no_reaction,overcast,223,223,214
31.761445230260712,22.437631938502093,250.16628851461962,no_reaction,harsh_direct,248,250,228
30.638787379700382,31.213964559446474,255.0,no_reaction,daylight,254,255,223
32.2345270916731,7.682517633168034,252.01746171900015,no_reaction,fluorescent,251,252,244
25.266664579538592,5.272512585791825,219.58509921307666,no_reaction,warm_indoor,219,218,215
33.03666170894241,13.797907438753578,229.13120795191273,no_reaction,overcast,227,229,216
30.24851720808647,18.263408127884468,255.0,no_reaction,harsh_direct,254,255,236
26.997681732671214,51.480926468604096,255.0,no_reaction,daylight,255,250,203
33.61198680090849,39.83564614792433,228.5411303827342,no_reaction,fluorescent,224,228,192
26.51458075349042,20.519890220876306,228.9277942389223,no_reaction,warm_indoor,228,226,210
29.394025511753966,39.889066488179175,222.69150189891442,no_reaction,overcast,222,222,187
30.914733692345493,42.298225486583185,255.0,no_reaction,harsh_direct,253,255,212
156.79762976669556,188.6590050643976,93.71026113698832,opiates_purple,daylight,93,24,75
157.08153188621588,198.50144476268795,100.44552878011584,opiates_purple,fluorescent,100,22,79
155.91051277009552,217.49824098524806,87.52024562679803,opiates_purple,warm_indoor,87,12,70
158.4233840362789,194.06453987543392,76.38774847015543,opiates_purple,overcast,76,18,58
158.63447029158326,182.36321723684574,116.15879608462103,opiates_purple,harsh_direct,116,33,89
154.4393742767022,203.8367884716037,88.67162396260551,opiates_purple,daylight,88,17,76
154.86498198350034,190.332511533827,107.07594448971972,opiates_purple,fluorescent,107,27,91
152.4497521951207,164.1375999556171,64.54083359728057,opiates_purple,warm_indoor,64,22,59
156.75695036571403,202.0254000279397,63.770587614554344,opiates_purple,overcast,63,13,50
154.63582947929333,210.96671309174536,113.7724095743933,opiates_purple,harsh_direct,113,19,96
147.89067598935895,205.47956930796337,84.10210529971087,opiates_purple,daylight,81,16,84
148.42309066855304,166.495477491521,80.29692701437884,opiates_purple,fluorescent,78,27,80
144.50020355380724,201.57808530509016,90.28879352025254,opiates_purple,warm_indoor,79,18,90
151.96990079409522,219.08192061376565,55.9260549720337,opiates_purple,overcast,55,7,51
151.4698938081372,190.5539604021091,105.53074298482134,opiates_purple,harsh_direct,105,26,99
152.73732242433556,163.91216955332303,92.63117316394693,opiates_purple,daylight,92,33,85
157.02925372308542,179.2896304664293,110.14507119479038,opiates_purple,fluorescent,110,32,89
148.31871717196847,174.5515998244248,89.79808242092346,opiates_purple,warm_indoor,88,28,89
152.7447175064584,187.5609696103654,48.4358058595697,opiates_purple,overcast,48,12,44
157.77159944059403,176.40791493939005,132.4890618652275,opiates_purple,harsh_direct,132,40,106
151.4004572415746,172.76394005845071,150.54715574030868,opiates_purple,daylight,150,48,142
152.07142729508965,171.39158578364578,145.5052642803257,opiates_purple,fluorescent,145,47,135
147.1720528520611,202.43009936059218,103.63809802576331,opiates_purple,warm_indoor,98,21,103
149.61222509151375,177.5922202844341,107.54443709346016,opiates_purple,overcast,107,32,106
151.7531018689978,169.66470382846163,149.64373680034066,opiates_purple,harsh_direct,149,50,141
152.82602005318157,157.92166020388973,81.24912704744845,opiates_purple,daylight,81,30,75
154.81739451897488,160.52618086812706,104.50371159858568,opiates_purple,fluorescent,104,38,92
153.3337136342452,155.47216302228375,88.64138118351693,opiates_purple,warm_indoor,88,34,81
153.13452737469274,149.42215950338098,72.27414521094184,opiates_purple,overcast,72,29,66
155.19479353975973,166.34904026831003,100.75810296515232,opiates_purple,harsh_direct,100,35,87
157.75220598099608,175.21578497245687,124.98216193884987,opiates_purple,daylight,124,39,100
160.3554687958975,169.60068660065858,135.50946350482542,opiates_purple,fluorescent,135,45,101
153.08758837073867,182.53393100889105,108.85021042602652,opiates_purple,warm_indoor,108,30,98
155.1797538462155,149.37034810652267,88.72578019665843,opiates_purple,overcast,88,36,78
157.46661781698867,162.92415124804705,128.61815318492987,opiates_purple,harsh_direct,128,46,105
153.97301712164582,194.6798547901025,119.33268443572335,opiates_purple,daylight,119,28,104
156.20045436335187,159.56033351322634,146.85084975181653,opiates_purple,fluorescent,146,54,125
152.94512890232346,220.87230942356194,119.7727456735178,opiates_purple,warm_indoor,119,16,106
154.57493457912952,179.7459654264463,100.14078486265478,opiates_purple,overcast,100,29,87
153.18372798643975,167.23833219325348,139.44611209008028,opiates_purple,harsh_direct,139,47,127
157.4538497692352,196.48492658170235,41.86028101267287,opiates_purple,daylight,41,9,32
158.42677945678992,188.89777241832354,42.83570069494189,opiates_purple,fluorescent,42,11,32
151.29462748405763,186.70316360171324,63.779082197706884,opiates_purple,warm_indoor,63,17,60
155.21990311781704,188.5304938161406,45.30068715894758,opiates_purple,overcast,45,11,38
157.8853381727128,195.43274535436396,74.30307437063381,opiates_purple,harsh_direct,74,17,57
147.74306371455853,192.56092869105265,70.3195593443143,opiates_purple,daylight,67,17,70
157.06369700084633,177.23003301688297,82.35866232279763,opiates_purple,fluorescent,82,25,67
149.67105292890233,194.72363400152497,85.40252388966553,opiates_purple,warm_indoor,85,20,84
149.72850379052852,177.63244743413145,38.40406228828253,opiates_purple,overcast,38,11,37
147.30884746645893,204.06579424785858,110.96876835407375,opiates_purple,harsh_direct,105,22,110
151.98577627125573,195.84869126732264,128.6227448852928,opiates_purple,daylight,128,29,119
156.61231047106548,193.31457304004172,166.576255434619,opiates_purple,fluorescent,166,40,135
150.09419706954804,188.00024876283763,119.32101415020682,opiates_purple,warm_indoor,119,31,116
157.7632782118425,186.98098866552579,112.35389851483878,opiates_purple,overcast,112,29,88
156.79098169751353,194.2214708037338,140.17846312674254,opiates_purple,harsh_direct,140,33,112
148.62431457144348,185.53090508017803,107.55418559393684,opiates_purple,daylight,106,29,107
147.9900471270498,176.7247915655431,92.13733451759151,opiates_purple,fluorescent,89,28,92
143.40856413794344,181.69172951158316,73.77389511976821,opiates_purple,warm_indoor,63,21,73
147.92378272375464,168.8341999262809,86.54603487291166,opiates_purple,overcast,84,29,86
147.9831624446445,145.9637500105062,130.91130024494473,opiates_purple,harsh_direct,127,55,130
159.99478713476253,173.17235331647183,87.81232211491087,opiates_purple,daylight,87,28,66
160.11648199518956,190.39689605990904,85.6323726486277,opiates_purple,fluorescent,85,21,62
154.6439222465459,189.91934721413364,85.75423144716612,opiates_purple,warm_indoor,85,21,74
158.9564613189274,182.2450487354303,56.39259537591765,opiates_purple,overcast,56,16,43
161.86363749687507,205.58453341911164,94.82076297170772,opiates_purple,harsh_direct,94,18,62
157.06665621620812,190.9704445745124,53.78388485156252,opiates_purple,daylight,53,13,43
157.85866366856195,244.41680681567857,54.99057191912017,opiates_purple,fluorescent,54,2,39
154.0231047946269,226.15595084257387,80.1315693538382,opiates_purple,warm_indoor,80,9,68
154.88814868797397,217.9038627099164,32.65956261074844,opiates_purple,overcast,32,4,27
153.0969243304674,233.05086697268882,84.7765378553461,opiates_purple,harsh_direct,84,7,74
149.3472714948955,185.36060805763563,94.72999723936444,opiates_purple,daylight,94,25,94
151.53355604713815,158.52204582395154,116.63340905174691,opiates_purple,fluorescent,116,44,110
151.71219276280377,170.6247605183441,100.81541300675576,opiates_purple,warm_indoor,100,33,95
152.05288251686784,191.7559536932132,108.71170862050175,opiates_purple,overcast,108,26,100
149.66985351000514,154.20704992371478,102.74076096969,opiates_purple,harsh_direct,102,40,101
160.25685531258105,170.36825330024544,50.700323735941495,opiates_purple,daylight,50,16,38
161.65034623315185,169.072587176878,83.5218022009625,opiates_purple,fluorescent,83,28,60
153.25173245645857,182.00611449384033,30.848589516036768,opiates_purple,warm_indoor,30,8,27
161.4239044886288,161.9817809250493,36.77440450134375,opiates_purple,overcast,36,13,27
155.43114455572194,168.43392040560775,89.8662609348469,opiates_purple,harsh_direct,89,30,77
160.07772530780133,170.14569291224,94.19732347486259,opiates_purple,daylight,94,31,71
163.54746103788003,155.06518475832252,115.74218409188389,opiates_purple,fluorescent,115,45,81
154.59703297014738,184.56398369099722,80.41621923507364,opiates_purple,warm_indoor,80,22,69
157.92604118126349,164.5729449423815,63.574790146659296,opiates_purple,overcast,63,22,51
157.23624925087893,167.42228796981877,124.764890072691,opiates_purple,harsh_direct,124,42,102
155.44985795816066,200.94178909694168,66.22698290629862,opiates_purple,daylight,66,14,55
158.2258536083704,178.25768414295018,110.39370188121903,opiates_purple,fluorescent,110,33,86
155.50966135790335,215.15006420303305,76.48751178824509,opiates_purple,warm_indoor,76,11,62
158.55223090963105,173.56833582146015,53.44626439674009,opiates_purple,overcast,53,17,42
158.06679551077295,192.19830180582989,91.7590155900525,opiates_purple,harsh_direct,91,22,71
149.78509058209264,160.24549898259434,135.74942599994003,opiates_purple,daylight,135,50,133
154.36909268209874,160.43733197796632,176.95611818726664,opiates_purple,fluorescent,176,65,157
146.95219354290316,195.37737832690217,151.09896584564973,opiates_purple,warm_indoor,142,35,151
152.39308361864468,142.23953928486094,126.65926641754263,opiates_purple,overcast,126,56,119
151.61666464535864,181.50214969025075,165.5546537679274,opiates_purple,harsh_direct,165,47,155
153.0346090660346,188.0490242841608,73.79757138297316,opiates_purple,daylight,73,19,66
159.15071132808833,169.14873386574962,73.73363903754658,opiates_purple,fluorescent,73,24,57
156.22878488586358,174.2968639265859,61.90683153106339,opiates_purple,warm_indoor,61,19,51
156.69117332129122,177.4908992939363,23.553948480811826,opiates_purple,overcast,23,7,19
156.14638574950166,170.36429157496502,55.094579299467114,opiates_purple,harsh_direct,55,18,46
146.4535830961149,161.71256877853426,117.07698816392636,opiates_purple,daylight,110,42,117
147.79016931187462,113.15062817713388,119.41491180697646,opiates_purple,fluorescent,116,66,119
144.9225797299994,169.88699824984485,99.49120124000024,opiates_purple,warm_indoor,90,33,99
147.17641831922194,129.87379962038807,96.55228373155158,opiates_purple,overcast,93,47,96
143.9570255808644,158.14847875009102,160.36213807009338,opiates_purple,harsh_direct,142,60,160
155.34629049476544,185.09393389059073,103.88520024615786,opiates_purple,daylight,103,28,88
159.95717733777587,182.60150291129273,130.96268573530182,opiates_purple,fluorescent,130,37,97
158.3180248067372,230.63066176818285,107.82127513832528,opiates_purple,warm_indoor,107,10,77
156.7436134079218,197.5190400894685,94.05297910890864,opiates_purple,overcast,94,21,75
158.45576080956687,204.6250399409508,144.34193836965397,opiates_purple,harsh_direct,144,28,108
144.17825024104562,166.43142356418576,100.3884739690079,opiates_purple,daylight,89,34,100
148.97741666829853,157.09713763839062,120.93417450762051,opiates_purple,fluorescent,120,46,120
143.02842519127117,182.42234872213638,90.33407470048579,opiates_purple,warm_indoor,77,25,90
149.18183524494958,156.49311981794094,88.69583311532485,opiates_purple,overcast,88,34,88
146.55326868614415,169.43872571325318,134.18107096074948,opiates_purple,harsh_direct,126,45,134
153.34122951258615,198.11313926646193,131.53317259764765,opiates_purple,daylight,131,29,117
154.88804829443367,177.6140250088262,155.61976409818394,opiates_purple,fluorescent,155,47,134
150.577622200833,174.7262129380282,103.88296973973777,opiates_purple,warm_indoor,103,32,100
153.06079238199405,183.83789331104126,106.06467159067697,opiates_purple,overcast,106,29,96
151.96416324678898,197.79871082417782,138.4123102192678,opiates_purple,harsh_direct,138,31,128
138.78725685450516,184.81249478355792,67.15552075726954,opiates_purple,daylight,50,18,67
141.21746374830408,179.8533238801794,76.92529923839125,opiates_purple,fluorescent,62,22,76
135.3107462349666,210.09353034076824,76.19312271849438,opiates_purple,warm_indoor,47,13,76
137.02927777177572,205.4485491121664,50.997222063466594,opiates_purple,overcast,34,9,50
140.7240415521309,196.2780191372083,76.98207980145759,opiates_purple,harsh_direct,60,17,76
154.44593916243377,184.76831977127281,57.3740489338373,opiates_purple,daylight,57,15,50
157.55181324053208,173.1701733156502,90.71645732330873,opiates_purple,fluorescent,90,29,73
152.48646731875198,216.146779776814,56.715243798476635,opiates_purple,warm_indoor,56,8,51
155.8315803917237,179.4834787959238,67.81850168745765,opiates_purple,overcast,67,20,57
155.4729774612751,203.76698178395088,87.08633520351785,opiates_purple,harsh_direct,87,17,72
151.5934164702771,171.54115605744352,88.5354109930306,opiates_purple,daylight,88,28,83
151.87322857678086,153.52456094305194,88.95795968472001,opiates_purple,fluorescent,88,35,84
152.9479393988857,197.45247478089215,84.0502771033822,opiates_purple,warm_indoor,84,18,75
149.3722972202561,178.39749362633063,91.86595103079517,opiates_purple,overcast,91,27,91
152.1581078921594,186.7640649000725,97.35951227844537,opiates_purple,harsh_direct,97,26,90
150.53974822139352,201.89365201623662,99.11038792196932,opiates_purple,daylight,99,20,95
148.74861965914954,189.5368747054071,112.65719456406686,opiates_purple,fluorescent,111,28,112
146.35570790924288,195.73116898757027,68.27761470903786,opiates_purple,warm_indoor,63,15,68
153.46281215795392,232.7768531444926,71.78741550951935,opiates_purple,overcast,71,6,62
149.78601875503315,208.4650760112849,102.23417196591194,opiates_purple,harsh_direct,102,18,100
160.1235788388945,173.73922528785673,130.77092387742317,opiates_purple,daylight,130,41,98
162.0613375656439,140.45499651369872,138.8113555507784,opiates_purple,fluorescent,138,62,105
153.67209171523675,193.77990980563928,115.28345248463826,opiates_purple,warm_indoor,115,27,102
157.62631693677145,166.26963391774115,117.34912656946332,opiates_purple,overcast,117,40,95
156.65491995167093,188.6514304961982,162.8362420862656,opiates_purple,harsh_direct,162,42,132
151.03789743217803,187.93688804928402,84.07428394402154,opiates_purple,daylight,84,22,80
151.7567459287083,170.8975370958317,77.59156860101686,opiates_purple,fluorescent,77,25,73
147.18923273014886,194.41776614509092,62.9901946438585,opiates_purple,warm_indoor,59,14,62
157.94394200196282,185.55451850668584,54.91351539942346,opiates_purple,overcast,54,14,43
153.6100246034087,206.92849840078802,106.43743413904147,opiates_purple,harsh_direct,106,20,93
155.79385138475828,176.78858366895074,119.54364608593286,opiates_purple,daylight,119,36,101
159.39290634093533,162.08203120452345,146.7527507814261,opiates_purple,fluorescent,146,53,114
150.6453229356286,191.73053252023456,122.6154146117078,opiates_purple,warm_indoor,122,30,118
161.5192597449428,193.52313323877743,115.13717628326535,opiates_purple,overcast,115,27,78
154.1758948685116,174.05747933262774,141.95714330178924,opiates_purple,harsh_direct,141,45,125
152.1072402038391,163.87422614796245,104.98200930716041,opiates_purple,daylight,104,37,98
156.5317298969401,174.95943160489358,97.71051484266906,opiates_purple,fluorescent,97,30,81
148.31372275260009,204.4766941076648,92.74296696582377,opiates_purple,warm_indoor,90,18,92
156.27105836799396,167.36598789697814,85.66455403870972,opiates_purple,overcast,85,29,72
146.9287128590782,198.0318916685126,139.069963738649,opiates_purple,harsh_direct,130,31,139
156.22013684339368,177.4608821043879,117.39914720388894,opiates_purple,daylight,117,35,98
155.17001391752498,188.2592448846938,117.6458490833721,opiates_purple,fluorescent,117,30,100
155.42386939530073,180.0867315212405,71.47794594837335,opiates_purple,warm_indoor,71,20,60
158.36828539868776,181.0990016271665,108.21109844448753,opiates_purple,overcast,108,31,84
159.19516083589886,190.74774842953198,123.05232644199455,opiates_purple,harsh_direct,123,31,92
149.5856314005955,202.16875939323077,126.15015982428396,opiates_purple,daylight,126,26,124
153.1305853790573,191.46694569078917,149.9356980238341,opiates_purple,fluorescent,149,37,134
149.4208215465139,211.29344306696768,120.47756891321214,opiates_purple,warm_indoor,120,20,119
151.94849778078336,203.48444813984582,123.59230197843357,opiates_purple,overcast,123,24,114
150.56318182704632,214.49480626628588,149.1944057669686,opiates_purple,harsh_direct,149,23,143
156.53864709060088,194.01335414624225,104.07075013415779,opiates_purple,daylight,104,24,84
155.33322983493534,172.7125758811606,95.66029366138454,opiates_purple,fluorescent,95,30,82
149.3645279414896,175.03780814717766,98.46769035393135,opiates_purple,warm_indoor,98,30,98
157.2282165199642,194.6040062462398,74.44715383618805,opiates_purple,overcast,74,17,59
148.31004829884645,183.964580985865,128.1877517927374,opiates_purple,harsh_direct,125,35,128
159.3398124098805,214.5877858855345,103.91577128388045,opiates_purple,daylight,103,16,74
161.83433506374428,192.9790776655281,111.4903536449646,opiates_purple,fluorescent,111,27,75
154.70326764928865,233.20298265028944,85.34393903779815,opiates_purple,warm_indoor,85,7,70
159.21663195352892,217.6567646040987,118.7822560147391,opiates_purple,overcast,118,17,84
156.6523731476678,203.8208797558216,138.1806417083309,opiates_purple,harsh_direct,138,27,110
153.36941789751398,149.02502915251526,86.14380101825026,opiates_purple,daylight,86,35,79
158.30516273575566,129.58713730257176,127.61847125853458,opiates_purple,fluorescent,127,62,107
149.57458876939444,184.98195341282542,84.61221714138875,opiates_purple,warm_indoor,84,23,83
153.71173400300674,141.4794781521348,79.23492766112145,opiates_purple,overcast,79,35,72
157.44894191471704,185.36231376198108,140.25851393373404,opiates_purple,harsh_direct,140,38,111
152.47812310751976,201.8627580395896,74.55058411387441,opiates_purple,daylight,74,15,67
153.58978338995044,155.03908609725724,84.93566123133698,opiates_purple,fluorescent,84,33,77
149.7887599411135,209.07735719853522,78.89598056169442,opiates_purple,warm_indoor,78,14,77
155.89524723896014,176.82302418121188,28.875359394552063,opiates_purple,overcast,28,8,24
153.01540897768615,188.50318041872424,107.11475308257765,opiates_purple,harsh_direct,107,27,96
163.46663721314647,169.9114565510757,91.33543380800293,opiates_purple,daylight,91,30,62
170.69719280525464,160.49022147844863,146.80138831992787,opiates_purple,fluorescent,146,54,80
162.1332512259677,194.29887390782577,122.61364349744917,opiates_purple,warm_indoor,122,29,82
164.45937188835697,172.29202429857193,99.79956830814503,opiates_purple,overcast,99,32,65
165.0436466917929,181.7012536844364,151.94798096868348,opiates_purple,harsh_direct,151,43,94
150.96782274409824,182.27934075224897,75.6243349995029,opiates_purple,daylight,75,21,72
152.65130653001154,172.38081453001934,79.15451820197606,opiates_purple,fluorescent,79,25,72
144.7035717507983,197.44447923510265,68.29423750759447,opiates_purple,warm_indoor,60,15,68
149.75868779065107,180.98990252286995,37.76223829096779,opiates_purple,overcast,37,10,37
146.33832475174856,183.63477872119537,91.90214493706964,opiates_purple,harsh_direct,85,25,91
156.16959525771966,177.63691663147364,108.01887716525047,opiates_purple,daylight,108,32,90
154.45427938700152,162.42002388248494,116.48739661234757,opiates_purple,fluorescent,116,42,103
150.64531887779805,158.60583472589576,103.04761223947513,opiates_purple,warm_indoor,103,38,99
152.13017272939751,169.60956441825417,98.00359405817288,opiates_purple,overcast,98,32,91
153.43418365352758,167.11543282477814,103.05067742438783,opiates_purple,harsh_direct,103,35,93
157.28062655027523,133.73344217165723,100.64794320597788,opiates_purple,daylight,100,47,86
160.66821815759803,124.65704320015689,116.6589355302568,opiates_purple,fluorescent,116,59,94
153.44946415437687,139.9320699794175,102.11132825197251,opiates_purple,warm_indoor,102,46,94
155.88308540336763,117.30301056645901,96.9277088683896,opiates_purple,overcast,96,52,86
157.77720049314917,151.6291658570493,127.10621106878182,opiates_purple,harsh_direct,127,51,105
158.90267231214116,193.48910332145894,74.64948319781,opiates_purple,daylight,74,18,56
162.03298469551908,172.78947211830868,82.54053683929297,opiates_purple,fluorescent,82,26,58
156.6625031717083,181.02890115454625,62.26940064912736,opiates_purple,warm_indoor,62,18,51
160.44087874344552,142.11268284500392,48.05448936114624,opiates_purple,overcast,48,21,37
158.85887589508812,174.73021724133417,129.53593363842174,opiates_purple,harsh_direct,129,40,100
154.97957629732298,140.23253702334168,111.47333167914539,opiates_purple,daylight,111,50,99
161.3920531373379,176.43144258190983,106.2112729498221,opiates_purple,fluorescent,106,32,76
153.82534431809705,174.03673410738662,95.89026124243424,opiates_purple,warm_indoor,95,30,85
158.71968092734002,156.2009555730511,105.76139079895447,opiates_purple,overcast,105,40,85
161.9438457161371,201.9999187581335,117.41354402124801,opiates_purple,harsh_direct,117,24,77
156.18538004567756,154.76857895617778,85.1564468940202,opiates_purple,daylight,85,33,72
160.60319768197698,167.38435870975016,97.56584570177222,opiates_purple,fluorescent,97,33,73
151.82499389819128,169.82952436871807,79.06199898988964,opiates_purple,warm_indoor,79,26,74
157.71370228959347,137.6727770491268,59.38480086509557,opiates_purple,overcast,59,27,50
161.01369544758646,189.3764229450953,95.52026667676232,opiates_purple,harsh_direct,95,24,67
149.25877297812988,195.45451072251117,99.48819397305222,opiates_purple,daylight,99,23,99
153.7838792832463,180.9230906498201,100.11545912619812,opiates_purple,fluorescent,100,29,89
151.9477966768391,216.78793328136413,76.12486643765124,opiates_purple,warm_indoor,76,11,70
154.44459763488956,179.33521503533478,97.72890922695146,opiates_purple,overcast,97,28,85
152.61602207895203,194.6119684821647,114.95299642734922,opiates_purple,harsh_direct,114,27,104
152.7543369801776,175.2509628206341,97.45222274641584,opiates_purple,daylight,97,30,89
156.49930636513264,172.7769236723863,126.1127356926423,opiates_purple,fluorescent,126,40,105
148.74171017527493,193.03258762192146,105.31942333665279,opiates_purple,warm_indoor,104,25,105
156.65837455690354,178.56601468559026,93.59644039661035,opiates_purple,overcast,93,28,77
153.7593438452261,180.42151469155482,110.38167961415598,opiates_purple,harsh_direct,110,32,98
154.4804992618391,168.44730479190213,125.83053548635498,opiates_purple,daylight,125,42,111
154.30794003657067,157.97162368176066,115.43134827241639,opiates_purple,fluorescent,115,43,103
155.1856419300721,185.54251812038575,104.07854463793868,opiates_purple,warm_indoor,104,28,88
159.58456820424306,161.44749513936873,108.7993457202563,opiates_purple,overcast,108,39,84
157.35086488497916,152.86614872707452,149.33650664005165,opiates_purple,harsh_direct,149,59,124
158.48570514143717,184.0459270648554,143.14418118272803,opiates_purple,daylight,143,39,110
163.57644688596747,144.53457072811267,138.3416834134286,opiates_purple,fluorescent,138,59,100
155.57675301021968,183.51446526726653,117.53378467562177,opiates_purple,warm_indoor,117,32,99
157.75737010134696,181.61647277960896,120.08945467800972,opiates_purple,overcast,120,34,95
161.54487270195108,192.58351157263039,122.8493974791466,opiates_purple,harsh_direct,122,30,84
154.83895764946078,162.25995992760522,94.69765152307899,opiates_purple,daylight,94,34,83
157.86586128097068,153.21578102512166,120.13410149090046,opiates_purple,fluorescent,120,47,99
154.07144456135194,188.65349909034532,75.4942938238379,opiates_purple,warm_indoor,75,19,66
154.6341104323375,164.7483514143117,85.49403870966637,opiates_purple,overcast,85,30,75
155.0134348888994,194.7925491165445,106.33207137314142,opiates_purple,harsh_direct,106,25,90
155.0325483626409,189.12003222071488,81.57328316042246,opiates_purple,daylight,81,21,69
156.74265731789708,149.20159071593037,81.42968825906618,opiates_purple,fluorescent,81,33,69
147.06769318755178,214.35075005024507,93.92958783249492,opiates_purple,warm_indoor,88,14,93
154.45060486119692,167.97340314792376,65.52834075559872,opiates_purple,overcast,65,22,57
155.2783016290478,206.29694072508056,139.5296299911882,opiates_purple,harsh_direct,139,26,116
153.68499065092442,168.14133862331556,117.41543824165457,opiates_purple,daylight,117,39,105
157.42449351598145,136.60764215639867,114.73985141671257,opiates_purple,fluorescent,114,53,97
147.69906791755437,180.41920517041598,117.69337626056715,opiates_purple,warm_indoor,113,34,117
157.6071855582461,168.4460832203173,91.75608832318639,opiates_purple,overcast,91,31,74
155.56429915275936,158.3237759348675,146.82735865356636,opiates_purple,harsh_direct,146,55,127
150.5274857423348,179.39844174600276,94.0165072899905,opiates_purple,daylight,94,27,90
153.25980949324156,164.4348552089528,90.08277801770768,opiates_purple,fluorescent,90,31,82
150.39102800307023,189.91903446084507,79.6433718286786,opiates_purple,warm_indoor,79,20,77
153.58282113641675,153.53917822138146,35.23684135456175,opiates_purple,overcast,35,14,32
153.88176860112063,195.53411279162438,90.69164824600716,opiates_purple,harsh_direct,90,21,79
155.8084751253378,181.29864821182935,118.35122788196236,opiates_purple,daylight,118,34,99
155.43480793836858,164.9059062105763,134.8432048097671,opiates_purple,fluorescent,134,47,116
150.9802709365022,189.25640100216725,102.87910890626472,opiates_purple,warm_indoor,102,26,98
157.5472072075804,148.78475504728792,123.0055130423395,opiates_purple,overcast,123,51,102
161.56639462760361,158.2154901734048,137.63417179406719,opiates_purple,harsh_direct,137,52,102
154.164635928854,174.8153199179247,80.36929360003475,opiates_purple,daylight,80,25,71
152.5519783536396,168.81154657286885,119.09825391988616,opiates_purple,fluorescent,119,40,110
145.58070078373026,191.73144544219582,113.41513839431349,opiates_purple,warm_indoor,103,28,113
153.08145475732303,179.4852157596483,103.89942881073762,opiates_purple,overcast,103,30,94
154.8537021877712,173.1868729694888,106.42678762455742,opiates_purple,harsh_direct,106,34,92
155.07251948010065,191.57485470851844,100.2227288455928,opiates_purple,daylight,100,24,85
156.61411212785643,176.13570791616644,87.1863618161544,opiates_purple,fluorescent,87,26,72
150.28182293937672,171.15447659941577,77.76473028366577,opiates_purple,warm_indoor,77,25,75
157.86609905060266,174.46844414293886,91.31203424467434,opiates_purple,overcast,91,28,73
157.97457618375063,197.7553669863875,114.12171220224032,opiates_purple,harsh_direct,114,25,87
148.8620553486379,174.21458483911283,77.03902798523725,opiates_purple,daylight,76,24,77
156.77265102323958,176.14675318275317,101.58675375100137,opiates_purple,fluorescent,101,31,83
146.9260683813991,192.6462761911014,86.53146470097107,opiates_purple,warm_indoor,81,21,86
150.96035515957632,177.18876104589626,94.47564615376669,opiates_purple,overcast,94,28,90
156.7048367255977,180.55147193639752,143.8535580827121,opiates_purple,harsh_direct,143,41,118
155.5363055830217,198.93540171934677,90.94043822440987,opiates_purple,daylight,90,19,75
161.64731816145576,161.614820955622,106.99626860073442,opiates_purple,fluorescent,106,39,78
152.95789016368298,165.60014113449716,85.8802018830996,opiates_purple,warm_indoor,85,30,78
161.1999505086897,154.65252803250527,85.30049407016872,opiates_purple,overcast,85,33,64
159.07386386347682,200.78662851841585,126.92457225048192,opiates_purple,harsh_direct,126,26,93
150.8973345364643,188.24489089713754,134.57782095624486,opiates_purple,daylight,134,35,128
154.21268977370448,196.9936277136711,129.2135418491876,opiates_purple,fluorescent,129,29,112
146.06115640160957,214.31363445303822,96.89043957136218,opiates_purple,warm_indoor,88,15,96
150.47351243569926,180.4780012885349,91.93299545713072,opiates_purple,overcast,91,26,89
147.36348249065583,198.02444914977667,153.95347030450543,opiates_purple,harsh_direct,146,34,153
148.8731322253921,194.94357034872624,80.29228837946096,opiates_purple,daylight,79,18,80
152.48337295726063,147.89152127518267,100.53991460846774,opiates_purple,fluorescent,100,42,94
147.09409240899416,192.9078653936539,80.74782429062343,opiates_purple,warm_indoor,76,19,80
152.0664704480661,168.08064563750236,77.93656248076243,opiates_purple,overcast,77,26,72
156.5178696851716,188.2748987230876,127.4394539357226,opiates_purple,harsh_direct,127,33,104
155.61627521134972,219.4312323404085,92.8241687882878,opiates_purple,daylight,92,12,75
156.02472926854142,197.58632397455216,126.95819887973607,opiates_purple,fluorescent,126,28,104
151.35957247024655,204.13945709267446,96.62601636683345,opiates_purple,warm_indoor,96,19,90
153.93651932505398,205.45170763101083,83.36456061691715,opiates_purple,overcast,83,16,72
153.2969966988676,189.22612697225253,128.4693149099122,opiates_purple,harsh_direct,128,33,115
171.0955276989505,175.08466252840623,110.42540741311156,opiates_purple,daylight,110,34,54
173.9707893545468,149.69113096537558,118.4751175914867,opiates_purple,fluorescent,118,48,60
165.0240889066934,187.18204404196956,91.27132226527854,opiates_purple,warm_indoor,91,24,55
167.13629673058645,141.94785807185147,79.49166547312151,opiates_purple,overcast,79,35,52
168.24262626560468,190.90161015247926,142.45090181683074,opiates_purple,harsh_direct,142,35,74
143.9189775808608,173.06936423820974,85.69586794939431,opiates_purple,daylight,75,27,85
145.6360768563057,178.0128515333049,88.39246968079942,opiates_purple,fluorescent,81,26,88
142.72995121370968,189.64094187303925,84.27602577899857,opiates_purple,warm_indoor,70,21,84
151.3138541118147,177.58786672359568,41.79120844116284,opiates_purple,overcast,41,12,39
148.19336776246206,208.8191234710115,111.69034463813573,opiates_purple,harsh_direct,108,20,111
160.06958187037745,208.74532579160103,130.5704828726308,opiates_purple,daylight,130,23,91
162.07758078465514,181.94717924924123,134.03811803012763,opiates_purple,fluorescent,134,38,92
158.41212752024506,206.09553321793672,102.73840770219321,opiates_purple,warm_indoor,102,19,77
164.80843366874626,176.57435687533223,115.40198684204648,opiates_purple,overcast,115,35,73
159.7522344388374,202.79500818196001,181.77329052857667,opiates_purple,harsh_direct,181,37,130
146.63295083552578,199.75921416411146,121.49435194796234,opiates_purple,daylight,113,26,121
149.0366709612165,192.95070217707158,122.89820916495475,opiates_purple,fluorescent,122,29,122
144.819908702337,205.2219738283627,121.44396740724066,opiates_purple,warm_indoor,107,23,121
146.4287442988255,168.41288415750017,87.3668713125787,opiates_purple,overcast,82,29,87
148.18607425762374,191.66475403552843,157.94907795240033,opiates_purple,harsh_direct,154,39,157
149.15331031028165,146.93797636415906,105.04951300783432,opiates_purple,daylight,105,44,105
157.0443875448538,132.85747156817442,123.25107073105755,opiates_purple,fluorescent,123,59,106
153.28494676349797,159.3399958086977,91.30262348892455,opiates_purple,warm_indoor,91,34,83
156.68469413115878,131.33503530832587,95.30239171070477,opiates_purple,overcast,95,46,82
154.62281264243583,146.766528297838,95.76119339508129,opiates_purple,harsh_direct,95,40,85
158.34483882139463,136.7627746927765,78.95376389453494,opiates_purple,daylight,78,36,65
158.57117552701501,179.40403560233364,98.3690767477409,opiates_purple,fluorescent,98,29,76
152.00341933900089,174.75093418863014,106.08174120914231,opiates_purple,warm_indoor,106,33,99
159.92193094956755,174.03017882865007,88.0207925750951,opiates_purple,overcast,88,27,66
153.51961776633962,162.67303109458913,133.48945423113798,opiates_purple,harsh_direct,133,48,121
148.2391483327495,171.23026257693496,148.51475932518315,opiates_purple,daylight,145,48,148
148.35048987887623,157.11548601962284,151.1885881534669,opiates_purple,fluorescent,148,58,151
143.41232129900519,178.1701415494159,119.73728720429962,opiates_purple,warm_indoor,103,36,119
151.43894422906942,156.22745572453022,131.58591631008275,opiates_purple,overcast,131,50,125
146.27610315328116,180.63714241760644,162.29944778085763,opiates_purple,harsh_direct,151,47,162
149.2501195606218,168.0192059524042,97.19712212875831,opiates_purple,daylight,97,33,97
156.88255635617196,176.54242233933718,135.29413216902984,opiates_purple,fluorescent,135,41,111
149.06105456960256,188.98150077672136,83.80424281327663,opiates_purple,warm_indoor,83,21,83
154.91040572014325,186.05913425121406,80.93889790820957,opiates_purple,overcast,80,21,69
150.53897184925043,208.6063116295999,112.30552052504333,opiates_purple,harsh_direct,112,20,108
155.026468760773,132.30561999974657,113.75300895880036,opiates_purple,daylight,113,54,102
156.94222032843462,153.04620311731188,128.67073687017748,opiates_purple,fluorescent,128,51,108
149.14810795160088,174.7098454949517,99.33978090232449,opiates_purple,warm_indoor,99,31,99
155.826966693987,148.5180642884779,100.3548067682165,opiates_purple,overcast,100,41,87
153.64421561626148,187.62748806800263,156.53806926269857,opiates_purple,harsh_direct,156,41,139
156.5197608805126,187.640891999185,88.86053283692641,opiates_purple,daylight,88,23,72
154.293573510456,154.54966537024612,90.41873401048164,opiates_purple,fluorescent,90,35,81
148.09844341899387,201.5496563710678,68.95232271270052,opiates_purple,warm_indoor,67,14,68
151.1836043935289,163.87361203397688,69.08155938419938,opiates_purple,overcast,69,24,66
152.69304655502305,180.26854481807203,135.457074584306,opiates_purple,harsh_direct,135,39,124
145.68582387354903,182.74288209161037,75.11673570703005,opiates_purple,daylight,68,21,75
150.1361548448099,175.83739732732363,92.6750799794016,opiates_purple,fluorescent,92,28,90
148.30840672505786,209.16814982702468,60.91500319711486,opiates_purple,warm_indoor,59,10,60
149.90699957941862,151.66591268707043,46.69718417230071,opiates_purple,overcast,46,18,46
147.68766542252115,192.50985134149983,100.84651282686272,opiates_purple,harsh_direct,97,24,100
149.14619752242785,216.73523476253928,106.94520566271366,opiates_purple,daylight,106,16,106
153.5238394441628,203.2775571526201,123.1237314948556,opiates_purple,fluorescent,123,24,108
147.8824690385006,236.13931109003482,108.24357105972034,opiates_purple,warm_indoor,103,8,108
153.8080129958078,215.57156108619674,70.75854662696821,opiates_purple,overcast,70,10,61
147.1811322725655,223.0445589184606,123.61022483350416,opiates_purple,harsh_direct,116,15,123
152.57965864624947,210.1211256445045,66.47584720173279,opiates_purple,daylight,66,11,60
153.5917225083846,173.08188652546474,66.58091094209792,opiates_purple,fluorescent,66,21,59
148.46061521757264,206.40668180741076,66.62756625356965,opiates_purple,warm_indoor,65,12,66
154.81661351262792,179.71119485541965,88.13347945836884,opiates_purple,overcast,88,26,76
149.87461177854834,198.68328334481146,108.82506492063361,opiates_purple,harsh_direct,108,24,106
153.64484756932097,152.30898685354322,70.85973199710844,opiates_purple,daylight,70,28,64
158.07578241235075,144.4072313230402,138.94506879763213,opiates_purple,fluorescent,138,60,115
152.53952303435182,145.50715199873406,80.93913420384638,opiates_purple,warm_indoor,80,34,75
157.69123152482211,129.22949832361078,88.05790469523967,opiates_purple,overcast,88,43,75
157.0994068834106,159.58384013301915,139.41007011634014,opiates_purple,harsh_direct,139,52,116
145.03722638585904,167.32573648847776,65.93613022589255,opiates_purple,daylight,59,22,65
150.99101570426433,175.98121401499188,89.72721104741737,opiates_purple,fluorescent,89,27,85
143.8692159609704,186.79047101174223,56.832296720569104,opiates_purple,warm_indoor,49,15,56
147.69552542514694,141.08893536993872,54.87562776641545,opiates_purple,overcast,53,24,54
148.58021156979245,187.77678613880494,91.53766122694907,opiates_purple,harsh_direct,90,24,91
159.50584472457277,138.65380258869982,89.5653626654078,opiates_purple,daylight,89,40,72
158.44740887940804,124.41713963374558,105.89297248364605,opiates_purple,fluorescent,105,54,89
154.43081088861385,146.83100459501244,71.40652783518209,opiates_purple,warm_indoor,71,30,64
163.91419995974638,119.72749206089831,83.37887109918915,opiates_purple,overcast,83,44,64
161.63121087879162,158.4338791175062,109.85146920122446,opiates_purple,harsh_direct,109,41,81
151.35443003736358,179.8751638285234,82.36160856448484,opiates_purple,daylight,82,24,78
154.2320439550849,116.59333101950068,97.83013886964,opiates_purple,fluorescent,97,53,90
145.02027957005959,129.81803091647524,80.49007727410384,opiates_purple,warm_indoor,74,39,80
153.79987138536254,125.63970671857027,25.6040740217356,opiates_purple,overcast,25,12,23
152.0512543927834,151.50933790452697,95.54990661855518,opiates_purple,harsh_direct,95,38,90
155.0467113457803,210.87888999465878,119.01921393690475,opiates_purple,daylight,119,20,99
158.85977576846304,180.03924516006933,138.17089464929327,opiates_purple,fluorescent,138,40,106
153.25995462139696,191.974000603528,110.6126247318688,opiates_purple,warm_indoor,110,27,99
158.0154260394185,207.1318744357592,77.18145437474917,opiates_purple,overcast,77,14,58
154.02785301721565,193.56772802075557,145.80009396090145,opiates_purple,harsh_direct,145,35,127
150.4295780709713,175.61267287253443,98.92630450305282,opiates_purple,daylight,98,30,96
153.59643459549318,172.61876752319284,106.95783283995019,opiates_purple,fluorescent,106,34,96
147.78310184714996,198.4233357839599,69.55092705325009,opiates_purple,warm_indoor,67,15,69
151.76618160039507,162.86307722217325,75.49893395998839,opiates_purple,overcast,75,27,71
150.93616250584694,182.91539860385566,109.89570248721668,opiates_purple,harsh_direct,109,31,105
147.51162256423035,172.9226510222189,64.64747321288793,opiates_purple,daylight,62,20,64
152.42691033888988,165.0021592800092,104.89145409808704,opiates_purple,fluorescent,104,37,97
149.21696433076056,198.81224245770588,58.823040234731195,opiates_purple,warm_indoor,58,12,58
154.4883535748119,162.36693304135073,31.033818387676945,opiates_purple,overcast,31,11,27
146.01139353501242,182.65151532526966,126.76324953548578,opiates_purple,harsh_direct,117,35,126
159.2978118451642,181.2915876972199,68.27986319787811,opiates_purple,daylight,68,19,51
163.09266486413918,172.93052948436474,72.82549518208307,opiates_purple,fluorescent,72,23,49
159.1858845960969,196.98728448209212,35.220023334161056,opiates_purple,warm_indoor,35,8,26
161.89480058259758,176.57360358423784,37.5047910603936,opiates_purple,overcast,37,11,26
162.9413508472487,188.3656917398,63.961598715534976,opiates_purple,harsh_direct,63,16,42
146.704871450198,211.28247632983224,59.21940827839917,opiates_purple,daylight,55,10,59
149.3608521056441,188.14960615851237,83.72485999575842,opiates_purple,fluorescent,83,21,83
146.08364187347942,203.81042037446144,62.28027749129632,opiates_purple,warm_indoor,57,12,62
146.9857102909169,164.14663323195364,47.45083909099861,opiates_purple,overcast,45,16,47
150.89927909445686,202.99043262643085,84.41199134135903,opiates_purple,harsh_direct,84,17,80
154.33008721568905,171.45669232634094,129.60274486915222,opiates_purple,daylight,129,42,114
156.94751660767304,155.4941065960005,129.08848673550682,opiates_purple,fluorescent,129,50,108
153.10521773845514,159.16012097326654,94.17479541878497,opiates_purple,warm_indoor,94,35,86
159.5774977722742,167.07563201016603,81.53510369655481,opiates_purple,overcast,81,28,62
158.27780365794266,162.2358495822317,156.4524299359278,opiates_purple,harsh_direct,156,56,126
145.583565000139,172.3890810990803,117.6189859751502,opiates_purple,daylight,108,38,117
150.3077156388908,166.92578591757677,147.19057488481738,opiates_purple,fluorescent,147,50,143
139.6743564753849,193.98315523257796,112.96510555299504,opiates_purple,warm_indoor,85,27,112
147.9013208840439,193.46130165426013,118.35666010326732,opiates_purple,overcast,114,28,118
147.2922390390761,191.593169795542,117.28956222667438,opiates_purple,harsh_direct,111,29,117
152.51354681947277,157.26623984813384,115.00229586878737,opiates_purple,daylight,115,44,107
156.01485805308326,171.16627785355362,119.80386243162165,opiates_purple,fluorescent,119,39,101
147.1493367797817,173.10064857563285,107.63947845888384,opiates_purple,warm_indoor,102,34,107
149.1894146943143,187.2827091207314,96.26236123206718,opiates_purple,overcast,96,25,96
153.29789326322694,161.88105412478612,141.58100339548844,opiates_purple,harsh_direct,141,51,129
151.6103611913006,210.17302059137631,125.41638753399883,opiates_purple,daylight,125,22,116
152.01198835776574,199.95414630941582,130.02360428573817,opiates_purple,fluorescent,130,28,120
149.9736185601726,206.20793318648697,105.92256780083304,opiates_purple,warm_indoor,105,20,103
151.26776452675952,211.0502497307565,104.74892259427214,opiates_purple,overcast,104,18,98
147.86747103680054,192.45906455265126,135.69358679814908,opiates_purple,harsh_direct,131,33,135
148.91805880220554,211.59197426283438,112.09366854342029,opiates_purple,daylight,111,19,112
146.59946300380065,167.72043835950402,131.67228463739477,opiates_purple,fluorescent,124,45,131
141.49426404899452,215.59287997967334,119.62930247034448,opiates_purple,warm_indoor,93,18,119
147.27344193680716,163.72684417340724,115.94083058322869,opiates_purple,overcast,111,41,115
148.84851067564998,197.8817440351379,115.72688169412015,opiates_purple,harsh_direct,114,25,115
146.2303903733517,186.5595649535454,121.13999342853809,opiates_purple,daylight,112,32,121
147.17591438945502,185.47905585734594,113.82883042353737,opiates_purple,fluorescent,108,31,113
142.54158264415847,198.06071333600244,90.89143484289141,opiates_purple,warm_indoor,75,20,90
148.65848773297117,190.22243076676256,79.04957518932696,opiates_purple,overcast,78,20,79
146.5632888097791,204.27590398437744,120.3741321793337,opiates_purple,harsh_direct,111,23,120
145.895161355851,142.2684525070753,114.56758255063276,opiates_purple,daylight,107,50,114
144.49522783215517,159.79497565090858,139.95798268537095,opiates_purple,fluorescent,126,52,139
145.12084709927203,194.99380811511335,98.88244691995214,opiates_purple,warm_indoor,88,23,98
149.32197828402607,145.83233433388764,107.41365426752755,opiates_purple,overcast,107,45,107
146.19000788888292,171.73522194207627,136.66816783197925,opiates_purple,harsh_direct,127,44,136
156.6955706535854,207.6610726422876,79.70476068317436,opiates_purple,daylight,79,14,63
160.7969073066044,152.6596772303555,126.18940245248082,opiates_purple,fluorescent,126,50,96
152.32412611323227,155.73793315051998,80.64395834699403,opiates_purple,warm_indoor,80,31,75
159.1950243577943,146.41450148006172,103.89817535030849,opiates_purple,overcast,103,44,83
156.78776847624349,193.7694560196959,117.36002263022971,opiates_purple,harsh_direct,117,28,94
155.97120548989588,214.02974843091977,70.3381380426076,opiates_purple,daylight,70,11,56
163.11368978108115,191.21111777407845,91.84590512828281,opiates_purple,fluorescent,91,22,59
156.2031186665857,212.5333833219721,49.01639645674592,opiates_purple,warm_indoor,49,8,39
157.06148128476303,195.32976683759034,63.5138375827853,opiates_purple,overcast,63,14,50
158.71467310221482,217.86986578749634,93.02814913961116,opiates_purple,harsh_direct,93,13,67
147.30715671925745,180.6480550432865,77.93484478867012,opiates_purple,daylight,74,22,77
154.2675372004967,164.76092611251988,119.96352209729652,opiates_purple,fluorescent,119,42,106
144.5318856548145,183.29904080192978,79.02169800109115,opiates_purple,warm_indoor,70,22,79
151.75468925900597,185.07280102672806,79.26020000746138,opiates_purple,overcast,79,21,74
149.85506940136509,172.24370701556364,122.75595515493258,opiates_purple,harsh_direct,122,39,120
151.33520725981506,163.35009991669756,78.80961398558384,opiates_purple,daylight,78,28,75
156.58577958587173,160.8893755626771,96.33222088884904,opiates_purple,fluorescent,96,35,81
150.33090811484018,178.9789686045344,65.10527556138953,opiates_purple,warm_indoor,65,19,63
157.82812828570283,176.96179357518662,96.6808157090667,opiates_purple,overcast,96,29,77
154.3764672155049,178.81605652022,117.9242298441224,opiates_purple,harsh_direct,117,35,103
158.66819450219626,175.09434089094162,79.03385605859498,opiates_purple,daylight,79,24,61
158.14124215600256,174.39002572443627,62.17939938014865,opiates_purple,fluorescent,62,19,49
153.59674593935895,218.63290436480867,35.35731152030135,opiates_purple,warm_indoor,35,5,30
161.80984821192044,155.1144329360234,45.82660129330408,opiates_purple,overcast,45,17,34
156.79262959771307,192.7985498537677,90.4744232859945,opiates_purple,harsh_direct,90,22,72
162.17631738842474,138.97410029933187,123.66806844171983,opiates_purple,daylight,123,56,94
160.30486771516087,129.96905754620585,108.68740899191974,opiates_purple,fluorescent,108,53,88
157.10982406064159,147.8920598945493,79.12091626089999,opiates_purple,warm_indoor,79,33,66
156.9995091422741,135.690666214389,74.19726777621744,opiates_purple,overcast,74,34,63
157.52693879313688,156.57329904083744,143.64023622867867,opiates_purple,harsh_direct,143,55,118
151.2764465290049,161.1285087678629,113.56140595924613,opiates_purple,daylight,113,41,108
155.88026069941102,195.60391221286105,100.93199467507128,opiates_purple,fluorescent,100,23,83
148.08272392778812,192.3690056601952,85.48038630087245,opiates_purple,warm_indoor,83,20,85
152.45140988613082,201.89853633450537,81.17433751722388,opiates_purple,overcast,81,16,74
150.09139731208606,223.38778320678344,115.63683988807863,opiates_purple,harsh_direct,115,14,112
150.24035371390224,167.05096660621464,110.58336262758169,opiates_purple,daylight,110,38,107
158.01109826338768,161.76060174199432,113.55417704400918,opiates_purple,fluorescent,113,41,92
149.66785307601873,170.79642811530888,91.63213900953346,opiates_purple,warm_indoor,91,30,90
155.96069831916375,135.37808343420616,88.68627701444362,opiates_purple,overcast,88,41,77
156.98908246129506,154.37299685815546,122.87776604352197,opiates_purple,harsh_direct,122,48,103
151.549472371716,161.90067219815285,101.28457818939671,opiates_purple,daylight,101,36,96
153.10474517040174,161.9397659229205,125.45163831206223,opiates_purple,fluorescent,125,45,114
151.05560213996966,216.5612028968016,126.51930848710491,opiates_purple,warm_indoor,126,19,119
155.04451972326785,182.61037236095314,99.8538114586492,opiates_purple,overcast,99,28,85
152.84418371255327,178.64970276990852,126.56160990508083,opiates_purple,harsh_direct,126,37,115
156.37338225699938,171.45619058844264,110.44529822400786,opiates_purple,daylight,110,36,92
156.36314660095675,177.02266980967832,125.0864242067934,opiates_purple,fluorescent,125,38,104
149.98263764125474,191.23923491665312,91.40612058531164,opiates_purple,warm_indoor,91,22,89
150.8520928910006,179.80081277119749,79.108884105894,opiates_purple,overcast,79,23,75
151.55540688868243,183.81787120202048,153.68106147163618,opiates_purple,harsh_direct,153,42,144
156.84337211505076,166.84476423516008,156.48728239978658,opiates_purple,daylight,156,54,130
150.38765395302056,224.26576093310382,176.93209337891716,opiates_purple,fluorescent,176,21,170
149.84173395993585,187.5237804154543,142.20854782129769,opiates_purple,warm_indoor,142,37,139
151.18902974478797,186.9971633462471,126.35871646471202,opiates_purple,overcast,126,33,120
155.6794439494143,196.81500160423917,180.11708301129,opiates_purple,harsh_direct,180,41,149
153.42473548875066,191.9248815917182,144.47386505375536,opiates_purple,daylight,144,35,128
154.0617618027536,170.0482673691894,141.96289277728852,opiates_purple,fluorescent,141,47,126
152.28789002295014,197.5276701277153,133.21414244031055,opiates_purple,warm_indoor,133,30,122
153.68693521721843,149.23480648712635,109.01354612661476,opiates_purple,overcast,109,45,99
146.74604403392104,167.51430757209613,169.35803060655178,opiates_purple,harsh_direct,160,58,169
149.98748870750572,171.51361419599982,106.33333204060371,opiates_purple,daylight,106,34,104
151.6358114205736,172.84261251791418,122.1654244195592,opiates_purple,fluorescent,122,39,115
151.7352071574798,195.85430012623755,105.27020682580334,opiates_purple,warm_indoor,105,24,98
148.43956764916055,182.65056493058282,67.51663777865713,opiates_purple,overcast,66,19,67
149.42957714597327,199.68857465167062,128.81043741289656,opiates_purple,harsh_direct,128,27,127
157.85780231750567,219.2136025524676,72.57906366966014,opiates_purple,daylight,72,10,54
160.6937078335997,189.6758281513185,93.45358890777901,opiates_purple,fluorescent,93,23,66
152.29910161666064,206.72998932952137,87.7884587214401,opiates_purple,warm_indoor,87,16,80
159.12176528240508,191.1331018396095,79.9126943522161,opiates_purple,overcast,79,20,59
157.64859075673436,204.06926437230132,121.57237585130297,opiates_purple,harsh_direct,121,24,93
158.4223128953581,184.12459834873255,88.0376770696613,opiates_purple,daylight,88,24,68
159.20063829316888,168.1115275855528,150.10866543768674,opiates_purple,fluorescent,150,51,116
154.9356410080432,166.62461632025378,117.37631608225051,opiates_purple,warm_indoor,117,40,102
155.0351322760005,179.95693023653456,120.19971376562512,opiates_purple,overcast,120,35,103
159.05231839641854,177.97931551513565,151.1213632672354,opiates_purple,harsh_direct,151,45,116
152.40401186982552,194.16638488386118,103.01719030097931,opiates_purple,daylight,103,24,94
151.80580598330948,180.9059732835483,109.92282433180537,opiates_purple,fluorescent,109,31,103
150.00360834594414,188.3411870340426,98.60729534273085,opiates_purple,warm_indoor,98,25,96
151.1752997808132,178.98224209432036,81.14198965425567,opiates_purple,overcast,81,24,77
150.31456093742318,220.63690798949324,123.07399130991803,opiates_purple,harsh_direct,123,16,118
160.87690179176482,163.63498248693998,106.91732454983108,opiates_purple,daylight,106,38,79
160.27331065642704,167.89984144459487,79.5607497997243,opiates_purple,fluorescent,79,27,60
156.3316096580201,174.93352740041908,92.36287617611731,opiates_purple,warm_indoor,92,29,77
160.62503545401285,210.9581664721822,80.2900084786215,opiates_purple,overcast,80,13,54
159.58273389298833,207.22299017548437,112.40369795259711,opiates_purple,harsh_direct,112,21,80
152.71228656127056,197.7417243823382,102.60878435637252,opiates_purple,daylight,102,23,93
152.8105179983092,192.9319159412868,107.08271022127157,opiates_purple,fluorescent,107,26,97
149.03386308929964,195.63770752298984,75.79671746816106,opiates_purple,warm_indoor,75,17,75
154.45759731412306,167.89164446400395,65.89528222994898,opiates_purple,overcast,65,22,58
153.1451706187527,193.67472314922134,114.88823512121755,opiates_purple,harsh_direct,114,27,103
152.59641135923601,168.29745587620127,78.10061202657909,opiates_purple,daylight,78,26,72
154.0213492200096,178.68992352578144,100.88944223524268,opiates_purple,fluorescent,100,30,89
146.03754192710574,162.23148324807465,70.33060379725487,opiates_purple,warm_indoor,65,25,70
148.02462737957694,177.15709252001932,63.11788455262936,opiates_purple,overcast,61,19,63
151.5865344016643,164.22916226542046,116.75776624054133,opiates_purple,harsh_direct,116,41,110
159.24629565971117,205.68077981415612,80.74290676912872,opiates_purple,daylight,80,15,58
155.17686251618517,200.09683737339537,71.54495989604408,opiates_purple,fluorescent,71,15,60
148.9161900820123,204.93429314210817,101.28191534704374,opiates_purple,warm_indoor,100,19,101
155.31415572331474,193.3801260549884,109.4620606454283,opiates_purple,overcast,109,26,92
157.8844680156724,202.0624401734006,116.31094755473768,opiates_purple,harsh_direct,116,24,89
151.34147583165577,186.46266255441793,84.88648370495059,opiates_purple,daylight,84,22,80
154.52352521145045,185.26489536598206,106.51364737150374,opiates_purple,fluorescent,106,29,92
146.0374578476166,180.50942063953164,99.54392237506437,opiates_purple,warm_indoor,92,29,99
153.22856752308448,162.08079110975845,60.38567023505368,opiates_purple,overcast,60,22,55
154.44752460259517,181.31703975475742,137.74706518473153,opiates_purple,harsh_direct,137,39,120
148.70072670048737,184.46530228491267,86.97677618641944,opiates_purple,daylight,85,24,86
146.72068176943066,211.75426028495096,118.50158949055162,opiates_purple,fluorescent,110,20,118
145.50786700242043,216.95009034500075,101.42936579563352,opiates_purple,warm_indoor,90,15,101
148.7793686410245,203.13464565785267,94.63168232560766,opiates_purple,overcast,93,19,94
148.842288897482,214.16444349057096,134.4086753151783,opiates_purple,harsh_direct,133,21,134
146.2103396309969,186.0400118645425,123.87081091731393,opiates_purple,daylight,114,33,123
150.70981362461637,160.67784346980451,118.28276636410453,opiates_purple,fluorescent,118,43,114
145.21444901892337,175.02180189811267,102.4734372328972,opiates_purple,warm_indoor,93,32,102
149.45836674069525,153.00635516751407,99.85628830771503,opiates_purple,overcast,99,39,99
146.7148426964168,178.04829025165702,135.3715164683584,opiates_purple,harsh_direct,127,40,135
148.64035374207126,139.79570987957135,119.82541278897631,opiates_purple,daylight,118,54,119
153.32680968369826,168.52540142514994,118.77826655786761,opiates_purple,fluorescent,118,40,107
146.44447499675985,176.52370381140653,76.52894122669801,opiates_purple,warm_indoor,71,23,76
152.95398993543532,153.13467682487524,86.82973888892025,opiates_purple,overcast,86,34,80
147.68870766221787,167.6432562443627,123.29997434726039,opiates_purple,harsh_direct,119,42,123
145.23403426384664,165.4580962883569,101.42581282357817,opiates_purple,daylight,92,35,101
146.8425460002554,188.2266811682672,118.62195114418095,opiates_purple,fluorescent,111,31,118
141.70097014511265,191.01539143551227,65.06032101553053,opiates_purple,warm_indoor,52,16,65
147.31967210440482,193.50379667750747,68.71174167007678,opiates_purple,overcast,65,16,68
143.95326957112997,163.90569943016456,120.73070128859776,opiates_purple,harsh_direct,107,43,120
150.2271763171669,196.79766281578767,101.49355260703896,opiates_purple,daylight,101,23,98
158.71212770789535,188.84854714415178,85.94750312153957,opiates_purple,fluorescent,85,22,65
147.95079580394489,194.86023556087193,86.05124520914866,opiates_purple,warm_indoor,83,20,86
151.96401522585907,173.90127906391666,66.10259660718765,opiates_purple,overcast,66,21,61
151.08160147299105,183.1550725177067,114.29079110917607,opiates_purple,harsh_direct,114,32,109
151.46876685262606,160.59195733811913,90.63695394195257,opiates_purple,daylight,90,33,86
154.02075727003577,168.18321916442144,88.89621828859748,opiates_purple,fluorescent,88,30,79
149.414642410396,186.13035950298925,90.84934863306489,opiates_purple,warm_indoor,90,24,90
152.93884906919547,185.82000856692284,120.55451768976381,opiates_purple,overcast,120,32,109
155.85668368692146,184.03280559692357,117.70631383652787,opiates_purple,harsh_direct,117,32,98
148.66928855574722,234.98459630961156,82.23389573936002,opiates_purple,daylight,80,6,82
151.52755848971074,197.047243484333,80.33804496715373,opiates_purple,fluorescent,80,18,75
147.81133012487783,227.23686203794293,70.8003448723255,opiates_purple,warm_indoor,67,7,70
148.24964593488951,216.26757175280002,59.12795528237244,opiates_purple,overcast,57,8,59
152.90967061225012,207.55426026194382,104.92667473894468,opiates_purple,harsh_direct,104,19,94
161.44240973867556,177.7143617082836,66.140906087757,opiates_purple,daylight,66,20,47
165.58860382376113,202.52990895106691,49.16558569139853,opiates_purple,fluorescent,49,10,27
157.203578872222,230.75206676416568,63.67766589428159,opiates_purple,warm_indoor,63,6,48
162.7675782915507,188.89533438368306,37.671682092084836,opiates_purple,overcast,37,9,24
160.57744725698473,191.99064657800994,122.32085687219586,opiates_purple,harsh_direct,122,30,87
159.6192482438829,207.97184472903155,102.01343668752884,opiates_purple,daylight,102,18,72
160.6917188411193,186.13283508771508,130.7709198022724,opiates_purple,fluorescent,130,35,93
161.41846832029967,197.93590664719002,82.70401546332718,opiates_purple,warm_indoor,82,18,56
158.96411111786594,208.48194889873807,85.9142793639619,opiates_purple,overcast,85,15,62
160.7830010950883,191.1102253124079,112.12959780026009,opiates_purple,harsh_direct,112,28,79
149.77015010523536,183.52328080495397,121.74265891653286,opiates_purple,daylight,121,34,119
155.17682829997656,170.8686210366344,102.69730194316432,opiates_purple,fluorescent,102,33,88
151.85058882755197,200.14445767540366,82.27524906676547,opiates_purple,warm_indoor,82,17,76
149.31185821467778,185.20607711848146,66.72755577116058,opiates_purple,overcast,66,18,66
150.02980652811942,203.2186624859123,145.38386193154201,opiates_purple,harsh_direct,145,29,142
147.8797263696298,186.6186514744501,86.82866022985476,opiates_purple,daylight,84,23,86
150.3078610346485,177.05735566723826,42.08016530686983,opiates_purple,fluorescent,42,12,40
143.90398138381397,206.3684874111137,58.298427889427415,opiates_purple,warm_indoor,49,11,58
151.98227423206725,173.90616169939597,46.921856359821234,opiates_purple,overcast,46,14,43
151.88016567376516,178.78631740184872,80.83949627026416,opiates_purple,harsh_direct,80,24,75
154.96344576724618,182.86850709964634,93.11447663983509,opiates_purple,daylight,93,26,80
151.42809641351985,183.61479799910032,114.37005875393336,opiates_purple,fluorescent,114,32,108
152.4530297856258,184.01964175608632,99.45015973405914,opiates_purple,warm_indoor,99,27,91
153.03662345257607,179.79837347556256,57.52234203981432,opiates_purple,overcast,57,16,52
152.6577021635874,214.66822171462192,134.36731323950696,opiates_purple,harsh_direct,134,21,121
155.398976034481,181.99179444047024,74.10124836871468,opiates_purple,daylight,74,21,63
157.86641585719204,187.40448639094723,100.77639133843537,opiates_purple,fluorescent,100,26,79
152.05193862315255,204.48499099611848,72.6992180771067,opiates_purple,warm_indoor,72,14,67
153.53101869028248,173.48653537511547,81.51411757922392,opiates_purple,overcast,81,26,73
153.95825710558634,165.28854768228976,111.92683737032799,opiates_purple,harsh_direct,111,39,100
150.35666555197704,193.19501873822026,65.21070586720283,opiates_purple,daylight,65,15,63
149.2255531987946,221.64236880275905,68.00613364796814,opiates_purple,fluorescent,68,8,67
146.37181613607757,216.83817978802693,70.6362009042063,opiates_purple,warm_indoor,65,10,70
150.18256967346642,194.6775952295792,31.50397503541724,opiates_purple,overcast,31,7,30
147.16834829875737,194.25653651149182,117.72778308579753,opiates_purple,harsh_direct,111,28,117
155.33332510215965,166.08451577256707,81.56979970556523,opiates_purple,daylight,81,28,70
155.0077364578846,183.04076395967905,89.7220160519032,opiates_purple,fluorescent,89,25,77
150.5172824709808,176.65509181120933,65.95793402520007,opiates_purple,warm_indoor,65,20,63
158.58352020640817,155.0566366592246,62.10874040899472,opiates_purple,overcast,62,24,50
157.48924640746517,155.13904534218096,82.8097518254124,opiates_purple,harsh_direct,82,32,68
150.9505885692861,182.50257221645828,77.61725526436572,opiates_purple,daylight,77,22,74
151.5170829324051,173.27556426776246,91.35281400737824,opiates_purple,fluorescent,91,29,86
147.48478735122185,203.69154757501275,60.968925762596996,opiates_purple,warm_indoor,58,12,60
148.56065416662608,186.22213421121123,77.75189158840818,opiates_purple,overcast,76,20,77
146.1588896037055,175.3707683533137,82.84578816621485,opiates_purple,harsh_direct,77,25,82
153.96019690135313,165.6901039411414,103.00422089904352,opiates_purple,daylight,103,36,92
158.07069120905717,182.24393501598732,141.9703239382825,opiates_purple,fluorescent,141,40,111
154.84628797267501,205.11075449178932,124.39675661565475,opiates_purple,warm_indoor,124,24,105
155.23622347371725,154.4364505620556,94.40119664174279,opiates_purple,overcast,94,37,82
159.99150852208095,171.72037326975118,136.59118051543305,opiates_purple,harsh_direct,136,44,103
152.66572218580092,156.33370312389764,127.3282737888852,opiates_purple,daylight,127,49,118
156.6595990631914,150.18770510925629,143.3428514987939,opiates_purple,fluorescent,143,58,122
148.77459618956027,182.72625028244167,120.86722820290126,opiates_purple,warm_indoor,119,34,120
153.30439042236404,167.42413961832762,108.54497417681142,opiates_purple,overcast,108,37,98
152.0253751580971,138.84751790546883,159.92478781353853,opiates_purple,harsh_direct,159,72,151
149.865570408541,197.85866161548896,123.93265345749833,opiates_purple,daylight,123,27,121
155.80756690494147,180.64264893294884,140.6503279606349,opiates_purple,fluorescent,140,41,118
147.82339323223442,188.77171798654268,84.50165415670949,opiates_purple,warm_indoor,81,21,84
151.7737313202383,186.44073212690236,108.61953884092866,opiates_purple,overcast,108,29,101
150.22638055014076,183.3785662476387,157.56629768237977,opiates_purple,harsh_direct,157,44,153
153.01151828439487,164.82268490420685,123.0988701800028,opiates_purple,daylight,123,43,112
151.77008019086293,158.42030989169962,148.71609357906482,opiates_purple,fluorescent,148,56,140
146.9261568517909,168.89531259256785,86.50370485172176,opiates_purple,warm_indoor,82,29,86
148.61657965700329,152.5749358565518,85.37653133331816,opiates_purple,overcast,84,34,85
151.497337197211,153.39234330657752,133.6707559742883,opiates_purple,harsh_direct,133,53,127
149.3021555585808,184.7956845116725,90.06995795246903,opiates_purple,daylight,90,24,89
148.94919467462975,144.61370298576705,88.56322214145668,opiates_purple,fluorescent,88,38,88
149.80327113492027,175.04407008407495,25.111514834831638,opiates_purple,warm_indoor,25,7,24
150.3909775460329,155.69734919959083,49.49935854770149,opiates_purple,overcast,49,19,48
148.47257773935158,163.13214808382088,113.52678644133432,opiates_purple,harsh_direct,111,40,113
150.02824384558951,199.36876183384075,126.97271423742227,opiates_purple,daylight,126,27,124
157.23356664798186,183.46782367816132,161.947627847648,opiates_purple,fluorescent,161,45,130
150.43653516789172,191.94747774731067,101.33946925508113,opiates_purple,warm_indoor,101,25,98
152.05028442269787,185.3653612491729,109.39403147541235,opiates_purple,overcast,109,29,101
154.11081195521655,212.76009641114393,153.68077822745485,opiates_purple,harsh_direct,153,25,132
146.3768896661924,168.89182800882932,131.4741037619055,opiates_purple,daylight,123,44,131
149.17304805513322,164.30683415282425,147.51934402868406,opiates_purple,fluorescent,147,52,147
143.7239828510853,188.85757912977368,97.4364088404961,opiates_purple,warm_indoor,84,25,97
151.50534665049628,160.47719839151767,78.28784772118144,opiates_purple,overcast,78,29,74
147.94081265834583,187.08816299530585,123.34830626844419,opiates_purple,harsh_direct,119,32,123
153.0290979748084,154.7593958530645,149.9480651497791,opiates_purple,daylight,149,58,138
153.08927320177335,158.8086401079999,151.29702563967086,opiates_purple,fluorescent,151,57,138
148.58288633353166,189.88185675559478,102.97504748370255,opiates_purple,warm_indoor,101,26,102
152.04830800512534,139.67125554066448,103.68706341832291,opiates_purple,overcast,103,46,98
153.43803184561648,180.9088116900473,163.99988901936393,opiates_purple,harsh_direct,163,47,147
149.5358205364944,155.86471821179407,117.85761552752153,opiates_purple,daylight,117,45,116
149.6219164729325,179.7123866245654,126.33816012684255,opiates_purple,fluorescent,126,37,124
144.92489061126318,173.7161255072709,86.2594042408112,opiates_purple,warm_indoor,77,27,86
147.0473596927631,146.80236875102867,84.09830900274682,opiates_purple,overcast,80,35,84
151.63354647140991,196.21507765063058,120.73548305256047,opiates_purple,harsh_direct,120,27,113
152.63581454634087,205.32713365906338,113.78916044046423,opiates_purple,daylight,113,22,103
153.13430244330863,175.73066138503384,121.51849841897592,opiates_purple,fluorescent,121,37,110
149.27630271657887,187.04631009455167,93.72201684884004,opiates_purple,warm_indoor,93,24,93
152.40760990042568,150.39748200979483,82.06344403347924,opiates_purple,overcast,82,33,76
148.7255912711405,194.05729661371726,93.47645334028178,opiates_purple,harsh_direct,92,22,93
154.63998498229773,131.92099354546514,106.80920945948996,opiates_purple,daylight,106,51,96
154.06642402339895,147.96865218006013,125.46890023408075,opiates_purple,fluorescent,125,52,113
147.71047983345767,145.00502009731528,103.2501071416253,opiates_purple,warm_indoor,100,44,103
155.11817673811063,141.5787922567811,71.58302977556514,opiates_purple,overcast,71,31,63
152.92221654189552,158.56717248948686,136.38835779441746,opiates_purple,harsh_direct,136,51,125
151.66332198825617,222.09543622026757,85.0037717548,opiates_purple,daylight,85,10,78
156.24461470851054,172.27156231434958,96.88645112948443,opiates_purple,fluorescent,96,31,81
152.11574613723326,247.7639882365056,73.03758109781285,opiates_purple,warm_indoor,73,2,66
151.1271285279587,210.0778190819535,87.69078609224698,opiates_purple,overcast,87,15,82
155.86431729061988,224.14623641881963,136.16940413870716,opiates_purple,harsh_direct,136,16,109
155.69315776202302,186.07953520100094,108.44887246641237,opiates_purple,daylight,108,29,91
155.37318084342272,153.19053685062104,133.57476922027416,opiates_purple,fluorescent,133,53,116
151.016313808715,185.53642207709572,96.17061598960335,opiates_purple,warm_indoor,96,26,91
159.08979925748125,162.05943959244908,93.40735624473078,opiates_purple,overcast,93,34,73
152.88448864148114,187.67401616533164,126.9824678200842,opiates_purple,harsh_direct,126,33,115
150.60190479871486,181.35453012106774,133.67833740519922,opiates_purple,daylight,133,38,129
156.8095151457842,152.45475138902466,162.94343246399166,opiates_purple,fluorescent,162,65,137
151.42434519378875,195.48061900644302,143.22130572650013,opiates_purple,warm_indoor,143,33,134
152.88139825678022,157.96619053088085,97.54187769161526,opiates_purple,overcast,97,37,90
154.38113175380292,187.36921772968336,171.91929368347778,opiates_purple,harsh_direct,171,45,149
152.45010288092772,213.44332232953565,112.92725817333255,opiates_purple,daylight,112,18,102
156.07960531343403,183.4097739673367,138.83321477260995,opiates_purple,fluorescent,138,38,115
148.95504772334186,211.7600629441337,100.85641072474496,opiates_purple,warm_indoor,100,17,100
151.59254794361226,187.16292618954296,89.6354260872543,opiates_purple,overcast,89,23,84
150.68696230432747,212.8021673120343,129.29971316936346,opiates_purple,harsh_direct,129,21,123
153.61234463464928,159.5188560044329,69.6997387401488,opiates_purple,daylight,69,26,63
152.93911783555055,190.2336299776436,89.29026868130154,opiates_purple,fluorescent,89,22,80
147.2401858975873,208.9866198976757,60.978185507388105,opiates_purple,warm_indoor,57,11,60
151.934850152506,177.48153995935996,66.93985474919846,opiates_purple,overcast,66,20,62
150.38801156218705,218.93213920668046,92.54443736608485,opiates_purple,harsh_direct,92,13,89
151.42722135984312,213.578398484556,135.05059460704692,opiates_purple,daylight,135,21,126
154.6501715541429,181.10135234362224,149.17287470730574,opiates_purple,fluorescent,149,43,129
147.84120044036834,201.68057461754242,90.99817652821454,opiates_purple,warm_indoor,87,19,90
154.1648440148287,180.8826462781023,110.08012708023114,opiates_purple,overcast,110,31,96
151.91327538596073,194.88782116245935,159.98457466328102,opiates_purple,harsh_direct,159,37,148
149.5435143949134,187.39331850765512,65.48052100395586,opiates_purple,daylight,65,17,64
154.72274517910185,169.701106084777,112.44260031535367,opiates_purple,fluorescent,112,37,98
155.0349105696107,192.33766072660694,86.010027375396,opiates_purple,warm_indoor,86,21,73
157.03045621821067,183.7542588196295,54.8706512057977,opiates_purple,overcast,54,15,44
158.97248848107532,181.23655422573773,98.91157181200614,opiates_purple,harsh_direct,98,28,75
155.54416465513495,188.36594924047017,78.678933632666,opiates_purple,daylight,78,20,66
154.98761675079632,175.83400636120817,109.17419557586537,opiates_purple,fluorescent,109,33,94
151.48602916525934,187.49857738267963,86.86778571639222,opiates_purple,warm_indoor,86,22,81
157.93182702911216,175.84979061693724,61.48453821749494,opiates_purple,overcast,61,19,49
156.39977837217754,184.84343219756684,131.5776278918052,opiates_purple,harsh_direct,131,36,108
153.14935976067787,160.2542406085107,112.89673454376393,opiates_purple,daylight,112,41,103
154.55110684771228,158.54038315647296,139.58747871696679,opiates_purple,fluorescent,139,52,123
151.45122722601258,182.34108748164493,113.46334652363439,opiates_purple,warm_indoor,113,32,107
153.33403727353416,148.0464804869787,78.24007996369437,opiates_purple,overcast,78,32,71
154.24030162128696,166.15527566100963,142.6384358659784,opiates_purple,harsh_direct,142,49,126
141.52185995249238,146.40938085617245,97.74752696749542,opiates_purple,daylight,83,41,97
149.58895056877137,166.54364074006673,140.1452269123247,opiates_purple,fluorescent,140,48,138
140.9661947441194,181.6253525084056,120.74624095484951,opiates_purple,warm_indoor,97,34,120
143.43369498654909,163.88638246869544,99.0195179920307,opiates_purple,overcast,86,35,99
142.2859303784566,181.40232715172905,150.43795214886694,opiates_purple,harsh_direct,125,43,150
152.75984662368708,173.91898687802123,84.61381488194377,opiates_purple,daylight,84,26,77
156.31034962196162,159.02937641552938,101.99673151607936,opiates_purple,fluorescent,101,38,86
147.35582266073848,157.74160195685351,96.00991145674752,opiates_purple,warm_indoor,92,36,96
153.0669201594849,163.7686424109059,101.20975973696468,opiates_purple,overcast,101,36,92
155.2721004835607,182.71233554289987,132.4085373389793,opiates_purple,harsh_direct,132,37,112
153.8306620891284,216.75303643928348,69.51833721040266,opiates_purple,daylight,69,10,60
155.69670221337026,194.96059177458753,77.83600142944411,opiates_purple,fluorescent,77,18,64
151.3148256427904,213.63364513958877,43.70141358192444,opiates_purple,warm_indoor,43,7,41
154.13832955942792,200.99343648324518,50.44196939066427,opiates_purple,overcast,50,10,43
154.95712555889864,245.97629864356566,105.55689541107947,opiates_purple,harsh_direct,105,3,85
145.29085315954276,211.10886765268958,102.61484640954689,opiates_purple,daylight,91,17,102
149.1454209029918,209.32998018745303,118.14967070203176,opiates_purple,fluorescent,118,21,118
144.95863577493816,184.2078293284344,115.88606321523783,opiates_purple,warm_indoor,104,32,115
148.64827393759413,192.18296209833048,85.6720734414655,opiates_purple,overcast,84,21,85
148.92243192905383,200.71876520988096,130.3472718310571,opiates_purple,harsh_direct,129,27,130
161.48080207745159,193.68215823421622,134.74574770275788,opiates_purple,daylight,134,32,92
161.9421768531721,171.65076283724724,152.72684767711846,opiates_purple,fluorescent,152,49,108
154.64058810541331,193.97271784059808,108.938863006188,opiates_purple,warm_indoor,108,26,93
160.68865120466808,166.33592752892713,113.14818102873062,opiates_purple,overcast,113,39,84
157.23060588116093,202.53555798762375,140.1673131416697,opiates_purple,harsh_direct,140,28,110
155.41655313774325,204.34893720801728,119.55780501454942,opiates_purple,daylight,119,23,99
155.18555069754387,188.94269615850357,127.35947438368841,opiates_purple,fluorescent,127,32,108
149.2964220954311,186.8976943740367,129.81637201922422,opiates_purple,warm_indoor,129,34,129
153.92562899880593,190.68805460364317,126.39747649423482,opiates_purple,overcast,126,31,111
150.51933775906122,204.26624552615576,160.80089894521416,opiates_purple,harsh_direct,160,31,154
157.12959889232172,167.78767167891942,110.6309803226687,opiates_purple,daylight,110,37,91
157.72940445659012,155.15713327318966,127.40764598225078,opiates_purple,fluorescent,127,49,105
152.82086145686648,167.73456742948557,108.5551984680582,opiates_purple,warm_indoor,108,37,99
153.08296357512694,174.0023061006141,70.6500164418708,opiates_purple,overcast,70,22,64
158.13173702794654,174.88436220594943,105.37763674909672,opiates_purple,harsh_direct,105,33,83
152.98103327651685,171.97879224072602,83.21327975001174,opiates_purple,daylight,83,27,76
150.65391797245258,142.52830876137213,124.64200711452568,opiates_purple,fluorescent,124,54,121
147.7391354636117,177.97157401902857,84.45338886390998,opiates_purple,warm_indoor,81,25,84
150.796146142279,135.58106672496584,77.7905978254785,opiates_purple,overcast,77,36,75
151.8926097271089,162.65530293581986,124.72768542108564,opiates_purple,harsh_direct,124,45,117
151.8623655655112,201.33078456502756,133.41047958854944,opiates_purple,daylight,133,28,123
154.78292233531616,192.427626118362,143.76576078539532,opiates_purple,fluorescent,143,35,123
146.6398347385734,200.82591627865133,119.19870513319464,opiates_purple,warm_indoor,111,25,119
150.16577571466135,197.95501690518873,89.41555846812156,opiates_purple,overcast,89,20,87
149.07043471016607,203.15563982938028,148.04102146160866,opiates_purple,harsh_direct,147,30,148
155.46539529898854,151.46794044675067,80.42756855898773,opiates_purple,daylight,80,32,70
153.52169098172251,156.3380910826154,106.09086894856085,opiates_purple,fluorescent,106,41,96
153.3988993396083,169.72502962871164,83.06346607437439,opiates_purple,warm_indoor,83,27,75
156.44789781975854,139.5882070276833,69.2749137870224,opiates_purple,overcast,69,31,60
155.68512769822573,166.77083038694636,117.72773699429973,opiates_purple,harsh_direct,117,40,100
159.84078199748907,207.61050348455734,97.52535457858575,opiates_purple,daylight,97,18,69
160.54834052569186,170.77149131330634,85.52929563482672,opiates_purple,fluorescent,85,28,63
156.03820718527214,215.23115527751884,73.79803446214643,opiates_purple,warm_indoor,73,11,59
160.69576976256377,193.21698075394823,68.3777884233823,opiates_purple,overcast,68,16,48
156.26427164444524,217.02397544679354,86.75254901234845,opiates_purple,harsh_direct,86,12,69
148.64668194777423,196.3871796198061,106.09720058277964,opiates_purple,daylight,104,24,106
157.37550825922813,201.22290053967208,112.09237500310542,opiates_purple,fluorescent,112,23,87
151.04869942650382,200.96566525903867,83.55100756007855,opiates_purple,warm_indoor,83,17,79
150.33419141157077,191.1038704520485,70.26705430927706,opiates_purple,overcast,70,17,68
150.06677575056446,187.78528827259876,111.68951374085825,opiates_purple,harsh_direct,111,29,109
155.91993456533024,168.36029263650457,72.67591763330175,opiates_purple,daylight,72,24,61
157.77829785997022,162.6363533067586,110.02506839137776,opiates_purple,fluorescent,110,39,89
154.41107981785126,169.30650163341008,107.2323015065608,opiates_purple,warm_indoor,107,36,94
159.86306756733424,161.39703925320856,82.04995258205545,opiates_purple,overcast,82,30,63
158.1492053297598,177.05656149272053,139.6470996805735,opiates_purple,harsh_direct,139,42,110
148.96483574140885,186.05874908526377,84.30703849399873,opiates_purple,daylight,83,22,84
144.6152076890246,168.06538263193892,90.36142495547594,opiates_purple,fluorescent,81,30,90
142.84544147118223,190.3942379134875,91.42428897140917,opiates_purple,warm_indoor,76,23,91
150.6468990072942,179.68381270096705,95.11938210593115,opiates_purple,overcast,95,28,91
146.83118713371243,193.16452934438905,129.25453037803877,opiates_purple,harsh_direct,121,31,129
150.40914976952214,178.45800812006135,63.035048234424366,opiates_purple,daylight,63,18,61
150.0710699284038,174.33012120252098,71.2625997460819,opiates_purple,fluorescent,71,22,69
138.30877092672407,211.61547086605577,67.78261158613003,opiates_purple,warm_indoor,47,11,67
145.69098509681666,150.5206784830234,32.159711513071045,opiates_purple,overcast,29,13,32
148.24382580567817,172.90647269928797,92.61102127894256,opiates_purple,harsh_direct,90,29,92
145.31191094475497,179.6187553204897,89.95433680607982,opiates_purple,daylight,81,26,89
145.41731671304225,173.15493768733327,120.04757582184439,opiates_purple,fluorescent,109,38,120
140.50979368254812,181.0288672019746,88.24234045026812,opiates_purple,warm_indoor,70,25,88
144.16819213332033,185.30164721495458,87.4224693964692,opiates_purple,overcast,76,23,87
147.98664488072004,182.474152243212,115.18683954094664,opiates_purple,harsh_direct,111,32,115
152.06950701441178,188.86725820490938,116.82120446125637,opiates_purple,daylight,116,30,108
155.5291302091175,160.9157634116461,133.73104790112558,opiates_purple,fluorescent,133,49,115
149.0765858579477,205.46742872266125,120.92695308253684,opiates_purple,warm_indoor,120,23,120
155.43441716367482,200.10877822077302,87.51369881245256,opiates_purple,overcast,87,18,73
150.43116207410608,176.5880101705174,129.46628459167104,opiates_purple,harsh_direct,129,39,125
156.75028272879644,197.15219965611504,116.51059162035186,opiates_purple,daylight,116,26,93
160.34687401458072,173.56729487545618,111.18996292284427,opiates_purple,fluorescent,111,35,82
154.18136423719338,207.42842421885297,107.99137866265646,opiates_purple,warm_indoor,107,20,93
156.83472069338848,166.47054657096135,107.35620801633685,opiates_purple,overcast,107,37,89
155.30165271149954,192.71060924269815,140.32793402623335,opiates_purple,harsh_direct,140,34,118
149.82348603370227,175.7868040274724,49.93068704159123,opiates_purple,daylight,49,15,49
148.7838930328768,153.43428076168345,91.82093325674313,opiates_purple,fluorescent,91,36,91
146.06427335288546,188.12922116798154,40.742609177194836,opiates_purple,warm_indoor,37,10,40
153.80979204666886,171.5977305628924,57.1995322171702,opiates_purple,overcast,57,18,51
149.5041018456768,174.75672082199944,128.62273753652582,opiates_purple,harsh_direct,128,40,127
152.24341509755982,176.47127767595973,89.27251940052062,opiates_purple,daylight,89,27,82
152.20486622398084,178.814254699357,114.27983462285613,opiates_purple,fluorescent,114,34,106
148.85305153658578,197.02105081979133,62.41992829114274,opiates_purple,warm_indoor,61,14,62
150.80630004269202,167.49958991421718,72.12602996008769,opiates_purple,overcast,72,24,69
152.12764036702157,189.28281647731697,110.38438170489592,opiates_purple,harsh_direct,110,28,102
149.7084105637973,176.8731548923917,125.55474117150348,opiates_purple,daylight,125,38,123
150.49375661647474,170.36340962381638,111.05684346761089,opiates_purple,fluorescent,111,36,107
147.09020791123385,186.98534915934232,109.21684177211326,opiates_purple,warm_indoor,103,29,109
150.0612228670234,205.35219305161678,81.83092600908405,opiates_purple,overcast,81,15,79
150.5399870073813,189.57637034738852,116.8936407296013,opiates_purple,harsh_direct,116,29,112
161.6758082190288,193.17250879484098,144.76302664907288,opiates_purple,daylight,144,35,98
162.3031821511036,185.6231212126802,108.03663991741718,opiates_purple,fluorescent,108,29,73
157.47124514112286,196.94759570196763,82.41178714759006,opiates_purple,warm_indoor,82,18,64
161.75933832430243,182.10134324079897,92.62648781582217,opiates_purple,overcast,92,26,64
158.20963725981807,201.67996278615263,176.43817256912257,opiates_purple,harsh_direct,176,36,134
151.76108334659827,201.18734671341343,65.7552324942034,opiates_purple,daylight,65,13,61
154.90161722331536,164.15726549065147,104.16167419933564,opiates_purple,fluorescent,104,37,91
154.45218717407366,188.6634935358172,72.80035478022032,opiates_purple,warm_indoor,72,18,63
154.40621629618562,179.46527298503145,42.48828615232024,opiates_purple,overcast,42,12,37
153.30408580848214,169.4850529516512,85.93666270941208,opiates_purple,harsh_direct,85,28,78
155.8509059189,169.27145879509973,111.48150714695267,opiates_purple,daylight,111,37,94
157.14427924982908,151.87384869216652,105.11475254911515,opiates_purple,fluorescent,105,42,88
149.67936321668577,172.20938070354774,101.35427169296712,opiates_purple,warm_indoor,101,32,100
153.72221885627786,171.9953336933198,80.00955949356728,opiates_purple,overcast,80,26,71
155.493423322679,156.64912753548958,112.80170269455459,opiates_purple,harsh_direct,112,43,98
155.28679405299184,166.66340343160994,63.23908694299034,opiates_purple,daylight,63,21,54
152.34656103078055,166.23066260187173,87.9588644662631,opiates_purple,fluorescent,87,30,81
150.19813690754123,182.3611851710922,62.80114788250262,opiates_purple,warm_indoor,62,17,61
156.47937948070037,158.2022389799197,63.79660693127501,opiates_purple,overcast,63,24,54
153.16618119439687,182.95402031846206,96.94041478818941,opiates_purple,harsh_direct,96,27,87
152.11079489216223,213.31269294934475,83.5780086096729,opiates_purple,daylight,83,13,76
154.65930769507287,177.8921714799466,81.92149448740727,opiates_purple,fluorescent,81,24,71
141.78525579250615,189.16129496439433,64.72558313202848,opiates_purple,warm_indoor,52,16,64
151.59675216875218,184.317992593626,57.7035732650824,opiates_purple,overcast,57,15,54
150.7490817299966,183.3930973436385,102.05157042759923,opiates_purple,harsh_direct,102,28,98
157.19920972558177,138.6958591584421,87.1378095076892,opiates_purple,daylight,87,39,74
156.84689481955795,152.4409318735127,92.94695738605738,opiates_purple,fluorescent,92,37,78
150.179781022677,180.70370188017668,70.29962833650774,opiates_purple,warm_indoor,70,20,68
155.72373926161677,133.23709648363112,64.60495291959441,opiates_purple,overcast,64,30,57
154.64339189300904,171.41254241279339,109.90121362311598,opiates_purple,harsh_direct,109,36,96
159.29642109884213,213.46684094683837,86.1473165446647,opiates_purple,daylight,86,14,61
160.0829788725468,173.16480746727467,127.44157218786981,opiates_purple,fluorescent,127,40,95
157.53097696538947,216.74114979198472,88.49288381113941,opiates_purple,warm_indoor,88,13,67
156.17518529922245,205.370705370389,94.0081629107316,opiates_purple,overcast,94,18,76
152.94994605262613,217.76062528635387,118.94695643212609,opiates_purple,harsh_direct,118,17,106
140.60025911367106,182.89368397233963,83.30921807111162,opiates_purple,daylight,66,23,83
151.6339328003414,195.55046255558815,106.23586355495397,opiates_purple,fluorescent,106,24,99
143.07693050519657,199.51896349138912,82.75798018417659,opiates_purple,warm_indoor,69,18,82
145.50457675921314,165.17945799898402,59.18536094899335,opiates_purple,overcast,54,20,59
145.91491559056135,192.67269074607475,90.63814974299538,opiates_purple,harsh_direct,83,22,90
155.5338121614138,181.30918599712908,78.75794859832233,opiates_purple,daylight,78,22,66
156.10547230891237,179.64891995977152,88.97827209713844,opiates_purple,fluorescent,88,26,74
153.03450021180115,169.7867612139089,46.53227505624719,opiates_purple,warm_indoor,46,15,42
158.86441994711697,169.55215316955443,58.72434360826142,opiates_purple,overcast,58,19,46
155.19513259303736,176.24922081935068,113.77697770301562,opiates_purple,harsh_direct,113,35,97
158.37070952097505,197.25615593738894,84.51556770979786,opiates_purple,daylight,84,19,64
160.86693953359386,181.43070148998436,112.61998117920066,opiates_purple,fluorescent,112,32,81
156.28506199202477,207.4052290437066,63.10177726771913,opiates_purple,warm_indoor,63,11,50
160.96133927382576,183.05666555682274,80.15363331118377,opiates_purple,overcast,80,22,57
156.79300225757052,204.70251075162943,133.41504914862605,opiates_purple,harsh_direct,133,26,106
150.58522201153673,152.6099298825868,89.4418565694765,opiates_purple,daylight,89,35,86
151.60485124792282,157.82375831485928,93.82455256352608,opiates_purple,fluorescent,93,35,89
152.89847974377557,159.6751410336194,95.0916664738238,opiates_purple,warm_indoor,95,35,87
153.29384359784808,171.91496475292973,59.012070484572206,opiates_purple,overcast,59,19,53
151.66268698990964,181.48902999997068,101.77146248154195,opiates_purple,harsh_direct,101,29,95
154.42722599187505,148.9831960664741,97.87972723268233,opiates_purple,daylight,97,40,87
161.2571277066683,148.75196178291628,140.73949180915264,opiates_purple,fluorescent,140,58,107
154.16495334017566,155.28171696767862,77.37587491887425,opiates_purple,warm_indoor,77,30,69
159.2791015750966,144.3015944675549,73.02690724087611,opiates_purple,overcast,73,31,59
155.64257299384948,165.63862429912572,124.85948941632884,opiates_purple,harsh_direct,124,43,107
148.22480181798804,154.1269266633423,110.99670207196574,opiates_purple,daylight,108,43,110
150.6128701156944,133.1143507891289,118.02452144148415,opiates_purple,fluorescent,118,56,115
146.22499039902544,160.21346815404513,102.78518518156282,opiates_purple,warm_indoor,96,38,102
153.80794508679583,146.2885676431883,85.38529923742632,opiates_purple,overcast,85,36,77
149.20879424250484,162.31159917206082,141.27770210775543,opiates_purple,harsh_direct,141,51,141
157.92676519151948,219.32074974774486,84.48442520035908,opiates_purple,daylight,84,11,63
164.2787196147388,199.80632852163805,116.26968401563546,opiates_purple,fluorescent,116,25,70
156.24589110311936,221.28808607670405,72.46205866476441,opiates_purple,warm_indoor,72,9,57
161.06995515894752,197.251551641261,56.34137271403826,opiates_purple,overcast,56,12,38
160.37802459026793,212.7664400325953,100.1547976536176,opiates_purple,harsh_direct,100,16,68
154.05820086305513,188.8224652710376,75.1361595627634,opiates_purple,daylight,75,19,66
152.63709835455379,182.182745916797,102.24548559021116,opiates_purple,fluorescent,102,29,93
147.4389169407835,200.74206519743313,81.09421153858212,opiates_purple,warm_indoor,77,17,81
151.57010930612913,165.05885371764555,62.03026223473523,opiates_purple,overcast,62,21,58
149.5939349174202,164.767788638768,108.30930509289114,opiates_purple,harsh_direct,108,38,107
156.43228064918958,216.16455377777285,113.7601395006769,opiates_purple,daylight,113,17,90
160.21925589157968,159.4871415780943,127.57670482482938,opiates_purple,fluorescent,127,47,98
156.0438883419027,198.2638456536049,105.85417468668984,opiates_purple,warm_indoor,105,23,86
158.51772771529963,167.45573263035791,119.01405145185852,opiates_purple,overcast,119,40,94
160.3993741658168,188.44030768942724,149.06677019410523,opiates_purple,harsh_direct,149,38,107
159.90809040504547,186.94569835199084,106.16920376591001,opiates_purple,daylight,106,28,78
157.58105417504453,152.39851570228697,112.73884453476137,opiates_purple,fluorescent,112,45,93
150.99264168262758,191.58126164785472,111.45282531586587,opiates_purple,warm_indoor,111,27,106
157.7916270070557,189.03767229603682,92.27000280360218,opiates_purple,overcast,92,23,72
152.53966463902714,173.36839879963006,136.42810837145328,opiates_purple,harsh_direct,136,43,125
161.6379218609567,187.44151801535332,111.35229384800544,opiates_purple,daylight,111,29,77
165.20267337506027,183.24567323888792,137.9883466177287,opiates_purple,fluorescent,137,38,84
156.86306126591882,207.1934622112728,99.77484562641283,opiates_purple,warm_indoor,99,18,78
160.66442831748844,191.63734643596578,96.18180373134295,opiates_purple,overcast,96,23,68
160.84077533704496,213.1107480518279,139.25848259411245,opiates_purple,harsh_direct,139,22,93
165.18796308010207,182.7645230195668,95.32477719952075,opiates_purple,daylight,95,27,58
161.78027681534718,175.80590778936278,129.4158223886126,opiates_purple,fluorescent,129,40,91
160.17952755730644,189.83883015735708,101.99211059353064,opiates_purple,warm_indoor,101,26,73
163.64915139213613,165.9009398657255,94.68012870819713,opiates_purple,overcast,94,33,64
163.37685379510967,186.23716416078315,121.11172791607586,opiates_purple,harsh_direct,121,32,78
156.0730087793852,179.13045339426176,98.18064080623286,opiates_purple,daylight,98,29,82
160.20024591767123,189.06488341711938,114.32361825811007,opiates_purple,fluorescent,114,29,82
154.02626233692382,174.86130718349236,91.06306272677011,opiates_purple,warm_indoor,91,28,80
160.50285313234772,194.0994402973454,85.75723733631855,opiates_purple,overcast,85,20,60
154.43369037316847,193.27047434555757,151.28929594561993,opiates_purple,harsh_direct,151,36,131
159.50980543230295,219.22109466413778,90.30778465031922,opiates_purple,daylight,90,12,63
161.32892167406035,189.9204638164569,100.06424542824652,opiates_purple,fluorescent,100,25,69
154.92244337849513,208.141736357812,95.4519791296461,opiates_purple,warm_indoor,95,17,80
162.15876189696192,202.10639191282084,71.83707009775532,opiates_purple,overcast,71,14,47
156.4147266186628,201.30539787709657,118.60290939078342,opiates_purple,harsh_direct,118,24,95
152.95446061694878,197.69712442850766,128.99798844118283,opiates_purple,daylight,128,28,116
153.4442604823776,193.4321078366423,126.96197218572435,opiates_purple,fluorescent,126,30,113
149.58958159835817,213.83437446273183,95.92160974780427,opiates_purple,warm_indoor,95,15,94
154.1549046465367,216.1720649842532,81.55802490840175,opiates_purple,overcast,81,12,69
150.38708226592627,214.58650500398812,126.04362201328456,opiates_purple,harsh_direct,126,19,121
156.09064370200988,139.7193287706356,142.6899253113736,opiates_purple,daylight,142,64,124
161.79358319445063,146.28346469120876,162.97432218212398,opiates_purple,fluorescent,162,69,123
153.82648946452576,174.45245840567824,122.96104993186597,opiates_purple,warm_indoor,122,38,109
157.989879948996,119.57307292776281,121.65995891258528,opiates_purple,overcast,121,64,104
154.07249003888577,159.03257880745045,181.71238939200478,opiates_purple,harsh_direct,181,68,163
145.6541722664776,156.2944072401252,101.7983693568521,opiates_purple,daylight,94,39,101
148.55468889770935,146.16242334661177,97.9008966139318,opiates_purple,fluorescent,96,41,97
148.62400654079906,177.34767801694608,111.19984438701702,opiates_purple,warm_indoor,109,33,111
149.7082617952387,175.62231397675137,97.13604967618323,opiates_purple,overcast,97,30,95
147.31363398823868,178.5288812382149,132.02339497337553,opiates_purple,harsh_direct,126,39,132
159.49684165683001,180.96344518849642,112.21010715944941,opiates_purple,daylight,112,32,84
154.49065948478463,173.6710331824675,152.18715475423485,opiates_purple,fluorescent,152,48,133
155.60700708832286,183.7822590822672,104.01692016149332,opiates_purple,warm_indoor,104,29,87
155.24961962964753,169.38791623448918,105.79562159824373,opiates_purple,overcast,105,35,91
153.97151890083745,177.47404255279775,113.74181168278629,opiates_purple,harsh_direct,113,34,100
153.82158834188235,142.08194882658873,89.05358497800188,opiates_purple,daylight,89,39,81
156.6582361403229,150.09373852383592,100.31479079650121,opiates_purple,fluorescent,100,41,85
151.3345159192246,178.7745495609868,85.05527471241633,opiates_purple,warm_indoor,85,25,80
157.65197783813565,156.9186566646245,80.84105783477514,opiates_purple,overcast,80,31,66
151.95023653904002,182.04138654366193,140.32536047284614,opiates_purple,harsh_direct,140,40,130
159.06632637249675,168.4331819647652,118.15366932997078,opiates_purple,daylight,118,40,92
162.96209685567027,163.79247237486695,139.86812685000044,opiates_purple,fluorescent,139,50,98
157.51697874469954,168.5518211884551,124.17195465704332,opiates_purple,warm_indoor,124,42,101
158.4309606981764,179.05310404104327,73.3234671850191,opiates_purple,overcast,73,21,57
160.3906717343042,175.37144264579217,153.1142059917767,opiates_purple,harsh_direct,153,47,113
156.9415829842913,162.68083980370034,112.53364087481417,opiates_purple,daylight,112,40,93
153.8850327839223,156.88907254251546,131.6356627417225,opiates_purple,fluorescent,131,50,118
148.5554299388397,162.345659834534,112.41649435874298,opiates_purple,warm_indoor,110,40,112
152.6241622540079,145.51311706910462,106.64016246363111,opiates_purple,overcast,106,45,99
157.50579342162234,169.43168133809036,169.72820899577346,opiates_purple,harsh_direct,169,56,138
150.1298347200772,176.84825585379411,123.26453248670921,opiates_purple,daylight,123,37,120
146.14484811112575,174.4300001163062,133.27192286669546,opiates_purple,fluorescent,124,42,133
145.8605867241629,175.3229001165165,131.33759070198667,opiates_purple,warm_indoor,121,41,131
151.88271554424867,147.97454659402456,95.23270768953893,opiates_purple,overcast,95,39,90
150.39131211059228,164.36754323133516,139.92362616804084,opiates_purple,harsh_direct,139,49,136
151.79120077665283,177.17517138716408,116.98621934286646,opiates_purple,daylight,116,35,109
155.97296303601885,176.80562315890631,110.13326154439562,opiates_purple,fluorescent,110,33,92
148.71763105661933,205.9195267132432,87.32118759442369,opiates_purple,warm_indoor,86,16,87
149.732558300445,180.93579418116812,95.11270221497809,opiates_purple,overcast,95,27,93
150.27042436922736,189.21594402549596,110.23084945704258,opiates_purple,harsh_direct,110,28,107
154.25465943042352,154.21194944321292,124.72102340531345,opiates_purple,daylight,124,49,111
160.37599607729427,129.81000652103688,130.08390674952634,opiates_purple,fluorescent,130,63,105
155.62940501722667,137.69906269237404,91.05089317379237,opiates_purple,warm_indoor,91,41,80
158.00548576282964,153.15248260471262,86.64508710317942,opiates_purple,overcast,86,34,71
158.64471623058856,158.818950927724,127.62942103659809,opiates_purple,harsh_direct,127,48,102
150.95543440103606,180.3630574823474,91.66358602362428,opiates_purple,daylight,91,26,87
159.04702737378017,175.95267537511074,110.1876478783512,opiates_purple,fluorescent,110,34,85
155.71237013915606,160.79389519695442,77.83290879646387,opiates_purple,warm_indoor,77,28,67
160.19708158304516,187.464398650469,58.48350664263036,opiates_purple,overcast,58,15,42
155.14029352395175,198.31279309556518,111.01027085684957,opiates_purple,harsh_direct,111,24,93
160.5516791266168,175.81685888731917,88.3161918890693,mdma_purple_black,daylight,88,27,65
163.88836799723742,148.71307086241742,94.63953817719234,mdma_purple_black,fluorescent,94,39,67
156.7916421935018,164.64514765699266,66.82096561111067,mdma_purple_black,warm_indoor,66,23,55
161.39156379846966,163.6250026552381,52.23151863124535,mdma_purple_black,overcast,52,18,38
158.9451631852889,160.308094433958,84.70039398700078,mdma_purple_black,harsh_direct,84,31,67
160.08828757678575,181.4293515703125,82.53296734815768,mdma_purple_black,daylight,82,23,61
156.08847775634106,169.26149409906108,82.5719245555745,mdma_purple_black,fluorescent,82,27,69
154.6781388154002,167.74890969848695,64.83928333588696,mdma_purple_black,warm_indoor,64,22,56
165.11124448228625,172.93187905913203,35.71443012665894,mdma_purple_black,overcast,35,11,22
159.4319075179519,189.92329038422037,97.15008007890455,mdma_purple_black,harsh_direct,97,24,72
154.9447349288296,186.70529320251495,71.07716997005086,mdma_purple_black,daylight,71,19,60
157.325854243942,182.94217295469264,81.32238922843271,mdma_purple_black,fluorescent,81,22,65
155.47681585755433,189.04064284840948,61.27701864324166,mdma_purple_black,warm_indoor,61,15,51
163.87631207215364,182.9427911227185,55.6500483470499,mdma_purple_black,overcast,55,15,35
157.48032457187296,173.38676459152782,94.78779731265328,mdma_purple_black,harsh_direct,94,30,76
157.44519418277739,167.41414000822837,78.56306705477903,mdma_purple_black,daylight,78,26,64
158.67201897339973,174.08250437440103,118.19229204888435,mdma_purple_black,fluorescent,118,37,92
155.7191753224301,179.99357683161537,85.5166384737107,mdma_purple_black,warm_indoor,85,25,72
156.00711075986405,185.01318948338212,36.870734292066274,mdma_purple_black,overcast,36,10,30
155.8204284025371,185.4436140727243,115.21178208091892,mdma_purple_black,harsh_direct,115,31,96
155.24996054300658,167.20760577784645,33.23353519646038,mdma_purple_black,daylight,33,11,28
159.58346199421922,174.91799341523563,24.03206167042977,mdma_purple_black,fluorescent,24,7,18
147.58796116966434,171.77424323731543,27.315582813388332,mdma_purple_black,warm_indoor,26,8,27
154.36639921487972,171.8970272458451,0.0,mdma_purple_black,overcast,0,0,0
157.32602745091882,161.05087552074977,23.253324199745137,mdma_purple_black,harsh_direct,23,8,19
159.47296596922902,172.65246431615665,54.81181062452893,mdma_purple_black,daylight,54,17,41
162.5348414245347,160.32023547698824,26.556447006849126,mdma_purple_black,fluorescent,26,9,19
159.3031385025876,214.8535161788025,1.2138933622866261,mdma_purple_black,warm_indoor,1,0,0
159.5429559366823,177.40590405905428,8.31016068442554,mdma_purple_black,overcast,8,2,6
158.57998746206735,204.6316694500651,34.08014762510459,mdma_purple_black,harsh_direct,34,6,25
158.05558017510793,133.6714923983466,93.09698991260879,mdma_purple_black,daylight,93,44,78
160.38191035155413,144.79614932440577,109.09184767196876,mdma_purple_black,fluorescent,109,47,85
153.27214563200363,150.26635884914774,62.733974732573216,mdma_purple_black,warm_indoor,62,25,57
159.97368554672946,152.54510392931033,40.89249118439743,mdma_purple_black,overcast,40,16,32
157.19038611564955,162.78565522124316,109.11338221168684,mdma_purple_black,harsh_direct,109,39,90
149.9204523179663,160.58961342344824,10.102909865443252,mdma_purple_black,daylight,10,3,9
161.25391587408106,155.01366203577595,45.007158623726966,mdma_purple_black,fluorescent,45,17,33
152.1631457582077,177.9204750068228,9.219474071175469,mdma_purple_black,warm_indoor,9,2,8
155.82380602943715,173.53971036268211,0.0,mdma_purple_black,overcast,0,0,0
153.82528215508393,171.6893028061677,31.84440355368092,mdma_purple_black,harsh_direct,31,10,28
160.03979871619546,197.7814654218136,23.79020262463068,mdma_purple_black,daylight,23,5,17
158.9120855096428,184.80768104184446,66.31519894737946,mdma_purple_black,fluorescent,66,18,50
151.88266643868528,189.03869996221658,53.82046019114881,mdma_purple_black,warm_indoor,53,13,50
160.56401396220505,170.31378640462822,19.051179636511904,mdma_purple_black,overcast,19,6,14
156.88127839848025,203.79635392478366,94.34368849364589,mdma_purple_black,harsh_direct,94,18,74
157.14725390196645,118.76168859943334,81.74032620167311,mdma_purple_black,daylight,81,43,71
161.84864061774536,106.67064780229018,105.84197472946688,mdma_purple_black,fluorescent,105,61,87
153.06742144443368,152.5997177287907,69.66621319617208,mdma_purple_black,warm_indoor,69,27,64
160.83180175504503,134.9289005509205,56.70732038595831,mdma_purple_black,overcast,56,26,44
158.42604844621175,144.58314492972602,104.10385535009524,mdma_purple_black,harsh_direct,104,45,85
155.24994405504978,143.47289765593135,94.86021984431395,mdma_purple_black,daylight,94,41,83
159.02152572996062,136.2754579702864,89.86508822708117,mdma_purple_black,fluorescent,89,41,74
150.42398937907186,139.94990337692573,61.93815371247207,mdma_purple_black,warm_indoor,61,27,60
154.83097624027369,150.47869150428443,49.26782313108612,mdma_purple_black,overcast,49,20,43
153.2823091071846,183.12825263595144,111.85218953078476,mdma_purple_black,harsh_direct,111,31,100
156.891012053926,162.01787458956983,73.813456887674,mdma_purple_black,daylight,73,26,61
156.7700790331821,157.59154940656563,94.81891964724932,mdma_purple_black,fluorescent,94,36,79
150.99560721478295,179.27868621772234,66.81628181343677,mdma_purple_black,warm_indoor,66,19,63
157.71057331750117,168.59983017705414,57.58828493417242,mdma_purple_black,overcast,57,19,46
155.3584049631325,145.10154479115985,110.01730536083478,mdma_purple_black,harsh_direct,110,47,97
160.43130367824662,180.42459915471608,51.267000579645654,mdma_purple_black,daylight,51,14,37
160.68455270421958,144.6654172616006,50.79363553068562,mdma_purple_black,fluorescent,50,21,39
157.45282033883782,172.06380800788787,24.347974300937892,mdma_purple_black,warm_indoor,24,7,19
161.0062111216287,166.7069350794054,29.036034988612073,mdma_purple_black,overcast,29,10,21
159.5493677148263,171.00352880370826,58.54039384467876,mdma_purple_black,harsh_direct,58,19,44
154.7893408314796,126.30954782762983,66.02921419452458,mdma_purple_black,daylight,66,33,59
150.48071845640544,138.63997285629242,97.96153897783383,mdma_purple_black,fluorescent,97,44,95
151.19645912820465,145.0237179933095,56.85215890428704,mdma_purple_black,warm_indoor,56,24,54
157.1147079072282,121.52656703708672,36.32037318150256,mdma_purple_black,overcast,36,19,31
155.79537469307027,141.99455084933604,94.70450728309564,mdma_purple_black,harsh_direct,94,41,82
158.57644020896538,158.5875867495546,68.31751326334413,mdma_purple_black,daylight,68,25,54
163.07281394868085,144.71523592328887,80.41281757562624,mdma_purple_black,fluorescent,80,34,59
155.26895235276726,149.9201305211841,53.720689479127174,mdma_purple_black,warm_indoor,53,22,47
161.03813111604404,134.099541219919,43.16031403732838,mdma_purple_black,overcast,43,20,34
161.64683805106486,166.3438391458062,84.33324153079423,mdma_purple_black,harsh_direct,84,29,61
159.62956357569288,170.09310877743695,77.72235262284146,mdma_purple_black,daylight,77,25,59
165.40408810443003,165.21542435388358,85.63142562405412,mdma_purple_black,fluorescent,85,30,55
162.28264069230755,189.37115642050037,64.21054372603695,mdma_purple_black,warm_indoor,64,16,43
161.02529724990308,168.98129479471558,67.96138386379698,mdma_purple_black,overcast,67,22,50
164.23238841628182,172.9810022059646,103.65588748121124,mdma_purple_black,harsh_direct,103,33,68
154.22645505336016,173.6079107969853,61.07313983975183,mdma_purple_black,daylight,61,19,54
158.9604898202247,159.089489767876,45.596086705375896,mdma_purple_black,fluorescent,45,17,36
153.51746094511415,160.14386680709202,22.05013629698081,mdma_purple_black,warm_indoor,22,8,20
158.9986825690597,169.5295780543195,43.22410892297181,mdma_purple_black,overcast,43,14,33
153.91705060659754,186.84238764564526,53.39183824187401,mdma_purple_black,harsh_direct,53,14,47
154.6583642245572,175.3407046196548,39.22227937374748,mdma_purple_black,daylight,39,12,34
157.32847586480293,189.40907388504942,57.8279020698279,mdma_purple_black,fluorescent,57,14,46
150.04129586947093,177.6475066945019,47.522567653434905,mdma_purple_black,warm_indoor,47,14,46
156.59285512001819,147.21265307027434,26.87656507025889,mdma_purple_black,overcast,26,11,23
155.91476822095234,181.4925695196612,85.73003733366446,mdma_purple_black,harsh_direct,85,24,71
157.08808130572172,172.58294402023776,36.601522493242214,mdma_purple_black,daylight,36,11,30
167.45925783209566,160.06080553507277,31.758931588002255,mdma_purple_black,fluorescent,31,11,19
155.33881745022123,175.5398128331019,28.03620406330664,mdma_purple_black,warm_indoor,28,8,24
161.73653547273742,176.34977211187586,18.935466292715617,mdma_purple_black,overcast,18,5,13
160.04170908477212,189.5014172653332,55.108066166456524,mdma_purple_black,harsh_direct,55,14,40
155.71782617355555,178.09279981029152,36.432722557050724,mdma_purple_black,daylight,36,10,30
156.96903539361236,165.26031523882298,83.90349620484866,mdma_purple_black,fluorescent,83,29,69
151.08351196132918,171.65826936507915,26.782139566793887,mdma_purple_black,warm_indoor,26,8,25
154.91008477285698,173.77001319243197,21.169756858952283,mdma_purple_black,overcast,21,6,18
158.0350752771986,185.0543597722422,95.84991347412065,mdma_purple_black,harsh_direct,95,26,75
158.73565670440664,183.5758519276615,74.44851215551807,mdma_purple_black,daylight,74,20,57
156.15254666303903,163.01788768545694,105.26026279063834,mdma_purple_black,fluorescent,105,37,89
150.29328889311057,185.45167572750367,79.90689314547498,mdma_purple_black,warm_indoor,79,21,77
157.34002931455657,175.60754607542648,67.44093481898312,mdma_purple_black,overcast,67,20,54
157.56046205894415,161.6679856886268,104.17988612438901,mdma_purple_black,harsh_direct,104,38,85
158.12164987278075,172.04972180251121,63.801185803755274,mdma_purple_black,daylight,63,20,50
160.16781752142091,161.10968527383162,60.81485216298262,mdma_purple_black,fluorescent,60,22,46
149.60170573844806,189.73535124130987,20.220305018367853,mdma_purple_black,warm_indoor,20,5,20
157.98457546227337,210.9560935970658,32.805150406288874,mdma_purple_black,overcast,32,5,24
157.57224516951416,156.99101318693235,73.38243677721229,mdma_purple_black,harsh_direct,73,28,60
152.95274524383885,177.53640431947386,71.06770278209171,mdma_purple_black,daylight,71,21,64
151.71035406261078,193.6672639917382,73.29128856457402,mdma_purple_black,fluorescent,73,17,68
154.5432156104181,193.83114264224758,25.785638841378116,mdma_purple_black,warm_indoor,25,6,22
152.69891828479993,173.2481024043566,72.56599301103861,mdma_purple_black,overcast,72,23,66
152.7745589568989,178.85984254587126,104.36338357498792,mdma_purple_black,harsh_direct,104,31,95
159.9625019320578,170.3891777152931,62.32083688008305,mdma_purple_black,daylight,62,20,47
156.44904043628745,133.5850501430848,68.52204042670863,mdma_purple_black,fluorescent,68,32,59
156.52127505274322,159.03708056158166,59.83623822747977,mdma_purple_black,warm_indoor,59,22,50
153.45527206767656,134.56966522516822,43.840474301534286,mdma_purple_black,overcast,43,20,40
157.7895632626125,153.12243210594545,103.10040378866879,mdma_purple_black,harsh_direct,103,41,85
157.7927931821314,167.3937123116852,78.72526714121051,mdma_purple_black,daylight,78,27,63
160.17012377975595,161.8245955145665,115.90264510081337,mdma_purple_black,fluorescent,115,42,88
153.63865383175272,204.1582206855457,85.82005654616034,mdma_purple_black,warm_indoor,85,17,75
158.08024632518178,197.67401983363357,73.05488913121623,mdma_purple_black,overcast,73,16,56
162.5157915936999,173.245195902303,103.31785247995245,mdma_purple_black,harsh_direct,103,33,71
149.2176865130802,169.07092966470262,66.67555947475205,mdma_purple_black,daylight,66,22,66
147.79259852597968,136.23240224912877,81.78046285244127,mdma_purple_black,fluorescent,79,38,81
144.7169315585921,179.88588980702863,72.349275968354,mdma_purple_black,warm_indoor,64,21,72
148.25850046486863,146.84563136864358,57.446712879290345,mdma_purple_black,overcast,56,24,57
144.38283397417504,194.38647723973614,96.36344735326901,mdma_purple_black,harsh_direct,84,22,96
146.70737229377195,156.83147715226778,41.94727308116289,mdma_purple_black,daylight,39,16,41
150.42349146634578,149.08134972107686,76.61268908559126,mdma_purple_black,fluorescent,76,31,74
148.58831153578996,166.73388371587748,65.17489549043485,mdma_purple_black,warm_indoor,64,22,65
145.35199077159209,124.73194145804436,43.060793846528895,mdma_purple_black,overcast,40,21,43
152.93327582250228,147.55626306649037,88.64478411993917,mdma_purple_black,harsh_direct,88,37,82
154.2053584857621,170.83932707868456,47.27959677836024,mdma_purple_black,daylight,47,15,41
159.25031876501055,171.4446725715973,54.77117464297203,mdma_purple_black,fluorescent,54,17,42
155.49223305422362,197.57402075354477,52.45735736896306,mdma_purple_black,warm_indoor,52,11,43
153.69640859971136,200.82077172652157,42.16557463628398,mdma_purple_black,overcast,42,8,37
156.64063197409007,200.71051423084654,96.81026291484461,mdma_purple_black,harsh_direct,96,20,77
159.80731607037643,161.99565272227795,76.6765112888765,mdma_purple_black,daylight,76,27,59
156.1450120364453,147.87538161863824,99.50131181941497,mdma_purple_black,fluorescent,99,41,86
154.2838495470726,165.2634479053626,76.8911553883,mdma_purple_black,warm_indoor,76,27,68
154.1689068678834,178.51077987856758,51.47691092834164,mdma_purple_black,overcast,51,15,45
157.36221650219147,180.00297580522562,100.05975985175775,mdma_purple_black,harsh_direct,100,29,80
158.99692050673607,164.2934107920471,77.99718657208405,mdma_purple_black,daylight,77,27,61
159.99581238358434,166.02472328310284,65.86229304540029,mdma_purple_black,fluorescent,65,22,50
157.73047788058022,174.67391239192614,16.951948569105028,mdma_purple_black,warm_indoor,16,5,13
159.9073922759988,191.7612448220964,54.7243585549499,mdma_purple_black,overcast,54,13,39
160.27243860102138,171.22648625694345,78.13895673563133,mdma_purple_black,harsh_direct,78,25,58
157.02462937972436,158.12213459650187,33.34091275607459,mdma_purple_black,daylight,33,12,27
154.8743029064578,118.95348018461976,66.63903423743469,mdma_purple_black,fluorescent,66,35,60
153.92515542503358,200.13114276927678,4.62607325791619,mdma_purple_black,warm_indoor,4,0,4
157.02897374543608,151.09517867641318,35.848435996571794,mdma_purple_black,overcast,35,14,30
153.01707285765784,141.15616699403472,41.56973318220675,mdma_purple_black,harsh_direct,41,18,38
153.33529268932392,171.37670121265626,63.64558705933477,mdma_purple_black,daylight,63,20,57
152.64469594033386,151.20084234108586,66.68776690408869,mdma_purple_black,fluorescent,66,27,62
148.64142255926507,162.81943090712954,39.901198266054294,mdma_purple_black,warm_indoor,39,14,39
149.45527633871336,157.75415691194897,47.829417860313896,mdma_purple_black,overcast,47,18,47
153.63658940685715,178.03355717937362,62.60839197700429,mdma_purple_black,harsh_direct,62,18,56
148.14740836801218,193.27922451866573,68.20896157675583,mdma_purple_black,daylight,66,16,68
151.86124594986586,148.3089827815493,122.02023388973845,mdma_purple_black,fluorescent,122,51,115
150.3814123421063,179.42824563738088,71.2127460940757,mdma_purple_black,warm_indoor,71,21,69
151.3507306912569,166.59143465003342,72.57728922283883,mdma_purple_black,overcast,72,25,69
154.11964271895943,181.5030497036132,123.1662423802891,mdma_purple_black,harsh_direct,123,35,108
165.0736446954368,131.367195042082,73.44250435727909,mdma_purple_black,daylight,73,35,53
162.56725103923566,149.73792342229956,94.29619298293375,mdma_purple_black,fluorescent,94,38,69
160.37105964851924,138.72170423954344,83.84056290710325,mdma_purple_black,warm_indoor,83,38,66
161.34980089886858,160.35053819523384,50.20147772820256,mdma_purple_black,overcast,50,18,37
161.96812808978692,148.76748933571469,136.65416137194995,mdma_purple_black,harsh_direct,136,56,102
164.09787774107198,186.93366627004477,65.2584328315605,mdma_purple_black,daylight,65,17,41
165.81491175202763,182.07917930172576,76.26766251835818,mdma_purple_black,fluorescent,76,21,45
159.91339954145585,184.90198975028994,49.18313147091028,mdma_purple_black,warm_indoor,49,13,36
166.35098983777385,162.81777029935807,30.383462485475135,mdma_purple_black,overcast,30,10,19
162.42063531460016,183.08035804363544,114.412876955568,mdma_purple_black,harsh_direct,114,32,77
158.14837424046613,194.77136291033057,80.12313292695016,mdma_purple_black,daylight,80,18,61
161.84037892162615,171.59785301081368,72.21988403779471,mdma_purple_black,fluorescent,72,23,51
155.65528758709655,202.47151479551167,43.51684626899015,mdma_purple_black,warm_indoor,43,8,36
159.43895329506253,192.29352860444598,51.793834405734245,mdma_purple_black,overcast,51,12,38
156.7126496514972,170.29731363908286,69.08652299153941,mdma_purple_black,harsh_direct,69,22,57
162.4810877462937,166.78993490497763,82.55902470345046,mdma_purple_black,daylight,82,28,58
162.0873216962501,134.87349994323463,72.54461773004022,mdma_purple_black,fluorescent,72,34,55
158.00758839104822,199.95028626478978,23.22141808143607,mdma_purple_black,warm_indoor,23,5,17
162.91030157728946,178.4821128830171,15.848839238297401,mdma_purple_black,overcast,15,4,10
160.22474486077715,190.7314951548447,76.0069811685058,mdma_purple_black,harsh_direct,76,19,54
162.94132123134025,173.0634934241815,46.35962962038285,mdma_purple_black,daylight,46,14,31
165.196004840754,163.2164438857819,63.0568202088558,mdma_purple_black,fluorescent,63,22,41
157.26155512960327,195.50606159497596,44.88673506796198,mdma_purple_black,warm_indoor,44,10,35
161.74100616816858,163.54407385320107,34.87546015301734,mdma_purple_black,overcast,34,12,25
163.27467287172615,197.54419300890066,73.57106137452871,mdma_purple_black,harsh_direct,73,16,46
156.55621091091479,144.7918863098619,85.0566893612917,mdma_purple_black,daylight,85,36,73
162.30963664281086,155.98879668648607,94.82053552953363,mdma_purple_black,fluorescent,94,36,69
156.00438282139052,166.60819785295476,78.1449256621802,mdma_purple_black,warm_indoor,78,27,66
163.28710928783008,152.3158838518344,23.859649914971428,mdma_purple_black,overcast,23,9,17
158.3445179561479,156.57526421248312,67.05178090949804,mdma_purple_black,harsh_direct,67,25,54
154.61726371068875,170.59946962916783,42.39107898325872,mdma_purple_black,daylight,42,14,37
154.30256815645663,165.17794587748955,56.4094173275234,mdma_purple_black,fluorescent,56,19,50
149.704770695259,196.5817065257112,13.23010088395958,mdma_purple_black,warm_indoor,13,3,13
159.8150282816165,180.58780170265226,19.07766825899887,mdma_purple_black,overcast,19,5,14
154.8364532689396,171.83560380020407,55.7204778258786,mdma_purple_black,harsh_direct,55,18,48
160.28299982462048,158.87374818828383,76.17703516598772,mdma_purple_black,daylight,76,28,58
161.94603670208343,141.29298090976965,56.74154383968853,mdma_purple_black,fluorescent,56,25,43
154.02432892465774,170.4890305248986,74.78089902469435,mdma_purple_black,warm_indoor,74,24,66
162.2781483185188,163.79065493725736,75.44863678203563,mdma_purple_black,overcast,75,26,54
159.08880938081498,153.9569958531889,92.97903069916804,mdma_purple_black,harsh_direct,92,36,74
148.33184887034105,176.1453308232204,92.27555532416847,mdma_purple_black,daylight,90,28,92
150.67348543896483,200.61193512931777,90.55994681269323,mdma_purple_black,fluorescent,90,19,86
144.4373560511732,182.60123172753333,56.92517293251194,mdma_purple_black,warm_indoor,50,16,56
149.3468390106876,171.0940140697284,70.97166646943037,mdma_purple_black,overcast,70,23,70
149.73520445884984,192.28401197571415,104.84964766846271,mdma_purple_black,harsh_direct,104,25,103
153.9645119694254,188.2466247896842,47.80546447103086,mdma_purple_black,daylight,47,12,42
154.90734083528562,155.97345834164338,81.56575068246204,mdma_purple_black,fluorescent,81,31,71
149.65115722076703,208.57038562352494,52.57552579398714,mdma_purple_black,warm_indoor,52,9,51
154.128183748672,193.1031295327609,43.38459101809232,mdma_purple_black,overcast,43,10,37
153.76005706632574,188.79023790972332,72.9385238139054,mdma_purple_black,harsh_direct,72,18,64
161.76813726798605,152.09222503355554,89.85270997882586,mdma_purple_black,daylight,89,36,67
160.2316345933733,147.462293549057,102.2985291029355,mdma_purple_black,fluorescent,102,43,80
155.58627135767125,186.57094094389046,83.56513121243432,mdma_purple_black,warm_indoor,83,22,70
160.3834648378805,144.70584571436947,51.48068388584586,mdma_purple_black,overcast,51,22,40
160.02793058881394,166.05187470443417,93.74695727492788,mdma_purple_black,harsh_direct,93,32,71
154.36199202594008,200.73460462611365,42.06286651036493,mdma_purple_black,daylight,42,8,36
160.23635187604606,157.2693700534732,70.07764459038336,mdma_purple_black,fluorescent,70,26,54
155.38716499668254,212.24405840818048,34.077713605768,mdma_purple_black,warm_indoor,34,5,28
156.3306681664993,190.23553411592457,21.36901407482962,mdma_purple_black,overcast,21,5,17
158.30778820290658,193.9819022496195,57.70180806850533,mdma_purple_black,harsh_direct,57,13,44
148.61308780402044,197.27941561230722,75.69044078917963,mdma_purple_black,daylight,74,17,75
154.82193609007004,178.00433145508921,76.70693739404561,mdma_purple_black,fluorescent,76,23,66
145.89687531028065,205.1114194752615,59.950065398828045,mdma_purple_black,warm_indoor,54,11,59
149.06998190502966,210.70080878744446,51.054401104114476,mdma_purple_black,overcast,50,8,51
150.20046338366643,194.13010093681314,65.59150491783672,mdma_purple_black,harsh_direct,65,15,63
162.73881580668876,176.77458321112485,63.098005717896726,mdma_purple_black,daylight,63,19,43
167.89105531310855,169.64769803518436,87.4118390032605,mdma_purple_black,fluorescent,87,29,50
157.54116424827112,194.10578085287557,76.87454685645855,mdma_purple_black,warm_indoor,76,18,60
164.68780416530734,158.38838436354155,55.70656023188809,mdma_purple_black,overcast,55,21,37
160.88135983100017,178.3746669717828,104.44911848842051,mdma_purple_black,harsh_direct,104,31,75
153.14781102197162,168.27323231070886,105.82741607633582,mdma_purple_black,daylight,105,35,96
156.85048788212697,151.49987844468092,78.9762786428941,mdma_purple_black,fluorescent,78,32,66
152.33537029768578,163.95120518723903,60.92290025173712,mdma_purple_black,warm_indoor,60,21,56
153.90080130087995,158.62677823282272,75.47356759889065,mdma_purple_black,overcast,75,28,68
155.7738073937482,158.46684281425038,129.81401926253437,mdma_purple_black,harsh_direct,129,49,111
158.47697203438648,134.33680476082057,57.791962261552456,mdma_purple_black,daylight,57,27,48
161.97497839638163,113.41482706501617,78.14340685580032,mdma_purple_black,fluorescent,78,43,63
155.50499828812477,139.21616947311753,35.158615371650285,mdma_purple_black,warm_indoor,35,15,31
158.9172933664111,140.67955769589744,29.543621631485053,mdma_purple_black,overcast,29,13,24
151.79539600649534,156.04793929072125,60.97738825998721,mdma_purple_black,harsh_direct,60,23,57
158.94420964764228,198.62668455358923,67.16213550185917,mdma_purple_black,daylight,67,14,50
163.30791638670553,190.27858032077393,86.02769181916555,mdma_purple_black,fluorescent,86,21,55
153.1765916630194,218.9217265069992,48.43294520070424,mdma_purple_black,warm_indoor,48,6,42
157.80142066010671,162.21844109819602,49.37075313276337,mdma_purple_black,overcast,49,17,40
158.18080386433715,192.32772425276488,110.51806294639816,mdma_purple_black,harsh_direct,110,27,85
157.26485687242803,192.72269081154312,63.11480954895511,mdma_purple_black,daylight,63,15,50
158.3836837142877,174.35457957063315,80.02331351364522,mdma_purple_black,fluorescent,80,25,63
153.43823344273198,200.2274883569834,53.4951877134185,mdma_purple_black,warm_indoor,53,11,47
156.9796561682276,173.88258934820874,21.162426433426404,mdma_purple_black,overcast,21,6,17
158.47141027748955,212.11519061010358,87.33761937042246,mdma_purple_black,harsh_direct,87,14,64
149.8637450802318,163.39046203924502,28.513533041049087,mdma_purple_black,daylight,28,10,28
151.35110421574535,142.29316818887102,74.05253507716952,mdma_purple_black,fluorescent,74,32,71
149.29218867475268,161.71928167719426,62.815414794570984,mdma_purple_black,warm_indoor,62,22,62
152.7725096070233,150.22773675061802,51.17989539310281,mdma_purple_black,overcast,51,21,47
149.90427722762047,172.19661177616803,98.08878730410444,mdma_purple_black,harsh_direct,98,31,96
153.7961261611815,178.59133502848366,74.95584979490448,mdma_purple_black,daylight,74,22,66
156.78898318818204,187.107065014453,82.43308672509701,mdma_purple_black,fluorescent,82,21,66
148.7277740958146,223.0689296039245,65.07527136517197,mdma_purple_black,warm_indoor,64,8,65
151.70745904591502,179.39919694672307,67.9600183462196,mdma_purple_black,overcast,67,20,63
148.9548019683733,212.48699596854723,103.36050575250924,mdma_purple_black,harsh_direct,102,17,103
153.76799581135288,173.08327175478092,82.4362511791995,mdma_purple_black,daylight,82,26,73
152.7840761121471,170.86160496459962,66.67943898045472,mdma_purple_black,fluorescent,66,22,61
152.0698796073049,169.2188883325511,38.96790172223572,mdma_purple_black,warm_indoor,38,13,36
155.20475661391797,162.24477488312098,68.14160755554941,mdma_purple_black,overcast,68,24,59
154.2635113328425,187.9932379059277,58.28264604207115,mdma_purple_black,harsh_direct,58,15,50
158.72435049288418,145.13515462384416,5.163245840513227,mdma_purple_black,daylight,5,2,4
160.8968438269098,147.96974265254127,8.408766064494145,mdma_purple_black,fluorescent,8,3,6
153.86522181963022,194.17076805434093,5.376509556885935,mdma_purple_black,warm_indoor,5,1,4
160.56537312153782,151.8197097178437,2.1171978836211167,mdma_purple_black,overcast,2,0,1
158.40633870027455,161.03153594272172,27.752256355525247,mdma_purple_black,harsh_direct,27,10,22
157.23609647164136,162.6527225287892,89.26380228613783,mdma_purple_black,daylight,89,32,73
164.10133749142446,140.19857596611297,93.5851417374576,mdma_purple_black,fluorescent,93,42,67
157.4774067568331,208.748544247441,66.55435936909048,mdma_purple_black,warm_indoor,66,12,51
156.62865774665192,173.7385676659666,61.66650186914562,mdma_purple_black,overcast,61,19,51
156.2144639310029,162.004454330356,107.0760365777883,mdma_purple_black,harsh_direct,107,39,91
167.26459881238338,192.75394007257546,37.79563634093101,mdma_purple_black,daylight,37,9,20
164.15600746254933,177.46767002038857,72.28185872094369,mdma_purple_black,fluorescent,72,21,47
162.08201737098722,218.29036803646443,39.17919981735119,mdma_purple_black,warm_indoor,39,5,24
164.44819935180917,200.86746075024914,24.955635754250892,mdma_purple_black,overcast,24,5,14
164.84545249587302,218.42304285673288,89.13349706820283,mdma_purple_black,harsh_direct,89,12,49
159.324079749701,163.47627726822344,70.89394460157553,mdma_purple_black,daylight,70,25,55
160.1846312506297,131.2906679966954,35.89454473875857,mdma_purple_black,fluorescent,35,17,29
156.5816133009702,167.0486289161826,29.823792201534218,mdma_purple_black,warm_indoor,29,10,24
163.46910429731415,150.25312978137225,38.93768350155021,mdma_purple_black,overcast,38,15,27
159.6081551218695,172.29401474043837,84.36174381632206,mdma_purple_black,harsh_direct,84,27,64
162.81690337364446,192.08175343168318,79.24642227129519,mdma_purple_black,daylight,79,19,51
163.27025710321828,172.22445433443804,90.99857863270573,mdma_purple_black,fluorescent,90,29,61
163.01143422757428,173.94844774429805,94.4983158770411,mdma_purple_black,warm_indoor,94,30,64
166.31950191880685,177.63349001345537,69.15134172502182,mdma_purple_black,overcast,69,20,41
165.96168732440546,200.41843229144155,113.53294329088511,mdma_purple_black,harsh_direct,113,24,63
154.0735066389658,184.38622654755378,78.12738605400324,mdma_purple_black,daylight,78,21,68
155.23455197827838,172.19971539660335,62.141600240625095,mdma_purple_black,fluorescent,62,20,53
148.17948066271413,207.40230186834287,54.324966718342736,mdma_purple_black,warm_indoor,52,10,54
155.64558826927853,163.96884153944436,39.65543133943919,mdma_purple_black,overcast,39,14,34
150.9815888461236,192.83838819976444,99.4479441768975,mdma_purple_black,harsh_direct,99,24,94
162.35577589311512,176.4230321642449,66.41824663741293,mdma_purple_black,daylight,66,20,46
163.70553297926347,146.50543381413823,69.60557456073332,mdma_purple_black,fluorescent,69,29,50
159.82886270891316,159.92698553845423,49.020432997695224,mdma_purple_black,warm_indoor,49,18,38
159.6879153010962,164.53684003201326,55.315127348425946,mdma_purple_black,overcast,55,19,42
166.92481555518313,167.63428080617444,73.00878546680826,mdma_purple_black,harsh_direct,73,25,44
156.87225233137232,191.74264622394946,41.667465454785386,mdma_purple_black,daylight,41,10,33
161.66792041356268,162.47336190676998,43.46212593588896,mdma_purple_black,fluorescent,43,15,31
155.48897890950136,194.70120874855863,46.97271207158637,mdma_purple_black,warm_indoor,46,11,39
158.56595843074234,159.04416654585276,35.00902271279912,mdma_purple_black,overcast,35,13,28
156.97505200485583,197.8108295290026,81.94718142845983,mdma_purple_black,harsh_direct,81,18,65
158.4385914785988,213.6271232711158,24.515223728937386,mdma_purple_black,daylight,24,3,18
159.177027053393,153.19806280991574,55.685934154761966,mdma_purple_black,fluorescent,55,22,44
156.05615416142243,180.39735937559618,27.23007984631694,mdma_purple_black,warm_indoor,27,7,22
155.8952425533614,164.16784873585996,8.661577790069188,mdma_purple_black,overcast,8,3,7
154.3443476781762,188.38967317966197,91.07413293396881,mdma_purple_black,harsh_direct,91,23,79
156.30617150350267,153.65451250184617,77.5425527599271,mdma_purple_black,daylight,77,30,66
161.20622552272346,158.0882758895,74.99989885842687,mdma_purple_black,fluorescent,74,28,56
154.96959355899415,176.1704058802473,31.406213505771746,mdma_purple_black,warm_indoor,31,9,27
159.81656689614573,166.36513384844577,61.770138896608316,mdma_purple_black,overcast,61,21,47
156.72167391911458,183.25204201656888,85.89581696502577,mdma_purple_black,harsh_direct,85,24,70
155.32879614212234,160.4534767575183,32.52571822297767,mdma_purple_black,daylight,32,12,28
167.3948503918532,139.47440246966352,35.10471965552409,mdma_purple_black,fluorescent,35,15,23
156.88853787245,151.01054345421997,0.7346540973015578,mdma_purple_black,warm_indoor,0,0,0
162.29548224216938,135.8986311105162,3.1254148698238566,mdma_purple_black,overcast,3,1,2
157.7898660497404,149.66172371022995,50.59043210908783,mdma_purple_black,harsh_direct,50,20,42
161.66903429970424,187.63063303101998,64.60961244286841,mdma_purple_black,daylight,64,17,44
165.37098053071,179.47864208976821,39.62665634354916,mdma_purple_black,fluorescent,39,11,24
161.31619080329205,193.55779555037705,39.96413651252749,mdma_purple_black,warm_indoor,39,9,27
165.2284155033243,169.81867066713986,31.79070758528357,mdma_purple_black,overcast,31,10,20
162.09224337093266,174.68072588561355,81.13004474209899,mdma_purple_black,harsh_direct,81,25,57
154.65553040208044,153.84468179436044,55.41444630882394,mdma_purple_black,daylight,55,21,49
155.4127130481583,156.30288348183365,63.10595130834814,mdma_purple_black,fluorescent,63,24,55
148.19761597924773,170.13083904768615,51.79536188542592,mdma_purple_black,warm_indoor,50,17,51
157.986606165116,158.3475323479533,42.053430761504586,mdma_purple_black,overcast,42,15,34
155.55421200258002,184.0935970227749,94.9450053680504,mdma_purple_black,harsh_direct,94,26,80
156.3830024271338,162.4407260818008,92.74769068627332,mdma_purple_black,daylight,92,33,78
152.49845746914554,167.773416405727,116.9318323669025,mdma_purple_black,fluorescent,116,39,108
153.84528424521616,187.17761239502195,63.367065386352536,mdma_purple_black,warm_indoor,63,16,56
154.5827568021375,171.35728015054028,79.54270093716505,mdma_purple_black,overcast,79,26,69
157.31014980369883,178.415601768632,94.37036732500678,mdma_purple_black,harsh_direct,94,28,76
150.11314753743667,136.30081421785218,43.80485149404038,mdma_purple_black,daylight,43,20,43
149.92265776865196,146.4129915076826,90.42701298361368,mdma_purple_black,fluorescent,90,38,89
148.17878462287172,151.1140388673525,54.56329450426239,mdma_purple_black,warm_indoor,53,22,54
149.3815241884513,140.9209801800375,37.685276041593625,mdma_purple_black,overcast,37,16,37
153.04959043969453,154.42643949601919,71.38793237168014,mdma_purple_black,harsh_direct,71,28,65
164.46089903112147,193.7264652454607,73.45680360334555,mdma_purple_black,daylight,73,17,44
164.63451310199883,196.48789717442543,103.40350452491134,mdma_purple_black,fluorescent,103,23,62
159.36808328456073,190.51273102486968,72.21545384251318,mdma_purple_black,warm_indoor,72,18,53
164.3268093671579,190.759253800134,20.924061041673966,mdma_purple_black,overcast,20,5,12
164.61339481373795,181.28477745689506,116.16213578167697,mdma_purple_black,harsh_direct,116,33,73
158.09769075272177,170.6699498925861,58.35893680461952,mdma_purple_black,daylight,58,19,46
161.61151209496208,136.26936643549257,29.59714240555094,mdma_purple_black,fluorescent,29,13,22
155.53501132088098,158.51148652549008,29.500113111932748,mdma_purple_black,warm_indoor,29,11,25
162.69831878767963,144.97366867619783,7.288386501876786,mdma_purple_black,overcast,7,3,5
158.55633623098106,123.25301813256232,60.25119238248206,mdma_purple_black,harsh_direct,60,31,51
161.6405593772478,162.33926169665685,82.13590648646485,mdma_purple_black,daylight,82,29,60
161.34727029656614,147.34315430538135,103.02355093311085,mdma_purple_black,fluorescent,103,43,78
155.07885316912808,183.43536210607886,105.30753251048381,mdma_purple_black,warm_indoor,105,29,90
156.1188281722434,163.29409115720986,81.19294957501623,mdma_purple_black,overcast,81,29,69
156.09841492309,163.20199790349153,117.80563726120482,mdma_purple_black,harsh_direct,117,42,100
157.24178924854107,135.51196976198472,49.51093197080493,mdma_purple_black,daylight,49,23,42
157.2226858352439,123.50368454065074,80.75983675866453,mdma_purple_black,fluorescent,80,41,70
152.95343433664945,138.99762931949147,28.600479832320957,mdma_purple_black,warm_indoor,28,13,26
156.0775243189537,121.9289049308314,22.52194128062898,mdma_purple_black,overcast,22,11,20
154.84838891037998,132.4221588828812,83.85009186754114,mdma_purple_black,harsh_direct,83,40,75
160.05415248281938,200.91170448996604,56.08724907131899,mdma_purple_black,daylight,56,11,39
161.31069363228002,162.76244314945987,65.46999756820404,mdma_purple_black,fluorescent,65,23,48
154.67151383366124,191.06235142698995,41.984595663955716,mdma_purple_black,warm_indoor,41,10,36
159.90614666977393,171.09881513836518,49.814321205371,mdma_purple_black,overcast,49,16,37
161.21253464357636,172.30741189216712,100.90010910631118,mdma_purple_black,harsh_direct,100,32,73
156.15929949886032,138.50780662618953,79.03100796167628,mdma_purple_black,daylight,79,36,68
155.99765541313252,156.11801155856432,101.56582780634231,mdma_purple_black,fluorescent,101,39,87
153.37180383721386,162.1706759159654,73.27912719406781,mdma_purple_black,warm_indoor,73,26,66
156.62384586589363,138.1463006595948,56.58034836154535,mdma_purple_black,overcast,56,25,48
157.58753555945634,162.2471271367958,86.43810150681414,mdma_purple_black,harsh_direct,86,31,70
162.07030129247698,175.52565361380653,60.611256842622026,mdma_purple_black,daylight,60,18,42
160.21639223318067,174.4570265082834,73.56882200253992,mdma_purple_black,fluorescent,73,23,54
155.75580921850604,207.67174003703835,28.600867704137997,mdma_purple_black,warm_indoor,28,5,23
161.84454264528395,163.8745002551441,32.00519365334728,mdma_purple_black,overcast,32,11,23
158.04647054026012,190.03627007315887,86.22064995816832,mdma_purple_black,harsh_direct,86,21,67
158.58701767708988,137.8252793065011,40.987935430682754,mdma_purple_black,daylight,40,18,33
158.97053180828178,146.65637078174686,88.94275420678528,mdma_purple_black,fluorescent,88,37,72
154.97082378923415,173.03317991448816,40.67601528915594,mdma_purple_black,warm_indoor,40,13,35
159.2864369915603,135.11279696258694,44.201787060401884,mdma_purple_black,overcast,44,20,36
159.47030318682653,136.19904318487536,78.33983080285037,mdma_purple_black,harsh_direct,78,36,63
160.26977209946773,186.60831911309998,45.1292305820899,mdma_purple_black,daylight,45,12,32
161.67646576096615,169.26637345216508,55.49671265824965,mdma_purple_black,fluorescent,55,18,40
156.76570366092471,193.0565012672012,51.30311615230461,mdma_purple_black,warm_indoor,51,12,41
161.88760293101814,170.5918906370385,38.47658430521136,mdma_purple_black,overcast,38,12,27
157.27472790446376,202.47946366782472,85.50087281664214,mdma_purple_black,harsh_direct,85,17,67
153.88223574099027,172.7465023505653,60.42137006926444,mdma_purple_black,daylight,60,19,53
160.31215659248895,165.2263060339912,71.52012639367209,mdma_purple_black,fluorescent,71,25,54
152.84895413140302,172.87948122393635,56.79535123298858,mdma_purple_black,warm_indoor,56,18,52
160.4518220841447,157.97706372260788,23.070381382137953,mdma_purple_black,overcast,23,8,17
158.48069241238284,167.1336850398007,74.4409279761847,mdma_purple_black,harsh_direct,74,25,59
160.92187916990974,191.28281725969833,64.64752827442281,mdma_purple_black,daylight,64,16,45
163.78588601613495,168.9219527407454,116.77456692801321,mdma_purple_black,fluorescent,116,39,78
161.1102502071103,164.583562445278,61.939707351681534,mdma_purple_black,warm_indoor,61,21,45
166.47388926908218,185.49902529290353,55.467127783383035,mdma_purple_black,overcast,55,15,32
162.60062659412,183.29903716484324,118.69725748192732,mdma_purple_black,harsh_direct,118,33,80
155.72067375376392,191.5978491951589,69.79726339675041,mdma_purple_black,daylight,69,17,58
158.8540802407575,161.97810727351836,87.04377215064682,mdma_purple_black,fluorescent,87,31,69
153.17880110372965,169.73545781214034,65.31307706925666,mdma_purple_black,warm_indoor,65,21,59
156.82076530070069,176.72372656143884,31.104895774738722,mdma_purple_black,overcast,31,9,25
158.88531275000975,182.84198858892645,85.64942293293521,mdma_purple_black,harsh_direct,85,24,65
156.59520620856458,189.70115011179885,0.0,mdma_purple_black,daylight,0,0,0
157.52817324026157,166.96331542090692,41.45481860811522,mdma_purple_black,fluorescent,41,14,33
153.415622856258,194.01841895885795,21.337718309796045,mdma_purple_black,warm_indoor,21,5,19
154.3109607851265,168.14260274810363,0.0,mdma_purple_black,overcast,0,0,0
157.74222676678065,160.23969400189503,23.803360995889207,mdma_purple_black,harsh_direct,23,8,19
153.72326857019374,140.82293879853867,85.706451872189,mdma_purple_black,daylight,85,38,78
155.37051522593376,180.26200010340654,81.15543993240777,mdma_purple_black,fluorescent,81,23,69
151.57656134937736,154.59457320423863,53.87410838287197,mdma_purple_black,warm_indoor,53,21,51
153.98121291122396,168.83117322148283,36.78406430544116,mdma_purple_black,overcast,36,12,32
152.98947061048366,173.3856370440096,109.85388987688138,mdma_purple_black,harsh_direct,109,35,100
156.87609063506483,173.4761215239482,36.61301325833087,mdma_purple_black,daylight,36,11,30
156.77402850168042,163.87281478796658,60.31824653161057,mdma_purple_black,fluorescent,60,21,50
148.72610037143994,190.34788284827033,19.17364232784624,mdma_purple_black,warm_indoor,18,4,19
158.0723998964968,168.07710474498813,13.324541143553546,mdma_purple_black,overcast,13,4,10
157.0776667964545,180.36960406910336,44.45441167040465,mdma_purple_black,harsh_direct,44,13,36
158.0650945582214,191.30289990710523,86.01013070791402,mdma_purple_black,daylight,86,21,66
162.4269054590335,186.4551014681694,120.39365737069632,mdma_purple_black,fluorescent,120,32,81
156.2052844188604,198.9836817429335,66.1593453994879,mdma_purple_black,warm_indoor,66,14,53
160.55983818745884,203.33782537598694,84.34290531968239,mdma_purple_black,overcast,84,17,58
155.64294030504973,165.09799099903586,113.29999893402923,mdma_purple_black,harsh_direct,113,39,97
154.73916837366502,160.29113626217836,34.76538152665391,mdma_purple_black,daylight,34,12,30
154.6155026367438,127.84458944603227,27.000834139672392,mdma_purple_black,fluorescent,27,13,24
150.87020695657932,141.0755768668465,2.027123352771582,mdma_purple_black,warm_indoor,2,0,1
156.32975731263136,163.94170740185254,0.0,mdma_purple_black,overcast,0,0,0
156.57180814429813,141.44528280141282,30.8003835654916,mdma_purple_black,harsh_direct,30,13,26
158.7159581288781,153.1197571255623,84.54615721725554,mdma_purple_black,daylight,84,33,68
154.1451549160562,133.1378712044768,74.76333944805032,mdma_purple_black,fluorescent,74,35,68
149.15154163484073,164.26575849979284,75.62884438579131,mdma_purple_black,warm_indoor,75,26,75
155.55456156596767,155.8740773153794,37.850230547130366,mdma_purple_black,overcast,37,14,32
156.60880313334644,153.40490962510822,72.25799012365523,mdma_purple_black,harsh_direct,72,28,61
164.7448152888382,184.42059409064052,66.50705230699752,mdma_purple_black,daylight,66,18,41
165.88402978930824,170.79324700538396,87.42688134663265,mdma_purple_black,fluorescent,87,28,54
160.37925037178684,209.140072326173,57.04360451560895,mdma_purple_black,warm_indoor,57,10,39
161.46993043539322,180.71676909522662,65.77094112060462,mdma_purple_black,overcast,65,19,46
163.47199840844974,168.3847677992714,91.38050102633514,mdma_purple_black,harsh_direct,91,31,62
150.77911472773005,170.27261475368826,29.34078374498536,mdma_purple_black,daylight,29,9,28
155.67965981463365,145.12324185577745,47.19642758655766,mdma_purple_black,fluorescent,47,20,41
149.05657752746026,184.54670589436876,35.45073954131827,mdma_purple_black,warm_indoor,35,9,35
155.77389697302817,158.58506007370482,12.82380072016602,mdma_purple_black,overcast,12,4,11
148.8124204120899,173.18330674681,59.110310757259654,mdma_purple_black,harsh_direct,58,18,59
156.26895811054044,167.86100774793653,82.40087084160419,mdma_purple_black,daylight,82,28,69
162.33415694772197,135.31448820045742,112.86562298535736,mdma_purple_black,fluorescent,112,52,86
153.56273321946435,136.5376468678421,50.112317020501294,mdma_purple_black,warm_indoor,50,23,46
160.7899349486749,124.23585729067966,56.81478868154625,mdma_purple_black,overcast,56,29,46
157.9675316874447,145.44975309975052,112.17687132979796,mdma_purple_black,harsh_direct,112,48,93
160.67979211887595,161.88419425752875,43.20303498444832,mdma_purple_black,daylight,43,15,32
160.7971150513249,147.34304913392089,62.5531952240722,mdma_purple_black,fluorescent,62,26,48
156.3820355672735,156.50906413606145,27.185465204564167,mdma_purple_black,warm_indoor,27,10,23
159.12567768744555,153.0024866195599,17.212249126207553,mdma_purple_black,overcast,17,6,13
162.10938137573484,134.82701303610037,82.12106226814362,mdma_purple_black,harsh_direct,82,38,63
161.21562753393542,153.91497586698435,26.231146497889995,mdma_purple_black,daylight,26,10,19
163.05787096519546,156.27027608342954,58.501510233066284,mdma_purple_black,fluorescent,58,22,41
159.56818316794295,174.92090866660632,38.667700751880034,mdma_purple_black,warm_indoor,38,12,29
160.0439093737943,182.15427654139134,28.972941689725786,mdma_purple_black,overcast,28,8,21
163.75458285166397,178.32639056079745,100.71234657320585,mdma_purple_black,harsh_direct,100,30,66
143.2189574336734,173.63199013457753,75.68377239115681,mdma_purple_black,daylight,65,24,75
147.07998854279438,175.08375600568718,88.91516826115553,mdma_purple_black,fluorescent,84,27,88
138.26388447576326,206.23356765179525,39.23728184739535,mdma_purple_black,warm_indoor,27,7,39
144.54521377221812,196.2273294133556,84.19165391052005,mdma_purple_black,overcast,74,19,84
145.25286991948244,212.91880893762934,122.00261431946882,mdma_purple_black,harsh_direct,108,20,122
162.49873193119703,187.3505932485633,50.49976974176353,mdma_purple_black,daylight,50,13,33
166.55045026481656,159.96339485113154,56.43705091424954,mdma_purple_black,fluorescent,56,21,35
159.2469734452691,203.1533996232218,40.69661374799165,mdma_purple_black,warm_indoor,40,8,29
162.6725463282565,147.67509033353332,35.04516734526402,mdma_purple_black,overcast,35,14,25
166.09814962077792,170.01418996057976,75.06916271967619,mdma_purple_black,harsh_direct,75,25,46
156.8511286360724,174.23176710147783,36.36157118653689,mdma_purple_black,daylight,36,11,29
151.19341284253434,183.1876752282105,74.75382960429579,mdma_purple_black,fluorescent,74,21,71
147.30651232590967,224.99399361153033,46.524997819544296,mdma_purple_black,warm_indoor,43,5,46
148.55285998769,163.1416194062522,27.453769823470438,mdma_purple_black,overcast,27,9,27
152.22057279586738,186.85819779107695,66.6296077202655,mdma_purple_black,harsh_direct,66,17,61
154.38149027534226,150.84945972910938,73.5704359204856,mdma_purple_black,daylight,73,30,65
151.07750160682323,117.81498602955493,84.55114513134961,mdma_purple_black,fluorescent,84,45,82
149.1623913022784,171.089825393323,55.020216294349524,mdma_purple_black,warm_indoor,55,18,55
153.77050682387434,163.75989175812722,56.39301988977479,mdma_purple_black,overcast,56,20,50
153.89827271135897,162.15648880938298,97.34851693385797,mdma_purple_black,harsh_direct,97,35,87
159.89980337512534,177.9355345251166,43.86933641661365,mdma_purple_black,daylight,43,13,32
158.75450346913715,167.41596579445567,79.82797046868839,mdma_purple_black,fluorescent,79,27,62
151.91075917064933,182.34395617512376,57.504694305744806,mdma_purple_black,warm_indoor,57,16,53
158.60868258986307,199.97082239296154,54.667007335629265,mdma_purple_black,overcast,54,11,41
161.80832495987036,201.02609089670418,99.77278456843956,mdma_purple_black,harsh_direct,99,21,66
158.4374419730968,123.99396989068975,59.0110463483407,mdma_purple_black,daylight,59,30,50
164.2466964546604,153.32835903248372,75.11550117979496,mdma_purple_black,fluorescent,75,29,52
158.09417808747116,173.12907534602434,59.48423480322005,mdma_purple_black,warm_indoor,59,19,47
160.90930000264663,149.37817976055183,63.02890251945644,mdma_purple_black,overcast,63,26,48
161.89482208193024,134.1081687770596,72.14357961791738,mdma_purple_black,harsh_direct,72,34,55
155.12582300868357,186.8877895409112,65.19527451883143,mdma_purple_black,daylight,65,17,55
158.69927908588073,171.2258021910101,84.15121083131504,mdma_purple_black,fluorescent,84,27,66
149.3745180427889,189.7420852190095,29.441297391141788,mdma_purple_black,warm_indoor,29,7,29
155.15646927168896,192.88989021410202,61.74556589500462,mdma_purple_black,overcast,61,15,52
155.45354553225158,185.65636136880764,79.3517174131938,mdma_purple_black,harsh_direct,79,21,67
160.1865674096531,161.64612876652333,96.09004223675564,mdma_purple_black,daylight,96,35,73
160.49619311091627,118.81394846136627,116.12557313646245,mdma_purple_black,fluorescent,116,62,95
154.92578856010132,151.62466846089387,69.1862718229597,mdma_purple_black,warm_indoor,69,28,61
162.46414387565167,123.27239814340473,74.39839198555494,mdma_purple_black,overcast,74,38,58
156.3003502399618,155.1439575975941,120.37588064177254,mdma_purple_black,harsh_direct,120,47,102
151.79287753285865,128.36418739236416,79.39886841633015,mdma_purple_black,daylight,79,39,75
150.16787867557463,142.8561160944172,99.13874441720594,mdma_purple_black,fluorescent,99,43,97
149.44644034097527,148.34720063711532,43.25095018348925,mdma_purple_black,warm_indoor,43,18,43
151.61127736437268,127.61294607859595,34.502679975493066,mdma_purple_black,overcast,34,17,33
152.93850606586437,136.69322261717434,77.99368904944758,mdma_purple_black,harsh_direct,77,36,72
163.2373570759407,159.21992035547223,58.301387710012364,mdma_purple_black,daylight,58,21,41
164.21353370998014,121.86365749107145,69.1798488031123,mdma_purple_black,fluorescent,69,36,52
164.0333624238836,157.11332356973386,0.7918896697657232,mdma_purple_black,warm_indoor,0,0,0
165.2509825915106,146.8201370629488,39.536103122262844,mdma_purple_black,overcast,39,16,27
160.17245061264975,174.47407731502497,97.45236836670054,mdma_purple_black,harsh_direct,97,30,72
154.59017212912806,170.08130151764766,34.48540316200817,mdma_purple_black,daylight,34,11,30
156.38124635735858,154.46040871058304,44.091963896513434,mdma_purple_black,fluorescent,44,17,37
149.49528393547567,167.3720312281692,1.4004656584739195,mdma_purple_black,warm_indoor,1,0,1
155.13376134937025,171.5177172185124,12.848547983570938,mdma_purple_black,overcast,12,4,11
155.37871976411674,159.9855059212437,73.06013958805477,mdma_purple_black,harsh_direct,73,27,63
151.1906887997208,178.25180182570153,87.17551806677616,mdma_purple_black,daylight,87,26,83
154.09358908207972,151.04281508001162,80.4766601161173,mdma_purple_black,fluorescent,80,32,72
149.52620164357091,170.62414817352325,39.784624575759935,mdma_purple_black,warm_indoor,39,13,39
152.67180813118568,150.14770665320586,6.828421662526793,mdma_purple_black,overcast,6,2,6
148.02376467723724,164.79727178094754,72.6236983265028,mdma_purple_black,harsh_direct,70,25,72
149.7336626964351,154.8863824776769,31.66826350528612,mdma_purple_black,daylight,31,12,31
154.07680984911522,138.32007121995466,79.62911457520715,mdma_purple_black,fluorescent,79,36,72
150.4966178850229,166.1989079129601,46.863200543630086,mdma_purple_black,warm_indoor,46,16,45
153.345299526212,136.78216037644037,40.059944545405074,mdma_purple_black,overcast,40,18,37
152.60917360336262,156.32949842756375,73.00238049825197,mdma_purple_black,harsh_direct,73,28,67
151.38931967751847,201.78783525592127,31.47656496820308,mdma_purple_black,daylight,31,6,29
153.63109409681687,156.04477554302264,57.51294564671187,mdma_purple_black,fluorescent,57,22,52
151.9309991495778,182.40706795556073,18.32223934232158,mdma_purple_black,warm_indoor,18,5,17
155.74611086427316,175.7264479274704,8.994473482557083,mdma_purple_black,overcast,8,2,7
157.70715282115972,189.93297445595786,65.3539492548621,mdma_purple_black,harsh_direct,65,16,51
162.97833919591523,197.91461387070981,36.93996361680014,mdma_purple_black,daylight,36,8,23
162.7098786918865,184.72413948437335,92.76190707170392,mdma_purple_black,fluorescent,92,25,62
157.33364823124498,192.5384679617317,63.04070303681691,mdma_purple_black,warm_indoor,63,15,50
161.4355312791336,179.06409957349044,24.896611132470127,mdma_purple_black,overcast,24,7,17
163.0229014093565,201.0882189311651,82.68066064170114,mdma_purple_black,harsh_direct,82,17,52
165.42426101257186,159.9892742646227,38.28254354936868,mdma_purple_black,daylight,38,14,25
162.59486751875815,188.79509235222085,41.44861788437457,mdma_purple_black,fluorescent,41,10,27
161.76466222306695,238.28819509559224,21.378132038849003,mdma_purple_black,warm_indoor,21,1,12
163.39677639367017,222.48573772403782,0.0,mdma_purple_black,overcast,0,0,0
168.68943685899444,192.52656958311485,64.42577282350726,mdma_purple_black,harsh_direct,64,15,32
159.68418789285147,155.92946468318533,54.287902218948375,mdma_purple_black,daylight,54,21,42
156.94366571247733,163.84280404186066,85.67218359381161,mdma_purple_black,fluorescent,85,30,71
156.48305330777447,159.92590329412658,60.85784262788712,mdma_purple_black,warm_indoor,60,22,51
157.66695525174651,158.47367749134915,24.147895423915514,mdma_purple_black,overcast,24,9,19
153.84616266171557,145.1696003434638,113.19788616554818,mdma_purple_black,harsh_direct,113,48,103
161.66310820700127,195.2032382012975,47.02097131413046,mdma_purple_black,daylight,47,11,31
162.315869263053,163.6393986330963,25.460190006851064,mdma_purple_black,fluorescent,25,9,18
162.932979338895,198.70674809548157,50.26404566849372,mdma_purple_black,warm_indoor,50,11,32
165.71524154017027,195.15145761223113,25.74882883395499,mdma_purple_black,overcast,25,6,14
161.90305065351563,220.22892056533396,61.86759713751819,mdma_purple_black,harsh_direct,61,8,39
148.8107123164448,175.06160682877072,66.04644646223053,mdma_purple_black,daylight,65,20,66
151.19506885466672,165.0913445897297,54.364731979079394,mdma_purple_black,fluorescent,54,19,51
143.92165118645048,187.74268471292183,34.64597299513569,mdma_purple_black,warm_indoor,30,9,34
152.3662002560071,182.81368548151096,41.66474393855613,mdma_purple_black,overcast,41,11,38
148.45912582161145,188.1386168737864,74.12068242402654,mdma_purple_black,harsh_direct,72,19,74
157.45902219088165,137.3706138871626,28.121981478465585,mdma_purple_black,daylight,28,12,23
157.414946567106,112.94672943224954,54.49445899164786,mdma_purple_black,fluorescent,54,30,47
151.45305082589013,154.86127084860928,27.044164052075217,mdma_purple_black,warm_indoor,27,10,25
157.32200292075862,140.16169832418072,11.321936335814087,mdma_purple_black,overcast,11,5,9
154.07447924311967,159.37827604078106,55.684310391313346,mdma_purple_black,harsh_direct,55,20,49
152.2358043252139,163.82910980592814,78.41430549497511,mdma_purple_black,daylight,78,28,73
153.06947746594474,150.02988340057829,82.68857787538894,mdma_purple_black,fluorescent,82,34,76
146.32569256391827,184.86035096534465,78.37240615654136,mdma_purple_black,warm_indoor,72,21,78
152.7290748749072,176.8454778314761,46.667993627057285,mdma_purple_black,overcast,46,14,42
153.7080590013696,185.92301229204293,57.16764080649064,mdma_purple_black,harsh_direct,57,15,50
156.32712469574656,180.92479588789726,60.91543821019917,mdma_purple_black,daylight,60,17,50
155.84875107912728,140.54894368432082,84.78830054639229,mdma_purple_black,fluorescent,84,38,74
152.94033941707812,186.67421892328176,46.49233445532755,mdma_purple_black,warm_indoor,46,12,42
156.287490981146,161.97521647326718,47.69684661763273,mdma_purple_black,overcast,47,17,40
154.46953741023216,191.2900129882289,57.00811569295088,mdma_purple_black,harsh_direct,57,14,49
153.00182804640116,152.87914643548118,56.81058508023801,mdma_purple_black,daylight,56,22,52
151.47633126149643,116.45597843281513,76.67535925315917,mdma_purple_black,fluorescent,76,41,73
153.09648157856188,142.91487754998343,40.73891910916086,mdma_purple_black,warm_indoor,40,17,37
153.57626305946744,157.77605314631248,32.12583235046483,mdma_purple_black,overcast,32,12,29
152.7643539509001,169.393591053978,68.63309488376588,mdma_purple_black,harsh_direct,68,23,63
154.37892875336456,141.09040331238407,50.90427644824452,mdma_purple_black,daylight,50,22,45
156.39077380039146,120.32911988643664,71.24295774050873,mdma_purple_black,fluorescent,71,37,63
150.21058749081436,144.91550648134677,52.03067346069065,mdma_purple_black,warm_indoor,52,22,50
157.54722008382595,144.14212390659785,43.81786569323202,mdma_purple_black,overcast,43,19,36
157.51616401778833,132.488276459295,77.15940137106872,mdma_purple_black,harsh_direct,77,37,65
150.8334678526795,161.9959156103415,11.528169649825486,mdma_purple_black,daylight,11,4,11
152.29740577067807,154.45447691368844,52.82188436586186,mdma_purple_black,fluorescent,52,20,49
145.73292573912718,185.16682058534462,0.0,mdma_purple_black,warm_indoor,0,0,0
151.06452183811376,159.3870398426461,20.172389986084895,mdma_purple_black,overcast,20,7,19
151.73584154118208,175.63207754781146,76.79576037327726,mdma_purple_black,harsh_direct,76,23,72
157.77058526208552,148.9557594530679,45.398243062297425,mdma_purple_black,daylight,45,18,37
161.41091483745262,122.55820987557264,90.58691686347873,mdma_purple_black,fluorescent,90,47,72
153.2166282155146,175.33664132340488,75.25095240044095,mdma_purple_black,warm_indoor,75,23,68
160.32524773944454,129.40488050937367,38.071508118025676,mdma_purple_black,overcast,38,18,30
158.36804844149825,136.45166044619086,90.96456849032687,mdma_purple_black,harsh_direct,90,42,75
153.66982200759043,185.7142207162467,44.154613836889766,mdma_purple_black,daylight,44,11,39
157.0606815942104,181.415546101149,54.061855003689075,mdma_purple_black,fluorescent,54,15,43
153.71349774248122,170.85516752432784,45.46027048989613,mdma_purple_black,warm_indoor,45,15,40
159.91040718821336,171.65598069595313,52.38538973076241,mdma_purple_black,overcast,52,17,39
156.36563469278195,186.78289783985042,60.106828578339446,mdma_purple_black,harsh_direct,60,16,49
165.57771065291325,187.26986934797682,63.358805559012055,mdma_purple_black,daylight,63,16,37
167.11859084151226,170.05391837069396,107.36317797558146,mdma_purple_black,fluorescent,107,35,64
160.1968059787847,187.83006087479012,64.57485230299821,mdma_purple_black,warm_indoor,64,17,46
162.78143377652611,198.47049298206792,48.82649845416667,mdma_purple_black,overcast,48,10,31
164.4980638193469,185.05931367460272,110.52402991296205,mdma_purple_black,harsh_direct,110,30,69
151.93457080394185,140.99576995327163,58.03962999502363,mdma_purple_black,daylight,58,25,55
156.63958181623082,137.81795213552894,103.41343611457089,mdma_purple_black,fluorescent,103,47,89
148.87926988867508,177.64379563660322,89.47655577676923,mdma_purple_black,warm_indoor,88,27,89
152.60099608036427,139.17383700485672,64.07590001222725,mdma_purple_black,overcast,64,29,60
153.71593273622918,174.38762518506303,110.32279605241041,mdma_purple_black,harsh_direct,110,34,98
167.29052456168588,187.02641665723422,108.06895138130753,mdma_purple_black,daylight,108,28,59
163.00107983863342,173.22274310070065,126.80600748349626,mdma_purple_black,fluorescent,126,40,86
159.68193713499696,211.18858432129724,93.96895944291622,mdma_purple_black,warm_indoor,93,16,66
163.09316711764964,181.81720541719608,64.85527151874109,mdma_purple_black,overcast,64,18,43
159.05152108954252,194.47653691468528,120.26636469527217,mdma_purple_black,harsh_direct,120,28,89
155.6442095379762,189.91738299122576,30.38179287934166,mdma_purple_black,daylight,30,7,25
156.24241449287507,190.02056329644387,64.1929231259532,mdma_purple_black,fluorescent,64,16,52
155.61267020532418,212.6258576525137,45.24921486714321,mdma_purple_black,warm_indoor,45,7,37
156.9726515063288,201.71834143171424,48.36299093457012,mdma_purple_black,overcast,48,10,38
157.84825649199982,198.9107795702586,72.77590828750603,mdma_purple_black,harsh_direct,72,16,56
152.4424751826589,177.682952123708,75.84770747983032,mdma_purple_black,daylight,75,22,70
156.64913214569205,178.8095489884924,92.05970011965712,mdma_purple_black,fluorescent,92,27,75
150.98044948885723,173.50309562423308,81.44160330012382,mdma_purple_black,warm_indoor,81,26,78
153.80432683410623,157.8633273478988,87.10856112633604,mdma_purple_black,overcast,87,33,78
148.94122237947215,178.36832371782464,74.35208085443527,mdma_purple_black,harsh_direct,73,22,74
161.37416404056003,147.22511072708411,69.77853442447105,mdma_purple_black,daylight,69,29,53
160.1287386779155,148.00310793136495,58.50235314435078,mdma_purple_black,fluorescent,58,24,46
156.80068870950956,153.9468077565418,15.287852510434348,mdma_purple_black,warm_indoor,15,6,12
160.7472332679931,123.38988996705939,21.28011870620081,mdma_purple_black,overcast,21,10,17
159.17351763416585,149.89784130562848,74.70893541607664,mdma_purple_black,harsh_direct,74,30,59
159.4863537627885,170.42863347555974,63.159287382717025,mdma_purple_black,daylight,63,20,48
162.3986069434496,134.13755859154878,73.47845312275378,mdma_purple_black,fluorescent,73,34,56
155.9901668516297,186.8635581909374,53.906041119119394,mdma_purple_black,warm_indoor,53,14,44
154.2770205869993,174.1406670716772,15.937182985557087,mdma_purple_black,overcast,15,5,14
156.46765269406137,176.03373320447724,80.68496443825222,mdma_purple_black,harsh_direct,80,24,67
155.80803149885767,173.72081462293318,49.7213978894069,mdma_purple_black,daylight,49,15,42
156.90576938036634,164.3796852069308,46.05240920825439,mdma_purple_black,fluorescent,46,16,38
153.4879054164075,187.2758509318408,21.444330647543794,mdma_purple_black,warm_indoor,21,5,19
156.15797217824823,163.32790667264896,36.09467080848634,mdma_purple_black,overcast,36,12,30
155.22588645588488,197.2546735136205,58.10122990958408,mdma_purple_black,harsh_direct,58,13,48
157.40024641577517,164.71421467274874,49.68492802981601,mdma_purple_black,daylight,49,17,40
159.40679939302132,180.2765028564652,73.52966559363853,mdma_purple_black,fluorescent,73,21,55
157.38371570667454,177.54867546884395,46.58126709768466,mdma_purple_black,warm_indoor,46,14,37
159.22600912897974,163.16110573671676,57.09096203076814,mdma_purple_black,overcast,57,20,44
153.87507909975818,192.99860391791486,91.48374272389636,mdma_purple_black,harsh_direct,91,22,80
161.89627068603056,213.0510925822247,46.10931215048308,mdma_purple_black,daylight,46,7,29
166.50610609282387,195.61181684538366,36.36382713507875,mdma_purple_black,fluorescent,36,8,20
156.49773350256416,224.3686597452049,28.65421860807733,mdma_purple_black,warm_indoor,28,3,22
165.60837300342666,173.26222312082382,53.93990203861151,mdma_purple_black,overcast,53,17,33
161.57394392559203,201.91733777994466,57.991173855033225,mdma_purple_black,harsh_direct,57,12,38
152.45595974721087,193.12838312039014,72.58310748618516,mdma_purple_black,daylight,72,17,66
155.97975100158285,176.6170925246847,82.08649422521995,mdma_purple_black,fluorescent,82,25,69
149.9174573643698,186.50220884336923,55.384733550703444,mdma_purple_black,warm_indoor,55,14,54
159.0394652017084,141.78658699767215,34.89260528887958,mdma_purple_black,overcast,34,15,28
154.24867186385688,158.0290919813585,100.0812403455156,mdma_purple_black,harsh_direct,100,38,89
153.83554569992148,187.13890155110866,71.14401611117076,mdma_purple_black,daylight,71,18,62
153.8038473823274,153.15708614830646,118.98458396665868,mdma_purple_black,fluorescent,118,47,107
150.74444851892437,183.5057551077436,64.95501467079603,mdma_purple_black,warm_indoor,64,18,62
156.393105766025,176.4270491715439,68.167385120105,mdma_purple_black,overcast,68,21,56
154.52598670394417,176.71661049153505,109.86687413234239,mdma_purple_black,harsh_direct,109,33,96
163.92348520514588,168.71131545427212,46.20090736660252,mdma_purple_black,daylight,46,15,31
165.59777300186698,177.2453647100022,56.54707489154829,mdma_purple_black,fluorescent,56,17,34
159.57541345327778,176.4487063786783,43.37528929709066,mdma_purple_black,warm_indoor,43,13,32
162.15341283866118,177.5820390602081,24.53804752378045,mdma_purple_black,overcast,24,7,17
160.14082857273115,203.51360681868763,83.62371639945428,mdma_purple_black,harsh_direct,83,16,59
153.57303189301138,159.20715868924893,50.91173583026104,mdma_purple_black,daylight,50,19,46
148.2729534465426,137.57176172192897,59.70465838866768,mdma_purple_black,fluorescent,58,27,59
147.0829030354571,156.7772892664313,54.84871388643302,mdma_purple_black,warm_indoor,52,21,54
150.58829271951913,145.3592062417059,29.353332287756388,mdma_purple_black,overcast,29,12,28
150.87102875341188,171.01987141053937,59.00477167845453,mdma_purple_black,harsh_direct,59,19,56
154.4561463716945,171.45218502837298,98.22076884129254,mdma_purple_black,daylight,98,32,86
160.20363452844552,167.21357786141047,87.39270494240915,mdma_purple_black,fluorescent,87,30,66
151.48543632200276,181.05590017092737,61.95919597555287,mdma_purple_black,warm_indoor,61,17,58
157.1562246132499,180.93700725044238,41.30038371250825,mdma_purple_black,overcast,41,11,33
155.31043179147687,195.38730213647335,95.6238657254163,mdma_purple_black,harsh_direct,95,22,80
153.95221892432681,156.0259244169457,48.70041825990542,mdma_purple_black,daylight,48,18,43
157.87700922965826,167.02563776920363,50.05667632930792,mdma_purple_black,fluorescent,50,17,40
150.04951129501214,180.23692637200463,37.94545247969954,mdma_purple_black,warm_indoor,37,11,37
159.58265305564018,178.42450233056482,28.79920900088318,mdma_purple_black,overcast,28,8,21
154.15347939818034,176.88621598873735,75.75078392625743,mdma_purple_black,harsh_direct,75,23,66
162.512287661842,138.1780472376038,64.71627078695565,mdma_purple_black,daylight,64,29,49
164.3853193562209,121.3840444281797,96.79646127509803,mdma_purple_black,fluorescent,96,50,73
158.32720041403897,129.86232025223953,49.33470027895919,mdma_purple_black,warm_indoor,49,24,41
163.1966796639171,118.04482196880345,34.754791843337,mdma_purple_black,overcast,34,18,27
160.61954609112135,141.40799044269306,94.48800116500881,mdma_purple_black,harsh_direct,94,42,74
162.02422571812258,153.27971981921772,75.56622662559553,mdma_purple_black,daylight,75,30,55
160.14516816004232,171.70953884974836,96.51043737040865,mdma_purple_black,fluorescent,96,31,72
156.525274054032,159.95885394986186,84.29850354123947,mdma_purple_black,warm_indoor,84,31,71
162.4382934537859,172.79343125106476,44.71587919839067,mdma_purple_black,overcast,44,14,31
161.00213713553418,152.36382039657906,122.90314183504708,mdma_purple_black,harsh_direct,122,49,93
168.59714523702775,190.1667194470041,81.09772927607756,mdma_purple_black,daylight,81,20,41
169.29133720287697,180.95266018390356,91.1331633794655,mdma_purple_black,fluorescent,91,26,47
161.2904303321264,188.70500378195038,64.12202187811087,mdma_purple_black,warm_indoor,64,16,44
165.6080799535438,169.88967188031947,47.30888381994521,mdma_purple_black,overcast,47,15,29
166.6782002325081,169.37152292771376,94.02954293561595,mdma_purple_black,harsh_direct,94,31,57
154.94409092765542,146.28612787484803,58.954422814378646,mdma_purple_black,daylight,58,25,52
154.895391544541,155.20741907712554,89.33528304283331,mdma_purple_black,fluorescent,89,34,78
151.7073984073927,151.6479650652433,68.60005017974018,mdma_purple_black,warm_indoor,68,27,65
154.95244217085983,128.0392618444311,65.35208751416621,mdma_purple_black,overcast,65,32,58
155.90213982172008,134.28802291333653,89.81511754213473,mdma_purple_black,harsh_direct,89,42,79
152.44324329422446,169.0570101136205,103.57401565923655,mdma_purple_black,daylight,103,34,96
149.70333989714146,158.2079427958612,110.45854800458923,mdma_purple_black,fluorescent,110,41,109
146.71550047506886,158.6602640139029,89.97777360257047,mdma_purple_black,warm_indoor,85,33,89
151.00550833277953,164.99504205852227,78.13750732039347,mdma_purple_black,overcast,78,27,75
148.93313272601884,169.52872073776223,127.4910048422964,mdma_purple_black,harsh_direct,126,42,127
166.3406192586239,149.1571874068235,48.82973043898296,mdma_purple_black,daylight,48,20,32
166.74435170661857,183.90400305488188,43.38170290303944,mdma_purple_black,fluorescent,43,12,24
164.2147975420515,183.86448453438254,71.23429627325626,mdma_purple_black,warm_indoor,71,19,45
168.1827783058921,186.38053634720728,53.13708572360605,mdma_purple_black,overcast,53,14,28
163.7441305912655,189.6390189565802,82.58566417398342,mdma_purple_black,harsh_direct,82,21,52
154.45868912768663,139.02419074739834,45.212827284267874,mdma_purple_black,daylight,45,20,40
154.1515336324336,153.33945352994243,62.08917747575494,mdma_purple_black,fluorescent,62,24,55
150.25178824632587,164.85923820191093,27.259840872881256,mdma_purple_black,warm_indoor,27,9,26
155.92314287078338,163.2602024359798,16.3771808182382,mdma_purple_black,overcast,16,5,14
154.95567957133727,150.4978800727191,62.02822357486443,mdma_purple_black,harsh_direct,62,25,54
166.54075371341662,173.07142839660193,81.45591433362996,mdma_purple_black,daylight,81,26,49
163.68884585719098,177.60905845630046,75.85055624170083,mdma_purple_black,fluorescent,75,23,50
161.4178857903414,197.60894587326945,64.64608436811714,mdma_purple_black,warm_indoor,64,14,44
166.0725769352742,169.59175550327427,38.02892503349047,mdma_purple_black,overcast,38,12,23
166.13217102541614,202.66097189942667,117.49670824508759,mdma_purple_black,harsh_direct,117,24,64
150.52935205316717,177.97428830138182,100.97683564218008,mdma_purple_black,daylight,100,30,97
151.41727810524566,159.6049080329976,77.43977872981924,mdma_purple_black,fluorescent,77,28,73
149.63736112042176,181.30933972733715,86.27142054279454,mdma_purple_black,warm_indoor,86,24,85
153.43722945218252,158.96157951143152,74.94249221035517,mdma_purple_black,overcast,74,28,68
148.64766721871737,173.4470804267107,104.58715984926849,mdma_purple_black,harsh_direct,103,33,104
151.91836164935555,138.20361875031588,24.932658573456465,mdma_purple_black,daylight,24,11,23
151.49381395067775,159.1693061264629,34.04466441254266,mdma_purple_black,fluorescent,34,12,32
148.78012052713714,169.97924049771441,17.764029711520237,mdma_purple_black,warm_indoor,17,5,17
152.18104423611646,130.05366587903896,6.132716250378891,mdma_purple_black,overcast,6,3,5
152.23397280201652,157.35662853964953,55.06854057622577,mdma_purple_black,harsh_direct,55,21,51
158.41469728830458,197.3229037434513,54.90725122388281,mdma_purple_black,daylight,54,12,41
165.16768514536534,166.0284023040101,99.51735334025179,mdma_purple_black,fluorescent,99,34,64
157.00063282736886,156.457910265446,86.14810880605438,mdma_purple_black,warm_indoor,86,33,72
161.9945179438301,189.68979198441437,63.57480853517826,mdma_purple_black,overcast,63,16,43
163.20113239734283,163.58959130941304,95.21950855478599,mdma_purple_black,harsh_direct,95,34,66
151.1599279092398,156.03196460756982,59.67632479735289,mdma_purple_black,daylight,59,23,57
151.13618980799774,161.54137408879242,71.50540359542606,mdma_purple_black,fluorescent,71,26,68
147.5802423775234,183.06324771419133,30.26519798163487,mdma_purple_black,warm_indoor,29,8,30
152.8097957316275,144.32897079345165,43.80882957536218,mdma_purple_black,overcast,43,19,40
150.70452793728725,175.63489187305495,84.96676926274776,mdma_purple_black,harsh_direct,84,26,81
148.10986627141563,160.4092684937023,69.96621108833642,mdma_purple_black,daylight,68,25,69
151.64746193445555,132.0074729618472,97.03621765244138,mdma_purple_black,fluorescent,97,46,92
150.78479145149117,182.89142429084447,40.246477040428445,mdma_purple_black,warm_indoor,40,11,38
155.00406266584952,187.82140789820045,51.97034726130299,mdma_purple_black,overcast,51,13,44
151.4313856413003,195.50834535792575,132.66614827444278,mdma_purple_black,harsh_direct,132,30,124
149.60316053532443,187.8746380599481,99.81747981811428,mdma_purple_black,daylight,99,26,98
157.48281133706033,151.07563722105607,86.08774523497601,mdma_purple_black,fluorescent,86,35,71
148.50748356907528,189.71725851676294,71.98405219950111,mdma_purple_black,warm_indoor,70,18,71
155.76702377757672,189.7735740516512,79.37256773894433,mdma_purple_black,overcast,79,20,66
151.44150801728563,204.71291495904214,106.42768453254024,mdma_purple_black,harsh_direct,106,20,99
149.90479530782915,199.61391444872982,36.87295969484812,mdma_purple_black,daylight,36,8,36
153.99306687557404,165.44134982599908,48.141857316983916,mdma_purple_black,fluorescent,48,16,43
149.5512760823223,190.5970710733424,28.65942381822765,mdma_purple_black,warm_indoor,28,7,28
149.22374999964242,174.2030604863788,30.427215661059833,mdma_purple_black,overcast,30,9,30
147.4032220834513,170.85656789505825,65.99683519186519,mdma_purple_black,harsh_direct,63,21,65
152.49662319294768,180.4057031397303,73.78069301264063,mdma_purple_black,daylight,73,21,67
155.34416024222952,154.0596819042267,68.23561815828224,mdma_purple_black,fluorescent,68,27,59
151.8290440538838,179.85151397213582,72.96499904870369,mdma_purple_black,warm_indoor,72,21,68
155.30011487105847,156.97088977865369,56.575694550737396,mdma_purple_black,overcast,56,21,49
152.38742666151236,163.0916443304847,69.9599953741623,mdma_purple_black,harsh_direct,69,25,65
155.83907479936732,191.01585628003102,17.659818934499782,mdma_purple_black,daylight,17,4,14
163.59710354322905,161.03855575002981,56.50418199768124,mdma_purple_black,fluorescent,56,20,39
154.8927911897527,190.9933697696084,14.757447604864339,mdma_purple_black,warm_indoor,14,3,12
158.27042379388283,164.12019153374888,0.0,mdma_purple_black,overcast,0,0,0
154.47428584840358,163.02538127789055,56.34686393911804,mdma_purple_black,harsh_direct,56,20,49
157.65969556686548,200.0364786013213,43.540416086037865,mdma_purple_black,daylight,43,9,33
161.00462155557892,176.06076740570336,60.51067704699554,mdma_purple_black,fluorescent,60,18,43
155.8989464524334,206.4401082251616,26.2959566894655,mdma_purple_black,warm_indoor,26,5,21
161.16563124303852,178.75377610610332,24.70345884849887,mdma_purple_black,overcast,24,7,17
159.0800427430333,189.53474553222838,61.62455687991185,mdma_purple_black,harsh_direct,61,15,46
166.72066505265985,184.32095366497876,43.715135440752206,mdma_purple_black,daylight,43,12,25
166.1329986551364,185.164620595555,47.545712884818926,mdma_purple_black,fluorescent,47,13,27
163.74179907189082,180.25793113190312,22.008490071378688,mdma_purple_black,warm_indoor,22,6,14
165.84866796181868,186.58456805838298,41.36946219809633,mdma_purple_black,overcast,41,11,24
167.27987622627964,190.6516068801802,61.2945950847387,mdma_purple_black,harsh_direct,61,15,33
161.65638196257584,179.5546353438701,69.55596010005297,mdma_purple_black,daylight,69,20,49
160.2664767477994,182.49614052347414,79.33788837045668,mdma_purple_black,fluorescent,79,22,58
157.86571680780696,172.07652243437286,57.6815405444043,mdma_purple_black,warm_indoor,57,18,46
163.48914234423347,167.4452863423368,42.947650944247854,mdma_purple_black,overcast,42,14,29
159.86372668948434,165.96832043614464,89.14895717281956,mdma_purple_black,harsh_direct,89,31,68
154.2785338874523,184.31833318342424,22.772485220338524,mdma_purple_black,daylight,22,6,19
154.0935811230117,176.01432220757275,24.14232654461547,mdma_purple_black,fluorescent,24,7,21
148.07687687791648,215.36513648678164,0.0,mdma_purple_black,warm_indoor,0,0,0
157.96269401203912,192.21931174792792,21.63361564837581,mdma_purple_black,overcast,21,5,16
157.75450879659132,205.35321678914508,64.41314449566778,mdma_purple_black,harsh_direct,64,12,49
161.91368864719828,185.84306084747735,31.39353920578236,mdma_purple_black,daylight,31,8,21
161.9832474524998,170.4665258735829,56.73351302039494,mdma_purple_black,fluorescent,56,18,40
155.6994371435843,187.41506618826904,28.42253227337558,mdma_purple_black,warm_indoor,28,7,23
163.52141301077427,184.83981244248986,21.443289576484332,mdma_purple_black,overcast,21,5,13
159.81900122268974,172.67597664993727,33.28399770540493,mdma_purple_black,harsh_direct,33,10,25
159.2255113748623,184.99135989003662,101.4467731634544,mdma_purple_black,daylight,101,27,76
165.13194819849576,183.04428089928294,97.20252381144778,mdma_purple_black,fluorescent,97,27,59
155.58714191779268,181.6544833381854,63.41156179398628,mdma_purple_black,warm_indoor,63,18,53
159.29689916330412,175.7621220737968,51.614710872891536,mdma_purple_black,overcast,51,16,39
156.7651177637531,204.41692094474143,101.52818669539316,mdma_purple_black,harsh_direct,101,20,80
156.36513172280868,183.64748087933455,44.23280175013561,mdma_purple_black,daylight,44,12,36
158.96940398975676,195.20412465880676,39.36775507897154,mdma_purple_black,fluorescent,39,9,29
154.5363978671568,198.12025034464924,6.868240663414554,mdma_purple_black,warm_indoor,6,1,5
159.01309799756362,214.229140838307,16.13442836903438,mdma_purple_black,overcast,16,2,11
154.57738115754177,199.11221012896124,53.68178979163676,mdma_purple_black,harsh_direct,53,11,46
154.4410357748322,165.44909316359872,83.1822357841593,mdma_purple_black,daylight,83,29,73
156.90311899894672,162.233412804953,87.11770992648393,mdma_purple_black,fluorescent,87,31,72
152.41317600820483,164.24364841476864,83.16178320834729,mdma_purple_black,warm_indoor,83,29,77
159.41159402479607,125.7522233461739,60.753016514824196,mdma_purple_black,overcast,60,30,50
156.47849230178022,163.15687037829048,111.65107691214445,mdma_purple_black,harsh_direct,111,40,94
165.81609106682168,204.74461181773776,40.38123960328154,mdma_purple_black,daylight,40,7,22
165.07998986925023,166.5107041514013,71.25618362301512,mdma_purple_black,fluorescent,71,24,46
163.75559290152245,193.59162090876598,64.42148725359566,mdma_purple_black,warm_indoor,64,15,40
169.4968062532706,175.1767430286168,18.957111454335887,mdma_purple_black,overcast,18,5,10
169.94907260124924,195.65954756168705,118.17614588248351,mdma_purple_black,harsh_direct,118,27,55
157.23612476431973,209.58208177270853,55.71144030559438,mdma_purple_black,daylight,55,9,43
162.31437565144319,172.3871273913472,91.98899174283159,mdma_purple_black,fluorescent,91,29,64
154.22626833635422,204.3251132720014,61.13092411665956,mdma_purple_black,warm_indoor,61,12,52
156.2752563494946,177.92724264020822,82.20575717752965,mdma_purple_black,overcast,82,24,68
154.1005683373778,200.71390084578115,92.79032262046007,mdma_purple_black,harsh_direct,92,19,80
151.87410088239832,186.41792010867437,47.0493180932624,mdma_purple_black,daylight,47,12,43
151.01212357078782,167.118670374715,69.7348228861908,mdma_purple_black,fluorescent,69,24,66
149.0435862779439,150.63187578335396,25.393594030052924,mdma_purple_black,warm_indoor,25,10,25
155.35255767858612,149.0826596831538,37.69662756448989,mdma_purple_black,overcast,37,15,33
152.86805494322405,166.65349288959325,67.13988571917199,mdma_purple_black,harsh_direct,67,23,61
155.9311502805524,167.11543018030835,50.36682952223374,mdma_purple_black,daylight,50,17,42
154.83957579095792,147.07739655484252,61.4626793818793,mdma_purple_black,fluorescent,61,26,54
153.05439425943996,201.5489730782011,40.04215595916253,mdma_purple_black,warm_indoor,40,8,35
151.39606390081016,172.02663678293774,44.560012319689505,mdma_purple_black,overcast,44,14,42
150.77940172128118,154.1664984323145,91.59714184736933,mdma_purple_black,harsh_direct,91,36,88
156.49425318495187,185.86849458542935,57.08426387498412,mdma_purple_black,daylight,57,15,46
156.6453758579993,170.59017459193288,69.17876262946042,mdma_purple_black,fluorescent,69,22,57
151.67215794653467,164.01418226943878,39.348803440513706,mdma_purple_black,warm_indoor,39,14,37
156.29899498826188,151.84081927192727,45.13674182860328,mdma_purple_black,overcast,45,18,38
159.0953024268628,169.3440263238319,95.25460230126436,mdma_purple_black,harsh_direct,95,31,74
155.76125664628663,129.6670127682914,51.97705556582501,mdma_purple_black,daylight,51,25,46
151.26339149584896,130.80696646419105,53.38774931582945,mdma_purple_black,fluorescent,53,26,51
153.16306826500426,153.65084139462428,50.91746792958844,mdma_purple_black,warm_indoor,50,20,46
155.96543325772654,161.7265357472059,30.84256936824808,mdma_purple_black,overcast,30,11,26
154.08790555238528,172.50490202628154,60.84989413434978,mdma_purple_black,harsh_direct,60,19,54
154.20386650784164,155.1317271717739,61.44712432271655,mdma_purple_black,daylight,61,24,55
158.45613129879806,164.20526922808102,64.37884934195068,mdma_purple_black,fluorescent,64,22,51
151.1053405778654,181.06668606973605,62.24072353857447,mdma_purple_black,warm_indoor,62,18,59
154.13060475237342,138.91144424036293,48.538527176837135,mdma_purple_black,overcast,48,22,44
154.36736809665675,140.00625725095756,86.7565287564533,mdma_purple_black,harsh_direct,86,39,78
157.09166102736737,202.2223064632521,6.542260248335296,mdma_purple_black,daylight,6,1,5
157.22409620397704,184.36534064068178,44.297187288035346,mdma_purple_black,fluorescent,44,12,35
151.1868018709298,199.80066926617803,8.261049878701954,mdma_purple_black,warm_indoor,8,1,7
158.00212417740462,194.8571927344184,0.0,mdma_purple_black,overcast,0,0,0
156.3788914689998,205.3452273614416,59.115968656680096,mdma_purple_black,harsh_direct,59,11,47
163.05344836863804,166.82397616084526,87.56272783920174,mdma_purple_black,daylight,87,30,60
165.07770536744684,179.84760637872998,96.68186615213162,mdma_purple_black,fluorescent,96,28,60
154.6424875333682,178.2062561049396,59.655088429034265,mdma_purple_black,warm_indoor,59,17,52
164.35420916222958,156.92926114869968,64.88576191099143,mdma_purple_black,overcast,64,24,44
161.10399930202666,184.74027022947922,126.69329033452391,mdma_purple_black,harsh_direct,126,34,89
155.38289120703735,164.849350641072,66.30111745256947,mdma_purple_black,daylight,66,23,57
158.97867423505002,143.7992168400014,59.2661578200791,mdma_purple_black,fluorescent,59,25,48
149.46860265527982,200.8989489131934,34.169737815268135,mdma_purple_black,warm_indoor,34,7,33
154.5158044128164,149.72284074421256,18.835616302636325,mdma_purple_black,overcast,18,7,16
149.6041550566213,162.05282646011426,85.79412794908171,mdma_purple_black,harsh_direct,85,31,84
157.41450066722814,164.90905812515965,72.55369868254868,mdma_purple_black,daylight,72,25,59
160.76252476139055,170.29401926806247,73.84988866408278,mdma_purple_black,fluorescent,73,24,54
152.4987001465097,157.34164857453464,64.25706248205579,mdma_purple_black,warm_indoor,64,24,59
158.7994911981454,131.38403184953586,63.48610456367922,mdma_purple_black,overcast,63,30,52
159.18643720619747,197.37995178532253,88.96917563370477,mdma_purple_black,harsh_direct,88,20,65
164.3885571450554,180.8052995074828,82.07080045384643,mdma_purple_black,daylight,82,23,52
163.24937056383948,145.76330341805422,96.42681176177298,mdma_purple_black,fluorescent,96,41,70
162.83718071550757,164.5551235217522,63.615365566907,mdma_purple_black,warm_indoor,63,22,44
157.86462407265137,154.98490961453797,59.32808558919557,mdma_purple_black,overcast,59,23,48
160.0349794261079,157.82736990931917,106.46472994996755,mdma_purple_black,harsh_direct,106,40,82
157.04142446789092,142.64623860890015,46.66901403034407,mdma_purple_black,daylight,46,20,39
159.41887065630667,169.4511099964469,58.53438361047982,mdma_purple_black,fluorescent,58,19,45
156.88120501833708,160.77179120648748,12.783058691473656,mdma_purple_black,warm_indoor,12,4,10
158.475955917591,144.0622722249139,9.655943736489348,mdma_purple_black,overcast,9,4,7
158.68956719111907,141.80870544097843,46.02945832029789,mdma_purple_black,harsh_direct,46,20,37
154.23329081004607,193.08414217739414,62.92365416631131,mdma_purple_black,daylight,62,15,54
158.92476444637822,179.72544185382978,77.22441538164895,mdma_purple_black,fluorescent,77,22,59
149.4630656668528,181.68153985270487,41.69240539040783,mdma_purple_black,warm_indoor,41,11,41
156.35554960049404,195.46567939075672,55.9717439382099,mdma_purple_black,overcast,55,13,45
154.30430507117404,174.98803842573236,93.71549409609842,mdma_purple_black,harsh_direct,93,29,82
153.87318450104655,169.9371558044318,104.85830799118595,mdma_purple_black,daylight,104,34,93
157.64226678136032,200.16987367285924,98.49532182935636,mdma_purple_black,fluorescent,98,21,76
149.18296179861758,195.7529827388936,77.72880941690146,mdma_purple_black,warm_indoor,77,18,77
150.52570424083413,172.06553117245684,52.69995652791154,mdma_purple_black,overcast,52,17,51
151.54435881925457,196.45716184396716,92.7564385624268,mdma_purple_black,harsh_direct,92,21,87
155.95817018021185,176.87978193756823,71.16254851968878,mdma_purple_black,daylight,71,21,59
156.28131412493232,157.39364978672748,91.46190420481216,mdma_purple_black,fluorescent,91,35,77
152.24812227569038,177.85182534521024,49.18028367196851,mdma_purple_black,warm_indoor,49,14,45
154.847971972599,157.37248588240567,64.34851244248924,mdma_purple_black,overcast,64,24,56
154.69744209174598,173.6523274207637,95.22821710145882,mdma_purple_black,harsh_direct,95,30,83
152.04561049195127,134.27541035839732,79.9873264791392,mdma_purple_black,daylight,79,37,75
156.33448317544335,130.77281967115957,68.10350415691236,mdma_purple_black,fluorescent,68,33,59
154.1741696121534,153.67827846676607,44.92914922664323,mdma_purple_black,warm_indoor,44,17,40
149.57313400634465,175.65528751706972,43.053753090555986,mdma_purple_black,overcast,43,13,42
155.23666488878678,166.5157942019248,97.54201003341873,mdma_purple_black,harsh_direct,97,33,84
157.15042688026213,141.3489930745226,61.27015914880788,mdma_purple_black,daylight,61,27,52
160.38040991562426,152.02065861028865,92.53935506833653,mdma_purple_black,fluorescent,92,37,71
154.92329850338945,203.72848562154888,64.26129903306753,mdma_purple_black,warm_indoor,64,12,54
163.37384946999117,134.10392970195414,43.436108507335234,mdma_purple_black,overcast,43,20,32
161.2302009983213,168.143453103583,109.60262375991077,mdma_purple_black,harsh_direct,109,37,80
155.46329725544177,173.79879928451146,54.17414295762424,mdma_purple_black,daylight,54,17,46
156.42587416146577,164.51179495256304,63.05628318890163,mdma_purple_black,fluorescent,63,22,53
153.6623124838334,177.71530784450445,52.08922550773492,mdma_purple_black,warm_indoor,52,15,46
158.25052217232277,173.4058850626218,8.940521188685935,mdma_purple_black,overcast,8,2,7
154.88584029662061,159.67964685796002,49.574001631871454,mdma_purple_black,harsh_direct,49,18,43
149.97835712664317,156.45951167273446,70.8571425076781,mdma_purple_black,daylight,70,27,69
154.45451912743988,130.20432105418868,73.50529031662965,mdma_purple_black,fluorescent,73,35,66
150.1204419757623,158.8678534380343,71.3006542931956,mdma_purple_black,warm_indoor,71,26,69
153.831641735937,149.04091580572515,26.421564573758644,mdma_purple_black,overcast,26,10,24
148.7278418141842,170.2246628870201,119.39820026262878,mdma_purple_black,harsh_direct,118,39,119
155.43220327738507,190.46795865809162,64.17698762356204,mdma_purple_black,daylight,64,16,54
163.31136792353917,137.71279857766308,94.58464833122358,mdma_purple_black,fluorescent,94,43,70
155.28975287932514,187.86595081373866,45.54722340352619,mdma_purple_black,warm_indoor,45,11,38
162.07021536361228,172.05696506533303,63.54753434847714,mdma_purple_black,overcast,63,20,45
156.82852473415662,177.578620405485,93.41284320863343,mdma_purple_black,harsh_direct,93,28,76
152.17303915276764,150.73954201075213,80.90338969457585,mdma_purple_black,daylight,80,33,76
154.52170086808414,173.80339473862313,78.56362659139833,mdma_purple_black,fluorescent,78,25,68
147.70630167382475,157.0295599061089,24.30867342548993,mdma_purple_black,warm_indoor,23,9,24
152.68691412491765,153.04751930515923,27.380567295755043,mdma_purple_black,overcast,27,10,25
151.76246910810045,153.58962585271564,74.47093597200413,mdma_purple_black,harsh_direct,74,29,70
158.90573395540483,124.06312994056238,34.00324900698075,mdma_purple_black,daylight,34,17,28
164.4580633191898,130.0770603431244,80.41150555997886,mdma_purple_black,fluorescent,80,39,59
154.4088197975686,161.88411847089705,34.911085354248314,mdma_purple_black,warm_indoor,34,12,31
161.79975704730526,128.6453013899296,20.72158327528176,mdma_purple_black,overcast,20,10,16
159.74341590579942,144.18508517976483,46.73277201044449,mdma_purple_black,harsh_direct,46,20,37
156.96820726413893,167.92566096760225,64.3979091602732,mdma_purple_black,daylight,64,21,53
160.5625851086869,167.62369360541553,95.64166042298068,mdma_purple_black,fluorescent,95,32,71
156.56339647232173,221.08478485743342,58.18402084147763,mdma_purple_black,warm_indoor,58,7,45
156.62551691929312,196.32572180156413,25.606835854774502,mdma_purple_black,overcast,25,5,20
158.7078324283519,186.98081298500568,93.10070157203499,mdma_purple_black,harsh_direct,93,24,71
152.16543978478205,133.59071989856008,73.46766780546376,mdma_purple_black,daylight,73,34,69
157.51654622091718,116.13405928775822,76.7798082900993,mdma_purple_black,fluorescent,76,41,66
156.16204109469152,154.86375781998981,84.71567029351286,mdma_purple_black,warm_indoor,84,33,72
156.2361435471953,133.9378999731714,48.44757113925981,mdma_purple_black,overcast,48,23,42
153.739663522981,163.91261467736675,108.22940671690657,mdma_purple_black,harsh_direct,108,38,97
151.96970270565603,136.4499810758349,44.69120549531921,mdma_purple_black,daylight,44,20,42
155.8277282102956,147.8307645731766,96.87260831874988,mdma_purple_black,fluorescent,96,40,84
147.97942317796364,184.42468009574827,72.16594981563577,mdma_purple_black,warm_indoor,70,19,72
149.22579805404598,189.05974700095803,56.98917899485973,mdma_purple_black,overcast,56,14,56
156.55744403311738,191.0394860896277,118.38288708692623,mdma_purple_black,harsh_direct,118,29,96
146.74371752304012,168.77284072987746,124.06893119801856,mdma_purple_black,daylight,117,41,124
153.77709054354878,205.12288737888855,167.34188361624342,mdma_purple_black,fluorescent,167,32,146
148.40754508942396,196.60366616346417,86.30659797938429,mdma_purple_black,warm_indoor,84,19,86
151.70946778769422,190.27603052487274,100.65633199912817,mdma_purple_black,overcast,100,25,94
151.54508226296252,202.34005226578333,146.74603030503144,mdma_purple_black,harsh_direct,146,30,137
154.5371929384653,202.90629283139552,55.639897221021926,mdma_purple_black,daylight,55,11,47
158.00997332919206,203.57830015073495,83.38239513148666,mdma_purple_black,fluorescent,83,16,63
154.65516972900994,198.91292507991338,45.911417305469314,mdma_purple_black,warm_indoor,45,10,39
157.3817017889488,189.8456922755963,44.19333328592194,mdma_purple_black,overcast,44,11,35
157.49746668747002,197.5962020474908,98.4633916975036,mdma_purple_black,harsh_direct,98,22,77
153.64908693980692,150.84051168607667,44.20093166377603,mdma_purple_black,daylight,44,18,40
151.03058767871977,141.86399969538914,39.59435247840214,mdma_purple_black,fluorescent,39,17,38
146.19320828714362,148.48114716155936,24.996993129894847,mdma_purple_black,warm_indoor,23,10,24
148.62309357069458,167.4198568089785,20.871644996359734,mdma_purple_black,overcast,20,7,20
149.33188711469006,151.97303627972528,103.39614806096344,mdma_purple_black,harsh_direct,103,41,103
162.34448032737697,176.2432847467574,80.04811394580642,mdma_purple_black,daylight,80,24,55
158.0495372176746,160.10115281436106,82.35997427252968,mdma_purple_black,fluorescent,82,30,66
155.4147399281752,165.66589545428016,37.09990710283772,mdma_purple_black,warm_indoor,37,12,32
159.5169177243745,164.13252882185418,40.34458535722487,mdma_purple_black,overcast,40,14,31
163.45314776097445,147.76208793509417,72.5014833884955,mdma_purple_black,harsh_direct,72,30,52
168.30631771068383,159.83809642191443,67.50498238834035,mdma_purple_black,daylight,67,25,40
171.98997163323244,144.06243534608194,81.02895519327774,mdma_purple_black,fluorescent,81,35,46
163.04174971815883,154.48834990411646,64.93294219264891,mdma_purple_black,warm_indoor,64,25,46
167.80622457153495,170.160976597306,56.51716280185519,mdma_purple_black,overcast,56,18,32
166.92365540873521,203.12890458832567,121.11878625590808,mdma_purple_black,harsh_direct,121,24,63
154.90003199850335,178.08376304365962,63.71459473227726,mdma_purple_black,daylight,63,19,55
157.1063107864591,157.847708390082,71.58217124584908,mdma_purple_black,fluorescent,71,27,59
152.6829027105853,168.33425202203725,12.20794763591492,mdma_purple_black,warm_indoor,12,4,11
158.77610241896963,165.20489238295295,26.350553345875,mdma_purple_black,overcast,26,9,20
155.89174633649876,211.45402937412516,90.56072320618793,mdma_purple_black,harsh_direct,90,15,73
152.97410898673778,170.0701106241037,46.34224438090426,mdma_purple_black,daylight,46,15,42
154.5166231159962,160.86008646520514,67.06388758776228,mdma_purple_black,fluorescent,67,24,59
147.76449317389688,177.86344425706818,68.38516687465602,mdma_purple_black,warm_indoor,66,20,68
151.1405059753355,177.23652598570683,64.86422060137977,mdma_purple_black,overcast,64,19,61
152.37231346282672,172.97036546389344,58.9881529567603,mdma_purple_black,harsh_direct,58,18,54
164.30563259742604,170.60961603547568,71.23106100324694,mdma_purple_black,daylight,71,23,47
169.41656562306255,172.17153361984188,105.59710540802449,mdma_purple_black,fluorescent,105,34,57
162.04619044384057,192.00802333788053,78.11516750891882,mdma_purple_black,warm_indoor,78,19,52
165.25909517792672,189.72327188865864,89.21004287623161,mdma_purple_black,overcast,89,22,53
168.4336478565873,169.7853161723916,96.46112632271071,mdma_purple_black,harsh_direct,96,32,54
157.92367556918808,211.367222085873,60.86085189119645,mdma_purple_black,daylight,60,10,46
161.85363140684308,198.2337849342218,50.554302908406655,mdma_purple_black,fluorescent,50,11,33
151.43767615659195,205.41047248355252,6.665134595541957,mdma_purple_black,warm_indoor,6,1,6
160.19617813430716,192.37527184608075,21.190080884649717,mdma_purple_black,overcast,21,5,15
160.74309424155635,201.82525556737687,40.97767778341972,mdma_purple_black,harsh_direct,40,8,28
149.61369605299151,225.67713132425789,42.29990343646672,mdma_purple_black,daylight,42,4,41
149.73231926335527,213.56550440021033,94.84871313015427,mdma_purple_black,fluorescent,94,15,93
145.9723783893878,212.4062626713252,48.22240958046682,mdma_purple_black,warm_indoor,43,8,48
148.47966249295192,214.55097824674934,48.73438160478044,mdma_purple_black,overcast,47,7,48
152.24584058023325,211.67596285645803,94.72628407853877,mdma_purple_black,harsh_direct,94,16,86
155.24533721791784,203.17632710042713,65.04433087952873,mdma_purple_black,daylight,65,13,54
154.43014122625303,168.87739755631088,83.27268224267286,mdma_purple_black,fluorescent,83,28,73
152.91200595695724,220.42365779319104,67.16716208153068,mdma_purple_black,warm_indoor,67,9,59
152.58173689802305,175.96135384434396,47.4351783331376,mdma_purple_black,overcast,47,14,43
154.8724193934233,200.97301428977602,106.11633816783922,mdma_purple_black,harsh_direct,106,22,90
155.1939558737461,192.0554440124292,86.87640545811877,mdma_purple_black,daylight,86,21,73
154.89671487697237,174.8170909517335,60.13607515573631,mdma_purple_black,fluorescent,60,18,52
152.54686391307595,194.52907021048964,58.320145270845046,mdma_purple_black,warm_indoor,58,13,53
154.37196638095116,189.96884826244002,52.5276055428147,mdma_purple_black,overcast,52,13,45
154.73764889348595,225.0944396894327,92.83556808418166,mdma_purple_black,harsh_direct,92,10,77
163.705077346077,141.28128865600868,35.64160481691884,mdma_purple_black,daylight,35,15,26
159.41903249138264,150.5567811744568,31.821801172138336,mdma_purple_black,fluorescent,31,13,25
153.7231427372617,170.15810713346937,15.637135953944423,mdma_purple_black,warm_indoor,15,5,14
159.76426829426904,134.86000321969644,4.052369787361869,mdma_purple_black,overcast,4,1,3
158.1084635300989,169.8375281676038,46.376842713728635,mdma_purple_black,harsh_direct,46,15,37
159.52119185269686,143.1726131351791,64.5625290390868,mdma_purple_black,daylight,64,28,51
162.9397354140103,128.38966684842717,74.43547542748871,mdma_purple_black,fluorescent,74,36,57
157.31370005585953,175.68492626500478,88.94926861589994,mdma_purple_black,warm_indoor,88,27,72
159.95831472621182,175.49725426462052,40.676682202426875,mdma_purple_black,overcast,40,12,30
157.5207156898818,151.16250508243624,121.36953372233387,mdma_purple_black,harsh_direct,121,49,101
7.721296541611408,238.89179798027783,181.28744500095345,amphetamine_orange,daylight,181,55,11
12.56761143138544,240.87949909938956,190.92158128746485,amphetamine_orange,fluorescent,190,86,10
6.228450840310769,255.0,190.3448115018783,amphetamine_orange,warm_indoor,190,39,0
9.80965005815317,254.7677235477426,161.92093265862587,amphetamine_orange,overcast,161,53,0
7.313449381354774,249.80920888191366,216.7844159526481,amphetamine_orange,harsh_direct,216,56,4
6.116006433741137,212.03619137454555,187.5648279897992,amphetamine_orange,daylight,187,63,31
9.21980613091202,199.36978126786744,207.77065814088556,amphetamine_orange,fluorescent,207,95,45
5.948915814367739,213.3441302454511,176.62186327949715,amphetamine_orange,warm_indoor,176,58,28
10.270603796574648,209.46389676283508,163.30812620612465,amphetamine_orange,overcast,163,75,29
7.553827513809721,236.0339824423071,228.71736381995473,amphetamine_orange,harsh_direct,228,70,17
11.593231066917603,233.10883559871053,236.38278614445233,amphetamine_orange,daylight,236,104,20
13.116463726121253,255.0,255.0,amphetamine_orange,fluorescent,255,112,0
11.493914233153461,247.0688512569699,208.53172171873925,amphetamine_orange,warm_indoor,208,84,6
13.904573040694071,242.75643283953355,188.21630061043533,amphetamine_orange,overcast,188,92,9
14.216188110801435,255.0,255.0,amphetamine_orange,harsh_direct,255,121,0
7.256251189668796,212.75316304874656,211.1047980757463,amphetamine_orange,daylight,211,77,34
7.6223474521372365,186.48440220719206,247.350482350577,amphetamine_orange,fluorescent,247,112,66
0.6898380216525961,198.7284864444465,194.51191169457041,amphetamine_orange,warm_indoor,194,46,42
7.575371159017918,211.70508291332865,177.25259493921612,amphetamine_orange,overcast,177,67,30
8.466919231105745,205.4000162111557,205.00810393496016,amphetamine_orange,harsh_direct,205,86,39
10.534208035551272,193.27416569257977,237.90680777017795,amphetamine_orange,daylight,237,121,57
6.674000416080425,205.40314308465955,200.9058093890328,amphetamine_orange,fluorescent,200,75,39
6.704631764828154,218.8189909543482,188.82729147142535,amphetamine_orange,warm_indoor,188,63,26
11.259846421965735,176.54695370183714,206.98260170961657,amphetamine_orange,overcast,206,117,63
9.241340021661314,212.91331666708493,240.43147196048335,amphetamine_orange,harsh_direct,240,101,39
5.649638350060632,217.36368575800876,225.75136044418832,amphetamine_orange,daylight,225,69,33
13.038328160171737,225.16208947926717,254.49613619503856,amphetamine_orange,fluorescent,254,127,29
4.467617944901691,255.0,207.22956799290137,amphetamine_orange,warm_indoor,207,31,0
7.726491026681243,209.25822442595197,191.73116228679763,amphetamine_orange,overcast,191,75,34
12.341140993781575,238.0902909254052,239.45409920749628,amphetamine_orange,harsh_direct,239,108,15
7.2649774149128,172.7295979622519,230.3519217498315,amphetamine_orange,daylight,230,112,74
5.077174106967203,175.6124937199348,206.3054346473779,amphetamine_orange,fluorescent,206,88,64
2.658849990050824,182.92097187188563,206.00155620817486,amphetamine_orange,warm_indoor,206,71,58
3.4667754112687645,173.18516575988664,187.6077898209462,amphetamine_orange,overcast,187,74,60
3.3391349709220437,217.7575167102595,225.1724560616709,amphetamine_orange,harsh_direct,225,54,32
11.976791634826986,189.67689802999357,223.91762560731058,amphetamine_orange,daylight,223,124,57
15.509943676102473,167.69082349610574,252.69739888330867,amphetamine_orange,fluorescent,252,172,86
9.924430320532272,220.28519199105557,194.39087281744776,amphetamine_orange,warm_indoor,194,82,26
14.457677389280567,179.98013300118606,208.9468011534111,amphetamine_orange,overcast,208,132,61
13.600648630516867,199.1385991491823,254.14998049406358,amphetamine_orange,harsh_direct,254,146,55
11.850901412113314,232.0667865493814,204.26232757958772,amphetamine_orange,daylight,204,92,18
15.767327149463878,199.30199810080887,204.63639583347037,amphetamine_orange,fluorescent,204,129,44
7.189222458878255,216.07273351778048,180.13829652030287,amphetamine_orange,warm_indoor,180,64,27
15.141357784288909,197.14398072478338,184.4805052302782,amphetamine_orange,overcast,184,114,41
11.735698638387953,218.58578448782038,238.7641234603772,amphetamine_orange,harsh_direct,238,114,34
21.724170958772888,215.817539032858,186.96011455325174,amphetamine_orange,daylight,186,143,28
15.331283738218513,224.83629168235336,170.854342608993,amphetamine_orange,fluorescent,170,97,20
14.255514502624992,236.26401510155654,164.51244294363156,amphetamine_orange,warm_indoor,164,84,12
15.076908590724003,210.10590633317827,155.90944585776137,amphetamine_orange,overcast,155,92,27
16.870313237841295,232.1784255544865,215.74970787563498,amphetamine_orange,harsh_direct,215,130,19
10.741240825361515,224.5267146101029,185.54827657085093,amphetamine_orange,daylight,185,80,22
15.228787075145979,215.52960503694183,198.9200434654132,amphetamine_orange,fluorescent,198,116,30
8.814182517512805,246.28927109391972,191.28741787841,amphetamine_orange,warm_indoor,191,61,6
12.590287568628774,253.83057509753252,176.60912409666346,amphetamine_orange,overcast,176,75,0
12.24396781267832,215.93629772149418,192.82615556557144,amphetamine_orange,harsh_direct,192,96,29
19.42567252978402,213.47128443213796,244.8171977614353,amphetamine_orange,daylight,244,173,39
15.066771927585664,206.66960142350067,246.97937181842573,amphetamine_orange,fluorescent,246,147,46
13.49302329749312,223.79212255630176,232.4314549708965,amphetamine_orange,warm_indoor,232,120,28
13.40996247749096,212.37690476248238,197.29189114511638,amphetamine_orange,overcast,197,106,32
18.30849169403686,209.6840332793385,253.55870031036062,amphetamine_orange,harsh_direct,253,173,45
5.883743850939291,231.75882379878593,177.18991156384087,amphetamine_orange,daylight,177,47,16
8.990037011253879,213.47105756935645,189.32035662000118,amphetamine_orange,fluorescent,189,78,30
1.3455769987528086,217.2356129362825,181.52073907818138,amphetamine_orange,warm_indoor,181,33,26
6.656699766240053,241.37260923361333,174.15241964573244,amphetamine_orange,overcast,174,46,9
5.127125001925047,240.30709007954434,203.0648274805734,amphetamine_orange,harsh_direct,203,44,11
13.614162244817985,214.40201558828514,209.38592125971968,amphetamine_orange,daylight,209,113,33
14.390162659698968,195.05011022767528,237.539162323595,amphetamine_orange,fluorescent,237,143,55
9.587696524766281,188.4394400091373,197.49602288976837,amphetamine_orange,warm_indoor,197,98,51
14.924609210643522,210.18925414897942,220.3710140225395,amphetamine_orange,overcast,220,129,38
12.92715056025307,181.5286388050673,233.43753550754457,amphetamine_orange,harsh_direct,233,139,67
13.555285227648673,241.83747087529684,214.01888318533014,amphetamine_orange,daylight,214,103,11
14.986314254234992,226.6834873426091,241.1889709429272,amphetamine_orange,fluorescent,241,134,26
9.468410069954878,217.14135212955347,216.28728121705655,amphetamine_orange,warm_indoor,216,90,32
16.72000075898222,207.24969443075528,222.5998241418614,amphetamine_orange,overcast,222,143,41
9.375607927520024,242.92819102111216,222.44516828692014,amphetamine_orange,harsh_direct,222,77,10
0.0,199.0963148709121,237.74528064675545,amphetamine_orange,daylight,237,52,52
4.038776706706553,201.11222772724688,210.06967307396312,amphetamine_orange,fluorescent,210,66,44
0.11309468119743737,212.86725086345393,218.6746543794219,amphetamine_orange,warm_indoor,218,36,36
1.5974379479348513,217.79796088171898,203.74646109677218,amphetamine_orange,overcast,203,39,29
3.461082000158611,202.08931227908624,255.0,amphetamine_orange,harsh_direct,255,76,52
7.308294840708774,180.51091984056055,229.32553013717902,amphetamine_orange,daylight,229,106,66
13.387706471434777,180.65300110203128,252.44591024649716,amphetamine_orange,fluorescent,252,153,73
10.268701611258074,225.3500881591002,219.36945022215923,amphetamine_orange,warm_indoor,219,92,25
7.728385712877235,168.3175312769243,184.28905232773747,amphetamine_orange,overcast,184,94,62
9.375873942839611,195.77213255881998,247.89325509298305,amphetamine_orange,harsh_direct,247,117,57
13.332728601260172,210.0555426613502,174.39723873985872,amphetamine_orange,daylight,174,94,30
18.48813992018047,213.93961794391936,199.1959155277361,amphetamine_orange,fluorescent,199,135,32
5.295503318469121,215.39804016597637,167.7253539825229,amphetamine_orange,warm_indoor,167,51,26
13.027555249481972,197.1539683960723,172.925281547207,amphetamine_orange,overcast,172,97,39
10.904587303295243,228.86559341332608,193.66359972480075,amphetamine_orange,harsh_direct,193,83,19
13.814241944311895,202.7627537408153,163.2605762298614,amphetamine_orange,daylight,163,93,33
15.326559422832224,220.6489870063432,184.528384643456,amphetamine_orange,fluorescent,184,106,24
14.49961833722666,235.19986321959487,201.54665079780875,amphetamine_orange,warm_indoor,201,105,15
13.734214287660528,220.65734051772048,193.8222644070931,amphetamine_orange,overcast,193,103,26
14.604984464890837,236.0781700672333,209.20031086802678,amphetamine_orange,harsh_direct,209,110,15
6.85035924852639,250.84234647157007,239.3989976376144,amphetamine_orange,daylight,239,57,3
8.137993606202418,233.0677364374641,220.8648937882121,amphetamine_orange,fluorescent,220,74,18
6.205581214929827,229.24132164599447,202.8608927883398,amphetamine_orange,warm_indoor,202,58,20
8.65840782961931,241.68069632612833,192.8699166062938,amphetamine_orange,overcast,192,63,10
10.979561244041932,231.10877316275668,225.9461656544745,amphetamine_orange,harsh_direct,225,96,21
12.462996257983788,223.9560151244481,199.14135616472714,amphetamine_orange,daylight,199,97,24
18.916556826228877,222.99048609229365,212.0136983567338,amphetamine_orange,fluorescent,212,144,26
11.631384991775596,224.28400852707554,186.82761134917217,amphetamine_orange,warm_indoor,186,86,22
10.899719296180464,211.450948745449,178.99758341557634,amphetamine_orange,overcast,178,84,30
14.648635893648047,223.38010780915604,246.39397017939024,amphetamine_orange,harsh_direct,246,136,30
10.700562778965454,209.19688972402054,187.71468444575146,amphetamine_orange,daylight,187,88,33
10.772938507467495,217.53940861626157,198.0900822208677,amphetamine_orange,fluorescent,198,90,29
7.052300859544057,235.59587352922188,178.21300683929175,amphetamine_orange,warm_indoor,178,52,13
6.21475304145502,206.27031912232917,182.7171376615272,amphetamine_orange,overcast,182,65,34
5.588709152206897,205.96675755206272,184.62396120491672,amphetamine_orange,harsh_direct,184,63,35
8.53139265437031,178.01285250071305,200.9426169747959,amphetamine_orange,daylight,200,100,60
9.512339669952643,196.7813838464113,198.33250289827072,amphetamine_orange,fluorescent,198,94,45
4.358707475310229,217.07927790149225,180.10580380828233,amphetamine_orange,warm_indoor,180,49,26
6.089567041304071,180.48866098369615,173.17556112186395,amphetamine_orange,overcast,173,75,50
8.450094012315207,198.96906864057775,208.74892930312012,amphetamine_orange,harsh_direct,208,92,45
7.4718005838795465,244.8178272059824,161.1247623145482,amphetamine_orange,daylight,161,45,6
11.196878537543657,230.23093389016213,182.14226158664184,amphetamine_orange,fluorescent,182,79,17
7.017841218612906,249.4332507613516,123.13458647777371,amphetamine_orange,warm_indoor,123,31,2
8.181184863059318,237.403625917825,132.55855480142907,amphetamine_orange,overcast,132,42,9
11.241515181396423,232.39544946646458,186.633512505604,amphetamine_orange,harsh_direct,186,80,16
17.08376412426655,253.13820753428786,207.68375587384202,amphetamine_orange,daylight,207,119,1
19.87004642008012,233.7030429663661,213.86738714877228,amphetamine_orange,fluorescent,213,148,17
15.858638607287121,235.61363241131176,185.202503313962,amphetamine_orange,warm_indoor,185,105,14
21.479568097540145,228.77947904079937,171.4945280094025,amphetamine_orange,overcast,171,128,17
15.617507758212254,250.79976023771266,217.25449144883657,amphetamine_orange,harsh_direct,217,115,3
6.031605711987535,254.90583995822442,192.22970875501227,amphetamine_orange,daylight,192,38,0
6.0790207043793165,226.80537415586275,198.01619876489713,amphetamine_orange,fluorescent,198,57,21
1.8471545057376055,249.21961261069347,182.50543293766074,amphetamine_orange,warm_indoor,182,15,4
5.828589799550079,255.0,175.14333495285618,amphetamine_orange,overcast,175,34,0
6.200693075367001,255.0,185.64465863021792,amphetamine_orange,harsh_direct,185,38,0
6.487658743534884,225.16334417235277,240.66820776335447,amphetamine_orange,daylight,240,74,28
8.502780208208947,217.2005789247951,255.0,amphetamine_orange,fluorescent,255,99,37
3.8719523389527217,232.8520437806195,222.2006221521352,amphetamine_orange,warm_indoor,222,45,19
4.836066511431506,238.31247718481708,193.42530305699955,amphetamine_orange,overcast,193,41,12
6.054522954800369,228.87075871521898,238.70087824768927,amphetamine_orange,harsh_direct,238,67,24
6.916578651040661,251.94970654741743,218.68696225915102,amphetamine_orange,daylight,218,52,2
4.390435229710167,228.99694904811474,208.2969275472102,amphetamine_orange,fluorescent,208,48,21
0.0,241.8347736108224,169.5108915240912,amphetamine_orange,warm_indoor,169,8,8
6.190292635987515,221.89529372606302,163.10434487264274,amphetamine_orange,overcast,163,50,21
4.491205759559957,239.6942391781075,209.92622186001665,amphetamine_orange,harsh_direct,209,42,12
10.17579079453255,244.99231571484293,160.20057995681702,amphetamine_orange,daylight,160,58,6
14.914655283135884,238.00576375674171,188.31235485394456,amphetamine_orange,fluorescent,188,100,12
5.898850353014311,235.52240504104162,191.64784296332147,amphetamine_orange,warm_indoor,191,49,14
12.587062511526515,228.91843578448533,137.4393744472278,amphetamine_orange,overcast,137,66,14
12.002171685835238,229.43142785143206,213.52342986573416,amphetamine_orange,harsh_direct,213,98,21
6.39707379861095,208.4391098849699,210.8193117804397,amphetamine_orange,daylight,210,75,38
7.20302173665348,181.90686181619722,224.61831041286172,amphetamine_orange,fluorescent,224,103,64
4.194509379782637,216.39834345619698,207.5864237072056,amphetamine_orange,warm_indoor,207,56,31
6.738761183321877,179.8795096851778,181.57601428114393,amphetamine_orange,overcast,181,82,53
6.434252611121965,214.59740217794732,215.66249149227235,amphetamine_orange,harsh_direct,215,73,34
12.10879474534102,255.0,226.20721359082867,amphetamine_orange,daylight,226,91,0
14.1045135973308,219.26856087108317,250.9552230615549,amphetamine_orange,fluorescent,250,137,35
8.069296350504384,232.00837274082696,225.10855829575564,amphetamine_orange,warm_indoor,225,75,20
10.27968410536733,216.8408754806613,180.86390383119445,amphetamine_orange,overcast,180,80,27
13.71220551258143,219.90487476911477,218.5388995605839,amphetamine_orange,harsh_direct,218,116,30
8.14104157014775,210.14437636784953,239.94273504517923,amphetamine_orange,daylight,239,96,42
12.184293814856213,204.9253714688685,217.33000848167973,amphetamine_orange,fluorescent,217,114,42
9.562071343275285,221.3577521400872,216.86502536066487,amphetamine_orange,warm_indoor,216,88,28
13.763825819763468,209.47407281804527,227.70422229612478,amphetamine_orange,overcast,227,126,40
10.09050955195178,248.33071420661307,255.0,amphetamine_orange,harsh_direct,255,90,6
13.016196569753406,192.8937688347486,187.39804355971603,amphetamine_orange,daylight,187,107,45
13.396258543995128,203.82331095871126,195.2368909665158,amphetamine_orange,fluorescent,195,109,39
9.913504496640007,216.4215966397631,159.00288797608,amphetamine_orange,warm_indoor,159,68,24
17.256824096583156,190.34532403963576,164.5477755100231,amphetamine_orange,overcast,164,112,41
12.050727439329371,207.368041949367,214.422978369728,amphetamine_orange,harsh_direct,214,110,40
20.556283789849633,223.70193880872193,211.71238438641967,amphetamine_orange,daylight,211,153,25
24.877729087733286,189.35280189072645,206.21804089426104,amphetamine_orange,fluorescent,206,180,53
16.89858338397752,224.62851442865477,185.98884492250224,amphetamine_orange,warm_indoor,185,114,22
18.27913162123719,230.17776398901384,183.0521045137981,amphetamine_orange,overcast,183,119,17
21.575885724221916,225.0265746686955,238.65893336688265,amphetamine_orange,harsh_direct,238,180,28
14.61036340380673,223.0212722984854,176.21842553530746,amphetamine_orange,daylight,176,97,22
13.869504365775187,234.35219627221107,173.93327261051496,amphetamine_orange,fluorescent,173,88,14
11.019980491401363,216.81054970854225,137.93436812502188,amphetamine_orange,warm_indoor,137,63,20
15.904180447446667,198.9047447585428,154.32436058020542,amphetamine_orange,overcast,154,98,33
13.400016453668098,224.35703780190804,185.84801389549017,amphetamine_orange,harsh_direct,185,95,22
14.718685038489367,176.2309728420309,207.499131809349,amphetamine_orange,daylight,207,134,64
17.514909983664797,181.89211955841668,215.5634867059494,amphetamine_orange,fluorescent,215,152,61
10.838707823908358,215.98414028722684,204.03793275691672,amphetamine_orange,warm_indoor,204,94,31
16.140243038381904,203.09695040622526,194.46275448444516,amphetamine_orange,overcast,194,123,39
12.45911491670345,213.45421000386955,231.99300960931797,amphetamine_orange,harsh_direct,231,118,37
11.361543402322466,222.48130558682155,226.70223122674378,amphetamine_orange,daylight,226,104,28
10.377256715420948,217.24114453323583,204.30484803842074,amphetamine_orange,fluorescent,204,90,30
5.5552371683110815,210.4396347831078,171.85144231992945,amphetamine_orange,warm_indoor,171,56,30
8.628834862141108,235.5007131223093,195.47168004301503,amphetamine_orange,overcast,195,67,14
13.427134553992815,255.0,238.53010476384293,amphetamine_orange,harsh_direct,238,107,0
10.22548370978253,161.88943598678628,214.33745802784193,amphetamine_orange,daylight,214,124,78
14.704758567961518,177.15405979004083,216.05104324085545,amphetamine_orange,fluorescent,216,139,65
7.855024136021841,212.86606155591724,174.47299567056453,amphetamine_orange,warm_indoor,174,67,28
10.89062703070273,168.80147575009872,171.48851402968432,amphetamine_orange,overcast,171,99,57
13.303262578433662,189.9205517945524,213.4348041930871,amphetamine_orange,harsh_direct,213,125,54
6.155598553521009,200.30920207530875,190.29865750989748,amphetamine_orange,daylight,190,71,40
5.595864511153736,185.07934020065522,234.84130556186238,amphetamine_orange,fluorescent,234,96,64
1.3995764345048685,204.4367775591573,186.59207826047583,amphetamine_orange,warm_indoor,186,44,36
7.654005842864406,191.2161194079071,180.9809528904563,amphetamine_orange,overcast,180,80,45
3.7908751470459996,195.02182235822121,235.2792897237805,amphetamine_orange,harsh_direct,235,78,55
5.2286622047266995,227.08990942133585,187.94436261117957,amphetamine_orange,daylight,187,49,20
7.264100017853651,191.34539170943526,216.87642605432103,amphetamine_orange,fluorescent,216,93,54
6.9968302764844275,243.0726851768539,169.25969566266434,amphetamine_orange,warm_indoor,169,45,7
8.778140750219684,221.12663402427071,183.5209913130767,amphetamine_orange,overcast,183,71,24
4.0423168258615405,233.85303742420808,215.06693145905984,amphetamine_orange,harsh_direct,215,44,17
8.994589685080236,208.50596048949166,244.7909515907163,amphetamine_orange,daylight,244,104,44
8.910260378293005,213.1447277114974,250.82610552793483,amphetamine_orange,fluorescent,250,103,41
6.144539308632556,206.9151621464519,220.97615478780907,amphetamine_orange,warm_indoor,220,78,41
10.393243155627738,204.76437803789963,221.1214726473238,amphetamine_orange,overcast,221,105,43
6.314959497634298,209.77231137710555,255.0,amphetamine_orange,harsh_direct,255,89,45
7.277195832931898,228.86539162372074,217.01174839135223,amphetamine_orange,daylight,217,69,22
7.755822585895229,213.02144289843554,222.31351638795354,amphetamine_orange,fluorescent,222,84,36
5.064352527855264,241.66740844192356,198.99352719429464,amphetamine_orange,warm_indoor,198,42,10
5.027292693493656,230.25346482026566,194.63365667164425,amphetamine_orange,overcast,194,48,18
6.865027651576701,236.48678075003988,222.63860291431848,amphetamine_orange,harsh_direct,222,63,16
7.455489502041907,205.67350373487045,227.17687686925882,amphetamine_orange,daylight,227,89,43
11.148689919971542,168.47958390347912,255.0,amphetamine_orange,fluorescent,255,149,86
4.053592911605925,190.34650068828614,217.31124204061803,amphetamine_orange,warm_indoor,217,77,55
11.165951021097404,178.66008156159705,194.19590767876844,amphetamine_orange,overcast,194,109,58
9.300778140689125,222.62367831965668,255.0,amphetamine_orange,harsh_direct,255,101,32
8.26693600712039,221.15998041854007,192.92118121475878,amphetamine_orange,daylight,192,71,25
8.812107715733143,211.13201490123737,217.77575700067013,amphetamine_orange,fluorescent,217,90,37
3.4632370783244903,204.69467396711153,160.69323259809804,amphetamine_orange,warm_indoor,160,46,31
7.155517253180322,200.1461204689266,170.7036800601315,amphetamine_orange,overcast,170,68,36
5.76628394990217,221.23550931756165,198.30384609622976,amphetamine_orange,harsh_direct,198,59,26
3.9609065309387743,226.07873330046615,195.5583717576613,amphetamine_orange,daylight,195,45,22
9.57339602766999,210.25218397106391,176.93031232236945,amphetamine_orange,fluorescent,176,77,31
4.419117253280236,238.40923919862354,161.54359320723933,amphetamine_orange,warm_indoor,161,32,10
7.578483927076964,237.41317997673445,149.46082819960765,amphetamine_orange,overcast,149,45,10
6.82665669750291,215.27920318472155,207.13244873510126,amphetamine_orange,harsh_direct,207,72,32
0.7061615837463637,206.74256538747107,218.6463277431791,amphetamine_orange,daylight,218,45,41
3.949781096363659,207.3249341147778,187.46767203034926,amphetamine_orange,fluorescent,187,55,35
0.0,231.38912831396175,184.955423061536,amphetamine_orange,warm_indoor,184,17,17
1.1820037330565518,215.35164434694119,188.02841534407204,amphetamine_orange,overcast,188,35,29
4.93271917846339,214.13271636499485,234.2174494621344,amphetamine_orange,harsh_direct,234,70,37
10.086844881959049,240.1143351745751,183.54684212929527,amphetamine_orange,daylight,183,69,10
15.553982232017258,213.69131852569524,173.21546509228466,amphetamine_orange,fluorescent,173,103,28
10.241207716153712,234.74116282789217,169.7658801119962,amphetamine_orange,warm_indoor,169,67,13
13.043850090000571,197.41967131758156,157.58496221011603,amphetamine_orange,overcast,157,88,35
14.61020279313168,213.2513985592543,183.54314459845514,amphetamine_orange,harsh_direct,183,105,30
11.592037251494386,178.10582725518728,207.2629408339397,amphetamine_orange,daylight,207,118,62
17.12126374224639,203.54647983025177,247.91265379667823,amphetamine_orange,fluorescent,247,163,50
7.6746604336981035,198.80090199635657,220.74596242683145,amphetamine_orange,warm_indoor,220,92,48
10.92810317134537,183.4364771736272,204.16920960699255,amphetamine_orange,overcast,204,111,57
11.153983213518533,189.70335461517683,227.6720792762102,amphetamine_orange,harsh_direct,227,121,58
2.339966231897765,239.79477633257954,219.30944307998053,amphetamine_orange,daylight,219,29,13
3.8309847414745812,202.18326194946835,243.4619570783126,amphetamine_orange,fluorescent,243,75,50
0.0,215.24947909692492,206.22863623601893,amphetamine_orange,warm_indoor,206,32,32
0.0,184.03574256380745,204.99718902229523,amphetamine_orange,overcast,204,57,57
4.798057879691527,207.89962392641175,246.95569660078183,amphetamine_orange,harsh_direct,246,77,45
19.391984186814422,221.99635339980728,230.68610454567528,amphetamine_orange,daylight,230,160,29
16.174198832125963,192.09787077226952,227.13487151518228,amphetamine_orange,fluorescent,227,148,56
11.39249406244685,211.4136169597397,209.38566605168418,amphetamine_orange,warm_indoor,209,102,35
16.260711809666013,190.79801139508467,197.53522819372554,amphetamine_orange,overcast,197,130,49
17.30538715635971,188.76849279257456,244.78587667738057,amphetamine_orange,harsh_direct,244,168,63
12.464473470990987,204.69177352562068,175.53859669881587,amphetamine_orange,daylight,175,93,34
13.135397210192597,167.60638072899178,227.02766236572265,amphetamine_orange,fluorescent,227,143,77
11.939138153076302,217.05932916790124,192.2658135182569,amphetamine_orange,warm_indoor,192,94,28
17.548705421142913,185.0179684783379,189.84406728975495,amphetamine_orange,overcast,189,133,52
12.848763642127139,213.55133676929952,236.94380198780394,amphetamine_orange,harsh_direct,236,123,38
6.39259299232488,205.25788618287567,182.15509519117776,amphetamine_orange,daylight,182,66,35
7.343523039315625,189.3993857833888,198.1584386273336,amphetamine_orange,fluorescent,198,87,50
3.0435686715716628,219.14880434297643,170.30615522337536,amphetamine_orange,warm_indoor,170,38,23
3.4721669534780353,192.7707655353069,154.94839317123083,amphetamine_orange,overcast,154,51,37
7.3077719292799035,197.14240231938004,206.67186962528228,amphetamine_orange,harsh_direct,206,86,46
8.797562037380583,234.70058580011698,196.47992460141796,amphetamine_orange,daylight,196,68,15
11.975349394178622,204.76933609653807,222.55271768542485,amphetamine_orange,fluorescent,222,115,43
9.10054937408435,213.828450528988,206.07836997141445,amphetamine_orange,warm_indoor,206,85,33
12.603398211107653,219.84452269403738,166.57879221093174,amphetamine_orange,overcast,166,83,22
11.211073970355663,235.80784172759735,232.82414263950255,amphetamine_orange,harsh_direct,232,98,17
0.9108138512667585,200.76397460040073,186.8245183506844,amphetamine_orange,daylight,186,44,39
0.2672940143680784,196.88507029962392,197.92124801971158,amphetamine_orange,fluorescent,197,46,45
0.0,207.41614558858447,182.36517541662445,amphetamine_orange,warm_indoor,182,34,34
3.2783289731171097,213.06525436490426,160.4687269619228,amphetamine_orange,overcast,160,41,26
0.9815782873326754,208.52918037137715,217.98553902018057,amphetamine_orange,harsh_direct,217,45,39
14.150030920619585,229.1692617444902,199.8975423078226,amphetamine_orange,daylight,199,105,20
12.698085829004581,208.76589744500504,244.90247244091194,amphetamine_orange,fluorescent,244,129,44
8.486738411267178,239.09277082876469,199.36249341587933,amphetamine_orange,warm_indoor,199,65,12
14.004135476940533,213.08298523761718,191.2301100342094,amphetamine_orange,overcast,191,106,31
11.726440937506993,235.54525934339415,240.28913570310544,amphetamine_orange,harsh_direct,240,105,18
5.23318195529891,255.0,211.96073956767032,amphetamine_orange,daylight,211,37,0
11.19188763487784,246.20458048032722,201.43582937519687,amphetamine_orange,fluorescent,201,79,6
2.9961175676034038,236.0245883415046,161.15239365612587,amphetamine_orange,warm_indoor,161,26,11
9.449100018435143,234.4310745075882,189.05393522510576,amphetamine_orange,overcast,189,70,15
7.048794843917284,239.48238808884582,214.33348616200215,amphetamine_orange,harsh_direct,214,60,13
9.997798042556468,239.4241916918747,152.16244492378462,amphetamine_orange,daylight,152,57,9
11.814512464778616,208.99055836588613,202.8496818344452,amphetamine_orange,fluorescent,202,102,36
7.798776851866232,244.38234420520865,162.09025958117542,amphetamine_orange,warm_indoor,162,47,6
13.440170938732802,227.53149495892438,162.04704185003635,amphetamine_orange,overcast,162,82,17
10.146761714226889,232.84885271680852,183.0398273777925,amphetamine_orange,harsh_direct,183,72,15
10.06759996371683,222.94058307643294,166.28217726851224,amphetamine_orange,daylight,166,69,20
10.610476774491277,196.16961898878992,159.8456827105544,amphetamine_orange,fluorescent,159,80,36
10.820491505150875,232.34959829497834,158.10311294204632,amphetamine_orange,warm_indoor,158,66,14
12.325970620826558,181.71629469037254,132.1025251172567,amphetamine_orange,overcast,132,76,37
16.8004408982101,231.82421097801284,188.9205187332933,amphetamine_orange,harsh_direct,188,113,17
9.2280683075617,181.14683584806855,223.47761916216297,amphetamine_orange,daylight,223,113,64
16.0313036492087,184.50561480771245,212.2855192130413,amphetamine_orange,fluorescent,212,141,58
11.768535519573097,224.01466735608156,224.22877541173352,amphetamine_orange,warm_indoor,224,104,27
16.154983625725826,201.20512724770987,163.82134079806926,amphetamine_orange,overcast,163,104,34
13.376752090033065,229.25782333146674,242.51604818017046,amphetamine_orange,harsh_direct,242,122,24
10.395927512764791,224.96249826320584,234.21896797448488,amphetamine_orange,daylight,234,99,27
12.711249308140077,190.1379417091857,203.08579454417054,amphetamine_orange,fluorescent,203,116,51
6.072574354354001,215.00411986555798,225.7890346417322,amphetamine_orange,warm_indoor,225,74,35
11.362099538851403,188.57650039715128,182.4896104720305,amphetamine_orange,overcast,182,98,47
12.629583196090815,218.44937805252997,245.62003513376544,amphetamine_orange,harsh_direct,245,124,35
6.002059024296476,235.03925798080513,220.71837581410716,amphetamine_orange,daylight,220,58,17
9.978627885264526,202.42965486215525,255.0,amphetamine_orange,fluorescent,255,120,52
3.092406162237687,216.6657796582195,219.1234180904442,amphetamine_orange,warm_indoor,219,52,32
7.3181102359859125,216.63670092753156,203.22235421077224,amphetamine_orange,overcast,203,72,30
5.653194574260007,240.03386723532986,243.76647790628502,amphetamine_orange,harsh_direct,243,57,14
0.8851633475016314,231.6513525172754,228.68733792808695,amphetamine_orange,daylight,228,27,20
4.593379877269269,207.11679968832664,209.77513461614825,amphetamine_orange,fluorescent,209,65,39
2.687096925068792,237.4644544369929,224.69515777209827,amphetamine_orange,warm_indoor,224,34,15
4.310665038281263,213.48011292658512,196.30348084991618,amphetamine_orange,overcast,196,55,31
1.6441749874905702,237.94582086931968,242.07618047517855,amphetamine_orange,harsh_direct,242,28,16
8.333059711785989,237.25511731370418,168.21393621751085,amphetamine_orange,daylight,168,55,11
13.391473199049113,230.65545352981337,206.87877151571394,amphetamine_orange,fluorescent,206,103,19
6.320089869572693,250.51504483698784,164.82233033517656,amphetamine_orange,warm_indoor,164,37,2
9.840152162311062,221.91444732513284,185.36545890712483,amphetamine_orange,overcast,185,77,24
9.716853937465832,224.43075875631936,188.7364640036078,amphetamine_orange,harsh_direct,188,76,22
6.121145992710779,222.3617416944013,244.58543068192307,amphetamine_orange,daylight,244,75,31
11.120754599906292,217.6630206172657,210.31178488567812,amphetamine_orange,fluorescent,210,97,30
6.662902714239756,251.61504319123281,232.281009252621,amphetamine_orange,warm_indoor,232,54,3
6.292671384134689,210.73610432439145,194.01391504959173,amphetamine_orange,overcast,194,67,33
8.252149934648429,229.8932241690886,247.1220157212263,amphetamine_orange,harsh_direct,247,85,24
10.734041234104222,200.29950017948664,212.21641383609204,amphetamine_orange,daylight,212,105,45
12.96426431990664,195.2246717275728,224.34445863694117,amphetamine_orange,fluorescent,224,127,52
9.341499714228764,223.180172816662,208.88493368652092,amphetamine_orange,warm_indoor,208,83,26
12.0607068233936,192.45003219787188,195.761138383063,amphetamine_orange,overcast,195,107,48
10.26253352264365,199.63334261189783,255.0,amphetamine_orange,harsh_direct,255,124,55
7.564601131517382,226.9226810594099,182.35444616101717,amphetamine_orange,daylight,182,61,20
14.454976151426525,203.974623418308,198.39231398035218,amphetamine_orange,fluorescent,198,116,39
2.6199171346591883,219.16213755091349,189.08058493375262,amphetamine_orange,warm_indoor,189,40,26
4.830154775141449,226.0100642568832,157.12828027612704,amphetamine_orange,overcast,157,40,17
9.997448129557796,218.00423274716186,202.3181765259497,amphetamine_orange,harsh_direct,202,87,29
17.562584504512845,204.9400159039295,200.35671451745077,amphetamine_orange,daylight,200,134,39
18.530945962433197,215.79783325788094,203.93378202553288,amphetamine_orange,fluorescent,203,138,31
13.399157583051853,213.59781959558893,185.43524677440502,amphetamine_orange,warm_indoor,185,99,30
13.530902372165592,235.03488795654494,173.12818229612677,amphetamine_orange,overcast,173,85,13
17.680771563310095,250.82674910669186,235.42391736805178,amphetamine_orange,harsh_direct,235,141,3
8.208865137431195,226.3615234558969,207.55478952041534,amphetamine_orange,daylight,207,74,23
8.571016215284,232.79542218512438,231.33623401223525,amphetamine_orange,fluorescent,231,80,20
2.918799060648192,228.76387520391944,178.2826591510886,amphetamine_orange,warm_indoor,178,33,18
6.924035420019403,192.85679607841493,205.49502706944992,amphetamine_orange,overcast,205,86,50
3.8669765174516115,239.91440838170107,209.80270112733575,amphetamine_orange,harsh_direct,209,37,12
2.839078239283217,255.0,203.61191453394682,amphetamine_orange,daylight,203,19,0
7.530773532808434,233.63637487617208,211.18961436017258,amphetamine_orange,fluorescent,211,66,17
0.37013789053052637,234.29985887562168,175.21911106295366,amphetamine_orange,warm_indoor,175,16,14
2.0126882914730677,216.57512127957588,189.05893930755173,amphetamine_orange,overcast,189,39,28
5.370715301952225,245.49131273123086,238.91780547941417,amphetamine_orange,harsh_direct,238,50,8
5.253451909491412,197.16979256399625,190.8604096380958,amphetamine_orange,daylight,190,69,43
4.192486850397744,163.61755310102356,214.19224452702036,amphetamine_orange,fluorescent,214,96,76
0.0,206.5062889677982,181.74673583253252,amphetamine_orange,warm_indoor,181,34,34
5.17922067232148,182.1598098080431,157.53088511578562,amphetamine_orange,overcast,157,64,44
3.919369352831831,195.39320458449248,222.9338030888608,amphetamine_orange,harsh_direct,222,74,52
15.978862904431647,198.4336038512839,202.3962392671334,amphetamine_orange,daylight,202,129,44
20.953458106495617,176.4692614293359,241.93766875225253,amphetamine_orange,fluorescent,241,192,74
14.070005199349259,184.47905298394545,216.7912886377454,amphetamine_orange,warm_indoor,216,133,59
14.790541440156108,182.72811065580748,196.26071737653695,amphetamine_orange,overcast,196,125,55
18.837978298625924,211.93333042463155,255.0,amphetamine_orange,harsh_direct,255,176,43
6.875057777561001,232.9146410496321,214.93125783922852,amphetamine_orange,daylight,214,63,18
11.378717933561614,203.25217101716655,222.0472675512878,amphetamine_orange,fluorescent,222,112,45
4.908399072528627,237.83563149002293,212.6412711672271,amphetamine_orange,warm_indoor,212,46,14
2.9985160697735154,215.07016572154572,195.97763722600934,amphetamine_orange,overcast,195,47,30
9.084008575096728,197.52402922527787,250.15047904971556,amphetamine_orange,harsh_direct,250,115,56
6.7904432329745825,231.26606665907406,212.53107686439,amphetamine_orange,daylight,212,63,19
9.09046832333805,176.79583554341207,253.78502529266046,amphetamine_orange,fluorescent,253,131,77
1.82196344129527,243.57913924616946,252.561651068684,amphetamine_orange,warm_indoor,252,26,11
5.421550187772725,219.3830848111798,225.93938291451275,amphetamine_orange,overcast,225,66,31
10.117392108901837,227.70869634129846,255.0,amphetamine_orange,harsh_direct,255,104,27
16.74325269561539,224.1953695379915,211.81203725669116,amphetamine_orange,daylight,211,130,25
15.757148749209644,205.00144486724898,230.95995402527456,amphetamine_orange,fluorescent,230,143,45
16.112226056206687,245.92896272234228,211.82340956090337,amphetamine_orange,warm_indoor,211,117,7
14.117422717763901,219.51814387379525,201.84675059372057,amphetamine_orange,overcast,201,110,28
19.10560682787635,255.0,255.0,amphetamine_orange,harsh_direct,255,163,0
13.077444019404368,219.28772309540312,197.10930378275194,amphetamine_orange,daylight,197,101,27
13.48505715577488,223.44935264594565,222.49142121949325,amphetamine_orange,fluorescent,222,115,27
11.09452326272337,203.10329595065468,185.80875207089622,amphetamine_orange,warm_indoor,185,92,37
11.438002518836544,204.4580156883384,177.66780985926363,amphetamine_orange,overcast,177,89,35
10.666175675417186,223.99212643663944,255.0,amphetamine_orange,harsh_direct,255,111,31
8.503279858847385,206.26342038120205,202.46436600517782,amphetamine_orange,daylight,202,85,38
8.841478847652358,188.15393538909285,218.36905744098826,amphetamine_orange,fluorescent,218,104,57
7.728561110255616,208.50410860792934,211.1359866900586,amphetamine_orange,warm_indoor,211,83,38
8.977627384338803,201.3493285153279,195.96982678568213,amphetamine_orange,overcast,195,87,41
9.725226204098183,189.05233811659485,222.3782891090389,amphetamine_orange,harsh_direct,222,111,57
12.022827407893596,225.56823064054115,193.98709904051037,amphetamine_orange,daylight,193,91,22
11.99916196818826,175.5026824680706,227.92052450301367,amphetamine_orange,fluorescent,227,134,71
8.63535961515284,210.79933939678958,154.41344759099005,amphetamine_orange,warm_indoor,154,63,26
11.438226072555873,203.6670912871926,164.10957921417537,amphetamine_orange,overcast,164,83,33
14.396120191415637,188.45978139415988,210.1548895438189,amphetamine_orange,harsh_direct,210,129,54
7.2437588267282695,220.35738053870983,222.7117802158822,amphetamine_orange,daylight,222,76,30
12.582686947401715,209.80268724777252,255.0,amphetamine_orange,fluorescent,255,133,45
6.145375904072129,219.8047312788813,224.32136170079522,amphetamine_orange,warm_indoor,224,70,30
11.218359201695957,220.0090219978027,239.87656809615785,amphetamine_orange,overcast,239,110,32
9.07909350779,219.29459166944946,244.08533383627284,amphetamine_orange,harsh_direct,244,98,34
13.107152493746316,214.12136953859613,161.45219530364056,amphetamine_orange,daylight,161,85,25
15.205335312849277,198.70597807703314,187.83582101329026,amphetamine_orange,fluorescent,187,116,41
9.159953603562075,221.4640804032903,158.09235409117406,amphetamine_orange,warm_indoor,158,62,20
13.949785176341406,198.79662337852497,168.76870922684037,amphetamine_orange,overcast,168,98,37
8.374022330230465,214.2679404954798,210.44262299000468,amphetamine_orange,harsh_direct,210,83,33
5.17929031995767,226.72709277454135,222.84916255885764,amphetamine_orange,daylight,222,59,24
2.7636165019478938,199.65250035549528,247.04675685714022,amphetamine_orange,fluorescent,247,71,53
0.8894069533995925,254.32663221519758,209.39528760107623,amphetamine_orange,warm_indoor,209,6,0
1.9478268379122268,204.21573607453126,195.89181659306445,amphetamine_orange,overcast,195,49,39
3.3532624602531262,239.26408764569405,255.0,amphetamine_orange,harsh_direct,255,42,15
3.87850294787846,222.07269723129744,250.9957694660505,amphetamine_orange,daylight,250,60,32
4.325641501611507,211.60696570123145,255.0,amphetamine_orange,fluorescent,255,74,43
2.8239568916460804,237.67648757401574,255.0,amphetamine_orange,warm_indoor,255,39,17
2.1619385954460357,230.06921004924024,255.0,amphetamine_orange,overcast,255,41,24
8.629163766284243,241.66522162086693,252.3954820433285,amphetamine_orange,harsh_direct,252,82,13
15.468796506580926,220.09942555028007,197.7380845727921,amphetamine_orange,daylight,197,115,27
15.17560021910308,223.1208204409877,220.92336816872563,amphetamine_orange,fluorescent,220,125,27
6.037400183183168,243.7108282185114,172.9579490863534,amphetamine_orange,warm_indoor,172,41,7
17.473505144438,231.01383356735624,185.09785148982493,amphetamine_orange,overcast,185,115,17
15.059416391273231,230.0489217624674,226.06536915780794,amphetamine_orange,harsh_direct,226,125,22
11.170004117805208,218.50730486633952,246.85944485915348,amphetamine_orange,daylight,246,114,35
13.733393197577538,192.8969428004014,255.0,amphetamine_orange,fluorescent,255,150,62
7.60679047355614,216.04655232838664,249.93632104138612,amphetamine_orange,warm_indoor,249,92,38
9.614060091245932,206.82737495465145,206.2774302987038,amphetamine_orange,overcast,206,92,38
13.338787837226612,200.532534040856,243.04064503743479,amphetamine_orange,harsh_direct,243,137,51
10.906956241990063,221.0252281526205,168.95037482518057,amphetamine_orange,daylight,168,76,22
13.919647567774222,212.7877228715958,177.17610053234165,amphetamine_orange,fluorescent,177,98,29
6.039916886273243,247.19944064889964,132.93778699031768,amphetamine_orange,warm_indoor,132,30,4
12.319750691641435,224.31304124491487,166.45857176266315,amphetamine_orange,overcast,166,80,20
8.142837858568168,242.8994349284265,205.0586169092847,amphetamine_orange,harsh_direct,205,63,9
20.09461092001613,248.7756157491791,215.4982172008469,amphetamine_orange,daylight,215,146,5
16.19665463740276,229.64923271135316,213.3379250918054,amphetamine_orange,fluorescent,213,125,21
17.34100679304254,255.0,189.24940887992167,amphetamine_orange,warm_indoor,189,110,0
17.601373876210662,221.14573419337827,194.8495777006517,amphetamine_orange,overcast,194,125,25
18.779916155519345,254.73961109156315,216.7612337086452,amphetamine_orange,harsh_direct,216,136,0
13.425216116845029,229.30916477838448,202.04907438973518,amphetamine_orange,daylight,202,102,20
17.118051886538264,227.30525131754266,201.94268211519994,amphetamine_orange,fluorescent,201,125,21
11.874278186343428,229.24298667886413,181.2871440190656,amphetamine_orange,warm_indoor,181,83,18
17.638895821578796,218.0870393205012,194.09727051945535,amphetamine_orange,overcast,194,126,28
13.967685702173675,231.92987077034925,226.18385777178787,amphetamine_orange,harsh_direct,226,116,20
9.926511948553017,206.27424855868176,211.26467837852556,amphetamine_orange,daylight,211,97,40
16.771882809581026,175.53917892587532,213.58644045649018,amphetamine_orange,fluorescent,213,149,66
12.215973250573345,182.36091315574737,190.98461547297234,amphetamine_orange,warm_indoor,190,110,54
10.661896668730463,180.51234613861104,179.43572238083004,amphetamine_orange,overcast,179,97,52
10.355910627330001,201.29002014709175,236.11273500612518,amphetamine_orange,harsh_direct,236,114,49
11.907952929825477,236.177230210255,177.27234340395862,amphetamine_orange,daylight,177,78,13
18.104882010312345,239.7877148919122,227.03435432104476,amphetamine_orange,fluorescent,227,143,13
15.152790173157303,222.99342172496978,150.27225572660933,amphetamine_orange,warm_indoor,150,85,18
13.81220293394859,230.49608818846846,164.39691977503458,amphetamine_orange,overcast,164,84,15
16.423126873997358,205.37123118380472,226.4526224360488,amphetamine_orange,harsh_direct,226,144,44
10.010129834448888,226.53068162159818,204.81305361685284,amphetamine_orange,daylight,204,83,22
11.295528994535895,212.05098290138386,208.6746323915188,amphetamine_orange,fluorescent,208,100,35
5.252175540727114,243.6857506875514,181.41247391210015,amphetamine_orange,warm_indoor,181,38,8
9.283871125474068,156.54345162665788,170.34848819225678,amphetamine_orange,overcast,170,98,65
3.891918038685361,213.20525023445987,225.15056153608907,amphetamine_orange,harsh_direct,225,61,36
12.236025926246803,242.82422566565202,189.87179833526613,amphetamine_orange,daylight,189,83,9
16.3504132315899,200.909279855165,197.01767503019977,amphetamine_orange,fluorescent,197,126,41
11.828027577442157,227.31748914319584,177.60592832827717,amphetamine_orange,warm_indoor,177,82,19
11.093617677705403,243.3037247340653,160.10465631585555,amphetamine_orange,overcast,160,64,7
15.930632982975851,202.37588090516658,210.8326939819542,amphetamine_orange,harsh_direct,210,132,43
18.17959114761501,227.49125117880536,174.7440392340788,amphetamine_orange,daylight,174,113,18
18.434973295181273,187.03464759202316,236.48688750272203,amphetamine_orange,fluorescent,236,170,63
15.105389158111423,210.99132624436825,194.39726316713399,amphetamine_orange,warm_indoor,194,114,33
18.991073991226788,201.6165333289533,198.31090097259874,amphetamine_orange,overcast,198,141,41
20.390213338751558,198.9289113436181,219.83104624599466,amphetamine_orange,harsh_direct,219,165,48
14.970442244158047,204.84904945407686,143.12000400623583,amphetamine_orange,daylight,143,85,28
13.422193192042961,220.58069193726254,186.22301453803306,amphetamine_orange,fluorescent,186,97,25
9.51426828010403,204.46099371868718,163.9167798224824,amphetamine_orange,warm_indoor,163,74,32
15.624007427729852,203.7923613614975,165.1719800748417,amphetamine_orange,overcast,165,102,33
14.28790222120779,204.6677595010307,195.39045946441104,amphetamine_orange,harsh_direct,195,113,38
8.689206374185646,227.73264973095183,187.67759835366132,amphetamine_orange,daylight,187,68,20
10.759624658512658,219.10666072274844,226.93118639053583,amphetamine_orange,fluorescent,226,102,31
9.149137005350354,254.91149419977003,183.2693736399667,amphetamine_orange,warm_indoor,183,56,0
8.174586626919872,247.02051954983335,166.23013867794128,amphetamine_orange,overcast,166,49,5
6.2194102555540445,248.80781922671423,206.7036572075546,amphetamine_orange,harsh_direct,206,47,5
6.80059792388349,206.8067949102855,173.43052582658035,amphetamine_orange,daylight,173,64,32
8.065984749247452,217.25578935906424,200.62614512293885,amphetamine_orange,fluorescent,200,75,29
3.2136746097226223,196.08725654433738,196.60245925254893,amphetamine_orange,warm_indoor,196,61,45
10.893898875814106,193.2651749819509,157.50508268976503,amphetamine_orange,overcast,157,81,38
10.033969375183936,214.32460773144797,208.03771913515027,amphetamine_orange,harsh_direct,208,91,33
8.61846733759727,218.93042509326216,198.226779817634,amphetamine_orange,daylight,198,77,28
10.015350222314973,212.80940581075888,217.93254550125945,amphetamine_orange,fluorescent,217,97,36
4.486812381516325,224.18955296386974,196.67670667802597,amphetamine_orange,warm_indoor,196,49,23
10.066314549998882,212.83439362909286,168.92241715019907,amphetamine_orange,overcast,168,75,27
7.859941737454845,241.72375141493575,238.6869380085891,amphetamine_orange,harsh_direct,238,72,12
9.80633921045532,219.86795499215418,172.3631693546679,amphetamine_orange,daylight,172,72,23
9.127013989701432,212.32426881107412,210.11204562539297,amphetamine_orange,fluorescent,210,88,35
1.0400151244976756,207.55244638732984,148.97294260329684,amphetamine_orange,warm_indoor,148,31,27
9.795267319777977,212.56282722411453,173.56159570282577,amphetamine_orange,overcast,173,76,28
8.931167545654802,212.1758752253646,203.5588361298183,amphetamine_orange,harsh_direct,203,84,34
10.59486363568119,202.86667162378535,209.75834620032646,amphetamine_orange,daylight,209,102,42
8.77686901941535,226.41310451995528,244.04315230173614,amphetamine_orange,fluorescent,244,91,27
6.01879572638052,236.49599386627423,178.5575336031065,amphetamine_orange,warm_indoor,178,46,12
8.0593920949649,209.69900310578967,202.46701795215313,amphetamine_orange,overcast,202,80,35
10.95947476481474,211.80996990215294,255.0,amphetamine_orange,harsh_direct,255,120,43
6.304394418888675,195.44257987152835,196.0323955430876,amphetamine_orange,daylight,196,77,45
9.944149022531843,226.70260037020378,230.67710888495293,amphetamine_orange,fluorescent,230,93,25
6.361640065166007,233.36238317765202,195.28060325550842,amphetamine_orange,warm_indoor,195,54,16
10.409888093858353,224.69653658490134,206.15308061850317,amphetamine_orange,overcast,206,87,24
8.97851170730849,214.555447421923,219.10319276480087,amphetamine_orange,harsh_direct,219,90,34
12.529755312657773,226.90424305559876,191.77003521811665,amphetamine_orange,daylight,191,92,21
18.345730599858175,197.84833783775093,198.91865667412577,amphetamine_orange,fluorescent,198,139,44
14.057051320862268,217.62010678760973,174.90707014026646,amphetamine_orange,warm_indoor,174,95,25
15.237820470883358,224.00565769772277,144.0394630478706,amphetamine_orange,overcast,144,82,17
18.75963069771954,237.1103568393894,223.71888342849056,amphetamine_orange,harsh_direct,223,146,15
7.322014327841313,192.3457706524157,141.80609084614898,amphetamine_orange,daylight,141,61,34
8.827718782077165,195.93795756735327,171.65153068366317,amphetamine_orange,fluorescent,171,78,39
8.736354847163733,191.45175380014877,161.56356298109526,amphetamine_orange,warm_indoor,161,75,40
10.968063353194998,172.60221934900642,131.0994743602835,amphetamine_orange,overcast,131,74,42
6.543998098725967,190.4604012562087,192.75472463925178,amphetamine_orange,harsh_direct,192,80,48
8.671867896130752,220.07103064965517,201.99563126821454,amphetamine_orange,daylight,201,78,27
15.288530925285176,188.9586810356551,224.32538952675986,amphetamine_orange,fluorescent,224,143,58
5.569812992261632,210.82761427058932,192.94502391971633,amphetamine_orange,warm_indoor,192,63,33
12.974736614322353,229.42895353105996,168.82406255965478,amphetamine_orange,overcast,168,82,16
7.172133650532457,228.47440781436183,223.90078730690954,amphetamine_orange,harsh_direct,223,71,23
14.702799460045346,232.09669367835795,186.22438529752742,amphetamine_orange,daylight,186,100,16
17.274741542006154,219.7575472554164,210.75441165210515,amphetamine_orange,fluorescent,210,134,29
13.788377026581106,238.90769603772551,163.79163841698482,amphetamine_orange,warm_indoor,163,81,10
12.03767469472725,237.95106567916645,191.34922618093432,amphetamine_orange,overcast,191,84,12
14.431196814143252,250.6533468255409,206.90064127998784,amphetamine_orange,harsh_direct,206,101,3
15.872177797110076,204.5871011332972,194.2576064679186,amphetamine_orange,daylight,194,121,38
18.26104382572152,187.74700122568,213.53422160300144,amphetamine_orange,fluorescent,213,152,56
9.496167202578272,219.36615248382617,189.1667155117197,amphetamine_orange,warm_indoor,189,78,26
13.62783101748306,217.39225429181107,160.6973988909296,amphetamine_orange,overcast,160,86,23
15.300970172475024,205.29703056394624,201.31646151359607,amphetamine_orange,harsh_direct,201,122,39
12.057270325018022,234.3371553734081,205.27484130742488,amphetamine_orange,daylight,205,92,16
13.771743186963064,196.3001529286781,205.65469877394645,amphetamine_orange,fluorescent,205,120,47
4.694250064328446,244.7032341774894,198.56557271202342,amphetamine_orange,warm_indoor,198,38,8
9.283364582254622,205.08060404548706,172.47461393269032,amphetamine_orange,overcast,172,76,33
10.051852125295929,230.4101946054114,214.93730968559862,amphetamine_orange,harsh_direct,214,86,20
6.876269162063408,232.11125571848333,188.75332001239855,amphetamine_orange,daylight,188,56,16
9.70818443850744,205.77920915324472,241.1062641349896,amphetamine_orange,fluorescent,241,109,46
0.13242814292828875,245.6636436916012,158.93385829278807,amphetamine_orange,warm_indoor,158,6,5
8.672337938902336,206.08590675586925,191.15571915005887,amphetamine_orange,overcast,191,81,36
10.191477321531838,228.98023322092033,218.3674729046705,amphetamine_orange,harsh_direct,218,89,22
13.591312308503632,255.0,205.48293405048724,amphetamine_orange,daylight,205,93,0
14.144533473465248,197.80527050661044,223.09954281311295,amphetamine_orange,fluorescent,223,132,50
8.43260937079112,251.84494403612123,199.34091417130955,amphetamine_orange,warm_indoor,199,58,2
13.754826624058913,239.7265505764711,204.26471348300186,amphetamine_orange,overcast,204,100,12
11.718154984566644,247.06537335257053,231.28190130098278,amphetamine_orange,harsh_direct,231,95,7
7.592819762992705,204.27831149885665,209.93612175836944,amphetamine_orange,daylight,209,84,41
11.58299394535565,181.46013244495293,250.50586637585755,amphetamine_orange,fluorescent,250,141,72
7.852538368519378,207.3537968816932,165.88145661112745,amphetamine_orange,warm_indoor,165,66,30
10.804968194518796,189.90821454310924,211.24671619733914,amphetamine_orange,overcast,211,110,53
7.547053480209356,200.78599839512165,210.35630950148922,amphetamine_orange,harsh_direct,210,86,44
7.322699236768664,185.25128786054853,210.77813425687893,amphetamine_orange,daylight,210,95,57
12.273479452302409,199.16413956438535,213.4383416613359,amphetamine_orange,fluorescent,213,115,46
4.6876118959049355,210.64838389112978,160.47052555103377,amphetamine_orange,warm_indoor,160,48,27
11.536557433731621,183.52419184183137,164.01437362111102,amphetamine_orange,overcast,164,91,45
8.098208460043319,168.82804158586885,212.1878081153617,amphetamine_orange,harsh_direct,212,109,71
15.721314745290744,255.0,223.20057905637208,amphetamine_orange,daylight,223,117,0
13.909646897052994,219.02341651659506,241.99103363963872,amphetamine_orange,fluorescent,241,131,34
9.35246617008751,240.2818167768166,225.53899124294594,amphetamine_orange,warm_indoor,225,79,13
12.400231205355777,230.46324348834088,208.30945233966943,amphetamine_orange,overcast,208,98,20
8.458980304492007,225.51026176002622,255.0,amphetamine_orange,harsh_direct,255,93,29
1.5132693557199062,219.52307295468034,225.7709440540712,amphetamine_orange,daylight,225,41,31
10.33427970536953,200.43774941996386,236.42666865852527,amphetamine_orange,fluorescent,236,114,50
2.3171388571909786,239.95071494823134,176.43851716291405,amphetamine_orange,warm_indoor,176,23,10
5.838110426923421,219.11281516327355,221.0526079499678,amphetamine_orange,overcast,221,68,31
4.2657863787242505,237.989580822921,221.54937552355267,amphetamine_orange,harsh_direct,221,44,14
17.46641654164571,243.17052954263016,193.46911670146028,amphetamine_orange,daylight,193,116,8
20.77763756906715,234.98944690715695,188.3346728386363,amphetamine_orange,fluorescent,188,135,14
17.836031800927696,245.28063819473806,187.80005923354486,amphetamine_orange,warm_indoor,187,115,7
21.740070746769295,216.93814210552145,174.8507454560384,amphetamine_orange,overcast,174,134,26
18.591142546609742,230.28793862177264,202.375443967129,amphetamine_orange,harsh_direct,202,133,19
11.478113306162511,208.59477216464097,201.27412498845686,amphetamine_orange,daylight,201,99,36
8.59820197046698,196.11409368817897,214.27040661269464,amphetamine_orange,fluorescent,214,96,49
5.286563144032144,232.44301671656294,208.55384443650786,amphetamine_orange,warm_indoor,208,52,18
10.047134333037732,210.9513284436353,189.61579706607608,amphetamine_orange,overcast,189,85,32
11.288493566140396,211.52858155390015,242.97302463516974,amphetamine_orange,harsh_direct,242,117,41
12.145169371576694,209.6040701139975,171.80560987706778,amphetamine_orange,daylight,171,88,30
13.691837653184349,217.55110157092258,211.885238682399,amphetamine_orange,fluorescent,211,114,31
4.762391405458125,246.57818890072087,157.08965556243467,amphetamine_orange,warm_indoor,157,29,5
13.626810570500306,215.65218451354832,134.79354462977653,amphetamine_orange,overcast,134,72,20
7.8710845575629005,218.1985019926421,203.64934069375386,amphetamine_orange,harsh_direct,203,75,29
9.02977434875189,220.4735817444712,209.75285525337506,amphetamine_orange,daylight,209,83,28
14.77088877764301,207.6955966741171,246.5028196534886,amphetamine_orange,fluorescent,246,145,45
9.116301822888854,223.79356099332057,211.7962855234693,amphetamine_orange,warm_indoor,211,82,25
13.902297987021075,225.3766421777928,207.8131339641921,amphetamine_orange,overcast,207,109,24
13.02726033634329,247.04332195756288,216.37527553188346,amphetamine_orange,harsh_direct,216,98,6
8.799765942808262,236.37904041086745,202.3405770707306,amphetamine_orange,daylight,202,70,14
12.539645638572107,213.0916282030105,223.63949930147646,amphetamine_orange,fluorescent,223,115,36
5.26221292845742,229.70799555689754,191.26536471462234,amphetamine_orange,warm_indoor,191,49,18
10.20650528932412,204.71718040217274,186.8351399830675,amphetamine_orange,overcast,186,88,36
8.556486164872414,232.67369403582416,236.23738147436967,amphetamine_orange,harsh_direct,236,82,20
6.099776449590945,246.00101800468428,207.9271094534327,amphetamine_orange,daylight,207,48,7
6.775679217311033,196.0403900643177,228.83117915590714,amphetamine_orange,fluorescent,228,92,52
1.1927831939771119,250.0606514010929,217.77758693088379,amphetamine_orange,warm_indoor,217,12,4
5.50943976497456,203.48122358174197,206.61157506994613,amphetamine_orange,overcast,206,72,41
6.344664416113792,220.76796276981256,242.18057400992956,amphetamine_orange,harsh_direct,242,77,32
6.9217091383955145,230.15864567262636,144.0460968161282,amphetamine_orange,daylight,144,44,14
7.009269025653143,173.2502199076675,196.98059229992094,amphetamine_orange,fluorescent,196,94,63
4.1701110590575645,185.10020442033556,178.2225172283446,amphetamine_orange,warm_indoor,178,66,48
4.839938463761474,175.8700311560061,142.4327563799634,amphetamine_orange,overcast,142,60,44
4.8874641346420225,201.2722347543745,207.13386817707598,amphetamine_orange,harsh_direct,207,70,43
3.3005141711507857,225.8087554692191,223.88886511498163,amphetamine_orange,daylight,223,47,25
9.205033029708954,199.18868772364647,224.68582286778462,amphetamine_orange,fluorescent,224,103,49
0.0,255.0,192.95241683743814,amphetamine_orange,warm_indoor,192,0,0
8.134494433442791,235.23073431881846,195.63878523341282,amphetamine_orange,overcast,195,64,15
5.839897402929902,245.78742189607078,248.32992606316895,amphetamine_orange,harsh_direct,248,55,8
15.52142684107671,222.9891734854658,165.8642968151805,amphetamine_orange,daylight,165,96,20
13.58021167261077,196.71702952726514,200.57336606873076,amphetamine_orange,fluorescent,200,116,45
11.481888806075373,228.95284563644054,175.75507262719339,amphetamine_orange,warm_indoor,175,78,17
14.621332950463707,204.98713348207258,155.51484918450387,amphetamine_orange,overcast,155,91,30
19.01255720656334,204.2923172027377,221.37126458114858,amphetamine_orange,harsh_direct,221,157,44
16.85182343201933,219.45459586726577,212.58839799457004,amphetamine_orange,daylight,212,132,29
17.944739324170726,192.3410209846287,234.16320172625126,amphetamine_orange,fluorescent,234,163,57
12.23767134272984,217.98009992062595,206.13167640829673,amphetamine_orange,warm_indoor,206,102,29
16.487972590566347,220.1135161356489,215.07484536585173,amphetamine_orange,overcast,215,132,29
17.91651153462518,216.3949579305529,225.73539162176948,amphetamine_orange,harsh_direct,225,149,34
12.089783133693132,177.4825709276532,227.18638782538426,amphetamine_orange,daylight,227,133,69
15.341528827620985,164.97569475261076,248.54995147985056,amphetamine_orange,fluorescent,248,170,87
8.546213033472032,188.19662599838364,216.77764244643242,amphetamine_orange,warm_indoor,216,102,56
11.685274758548232,159.17282727969845,215.3768546932983,amphetamine_orange,overcast,215,133,80
7.878604388947279,201.14383530576788,255.0,amphetamine_orange,harsh_direct,255,106,53
5.1976283946699695,226.2449453726653,182.9178404889596,amphetamine_orange,daylight,182,48,20
3.5119901870696717,198.6810715170707,196.37779533180327,amphetamine_orange,fluorescent,196,61,43
2.8468661696152653,216.13366611602476,195.00056652421358,amphetamine_orange,warm_indoor,195,45,29
4.020441144315943,185.1718159863715,156.77843219186946,amphetamine_orange,overcast,156,58,42
3.4215592080760664,218.65740152375037,218.87908235126923,amphetamine_orange,harsh_direct,218,52,31
11.468327719762554,250.33847217361514,213.0484495802424,amphetamine_orange,daylight,213,84,3
13.02590150805219,224.47586660537175,235.83230972219923,amphetamine_orange,fluorescent,235,118,28
10.186251487141226,255.0,192.3033814813371,amphetamine_orange,warm_indoor,192,65,0
12.353632748938287,217.6813696335179,209.2256691609719,amphetamine_orange,overcast,209,104,30
10.468840026680962,253.75180119776041,240.4207418800268,amphetamine_orange,harsh_direct,240,85,1
15.448816170073956,211.83618430315667,135.86487728214627,amphetamine_orange,daylight,135,81,22
18.513614266988274,205.69265304547304,164.92311527356367,amphetamine_orange,fluorescent,164,114,31
9.8714566445287,243.3243626337652,136.8680919358625,amphetamine_orange,warm_indoor,136,49,6
14.956893455975287,209.32809716799423,134.08060504169742,amphetamine_orange,overcast,134,79,24
14.969448385318483,229.0788979390036,183.22654445748486,amphetamine_orange,harsh_direct,183,101,18
17.123940527554172,245.75137542246324,189.5476730316819,amphetamine_orange,daylight,189,111,6
17.95301246516849,232.7404221892519,198.44054939562483,amphetamine_orange,fluorescent,198,126,17
12.084753866302162,255.0,141.32790919569376,amphetamine_orange,warm_indoor,141,57,0
20.31399051846848,220.16741489546146,181.8462346426683,amphetamine_orange,overcast,181,131,24
13.624719433545016,235.38267819661434,192.6666040270512,amphetamine_orange,harsh_direct,192,96,14
7.8216736069203545,217.40615346817577,172.19424482253098,amphetamine_orange,daylight,172,63,25
12.061848323908476,197.5042392347549,174.52240605030076,amphetamine_orange,fluorescent,174,94,39
7.357539018228879,229.39999600197226,190.72355224768557,amphetamine_orange,warm_indoor,190,61,19
14.9882919675774,197.18605385020228,152.64040207901002,amphetamine_orange,overcast,152,93,34
12.623684017752009,239.94062016368855,224.447539079191,amphetamine_orange,harsh_direct,224,102,13
5.32269050004483,229.43101588500932,219.4096316835603,amphetamine_orange,daylight,219,57,22
9.371292079217682,213.004187474558,230.23338009832142,amphetamine_orange,fluorescent,230,98,37
5.239734782193217,224.34038462656935,201.74580096501177,amphetamine_orange,warm_indoor,201,55,24
9.876316799720387,219.18445493430468,200.24811266160435,amphetamine_orange,overcast,200,85,28
4.630941041238687,223.05514921148722,253.03477799209236,amphetamine_orange,harsh_direct,253,66,31
10.55144919837221,234.26130977450583,210.53973473173636,amphetamine_orange,daylight,210,85,17
11.137432489635327,229.90758427913298,224.3080671822153,amphetamine_orange,fluorescent,224,97,22
5.23669743383601,249.18615679555668,173.168623899765,amphetamine_orange,warm_indoor,173,33,3
12.67646493746547,201.5101843064368,185.4872431350101,amphetamine_orange,overcast,185,101,38
11.980662152797752,244.00592732419443,236.4512153582172,amphetamine_orange,harsh_direct,236,101,10
10.786486674511494,222.5043958853089,158.07965944153727,amphetamine_orange,daylight,158,70,20
15.32003407054509,209.02083530941664,196.05709767670544,amphetamine_orange,fluorescent,196,117,35
7.093408346876657,235.16531506849915,119.43730714853858,amphetamine_orange,warm_indoor,119,35,9
12.210859937399986,180.6544986884245,148.1303406715888,amphetamine_orange,overcast,148,86,43
12.052473520286423,242.26251960861725,188.00312108797112,amphetamine_orange,harsh_direct,188,81,9
10.278990471600409,200.65020003261097,206.7577028787307,amphetamine_orange,daylight,206,100,44
15.610667088862632,182.69164979002863,209.31291641093298,amphetamine_orange,fluorescent,209,137,59
4.2702278293021285,206.38894581256773,187.29241783077075,amphetamine_orange,warm_indoor,187,57,35
9.063732448050732,202.08335756040626,181.55155666183362,amphetamine_orange,overcast,181,81,37
8.344438621457078,194.39098754396883,199.40917616729303,amphetamine_orange,harsh_direct,199,89,47
16.410178407937607,204.07642931565297,205.3403638398915,amphetamine_orange,daylight,205,131,41
18.292621484259,190.326794306523,225.18356254978602,amphetamine_orange,fluorescent,225,160,57
12.539569882515902,221.0559367913996,184.53978120237863,amphetamine_orange,warm_indoor,184,91,24
15.587146863695912,193.76261214445466,180.8746267767657,amphetamine_orange,overcast,180,115,43
17.146146631915116,214.6358880836639,223.07959100641176,amphetamine_orange,harsh_direct,223,143,35
6.657770359224692,210.95408752836892,214.18703123740073,amphetamine_orange,daylight,214,76,36
9.007753744262432,196.24204720235292,218.2750395484913,amphetamine_orange,fluorescent,218,101,50
5.425137749132747,205.14251176180875,248.23429388773755,amphetamine_orange,warm_indoor,248,84,48
13.575138385949897,223.25113947749026,192.83625083243726,amphetamine_orange,overcast,192,100,24
10.10967667466802,200.1038467556591,255.0,amphetamine_orange,harsh_direct,255,122,54
6.3516622843811055,213.1202184726208,178.94262416818034,amphetamine_orange,daylight,178,61,29
9.92350527258884,220.92583446773745,206.24404819715707,amphetamine_orange,fluorescent,206,86,27
7.822965159837772,224.55577999616347,165.80252480722922,amphetamine_orange,warm_indoor,165,58,19
7.227099197829496,217.91929745661204,179.97666311710873,amphetamine_orange,overcast,179,63,26
11.138323585537107,229.98934190332002,195.13200215789684,amphetamine_orange,harsh_direct,195,84,19
15.9715044253844,214.27134518156478,218.17911896112167,amphetamine_orange,daylight,218,132,34
15.624830897399812,218.1717755357664,216.44768594636412,amphetamine_orange,fluorescent,216,128,31
8.506019752348374,241.96899332413346,204.46247958019475,amphetamine_orange,warm_indoor,204,65,10
12.167725448950685,225.53832352529375,183.0303209420116,amphetamine_orange,overcast,183,87,21
16.788793432876634,235.4863428677431,244.98641735307535,amphetamine_orange,harsh_direct,244,146,18
11.59993861359604,222.10914897110828,192.20805570730252,amphetamine_orange,daylight,192,89,24
5.388818663830962,207.6099669100017,201.70903904183072,amphetamine_orange,fluorescent,201,67,37
1.366708738478464,252.9328021026564,187.3552167514211,amphetamine_orange,warm_indoor,187,10,1
8.092585149382877,223.99190129965694,152.13332566601173,amphetamine_orange,overcast,152,54,18
5.879274510724789,216.8051508497398,220.14726457247542,amphetamine_orange,harsh_direct,220,69,32
9.371736024480311,244.72249421831037,194.43323300328356,amphetamine_orange,daylight,194,66,7
9.05839873406977,243.53650491324981,230.6455275927516,amphetamine_orange,fluorescent,230,77,10
5.662268683168028,252.17913393353643,173.50757579867837,amphetamine_orange,warm_indoor,173,34,1
9.142978426514167,231.52607248646046,174.35712932104263,amphetamine_orange,overcast,174,64,16
10.473230934563883,237.44854947002133,206.51723140294564,amphetamine_orange,harsh_direct,206,81,14
9.729293807344652,218.56522919145903,157.52830560317798,amphetamine_orange,daylight,157,66,22
10.408765058125667,197.7701562469813,148.70848904284657,amphetamine_orange,fluorescent,148,73,33
5.701892985291055,232.01734492455,153.74103887178302,amphetamine_orange,warm_indoor,153,40,13
5.732088723320194,191.39082188601225,152.27827801778267,amphetamine_orange,overcast,152,59,37
4.463910984032232,203.04795741677245,182.77913336817485,amphetamine_orange,harsh_direct,182,59,37
12.411336060716202,226.42036593733485,193.41780161894468,amphetamine_orange,daylight,193,93,21
16.5962766223445,199.81173363144543,204.70645101025428,amphetamine_orange,fluorescent,204,133,44
9.292780821752132,221.17906981743377,223.84592468823553,amphetamine_orange,warm_indoor,223,90,29
18.600960541077775,215.61516405343463,196.89141093711265,amphetamine_orange,overcast,196,134,30
12.9682540827005,250.07730623944167,237.21576498984484,amphetamine_orange,harsh_direct,237,105,4
7.380376430522829,206.81051007861228,222.07725107731264,amphetamine_orange,daylight,222,86,41
7.8067658909968,194.39643058911315,218.62487679686683,amphetamine_orange,fluorescent,218,95,51
0.0,221.02615309089413,201.4056721316817,amphetamine_orange,warm_indoor,201,26,26
8.98925388560883,232.79428344224843,185.48431373183323,amphetamine_orange,overcast,185,67,16
6.915434600404231,234.7222953772606,242.33268280730715,amphetamine_orange,harsh_direct,242,70,19
13.220279932237434,206.18965935224588,219.56454411795787,amphetamine_orange,daylight,219,120,42
14.175902468982745,193.96517660261432,220.66418389813538,amphetamine_orange,fluorescent,220,132,52
11.287632648363942,210.37453188836497,188.40302512317055,amphetamine_orange,warm_indoor,188,91,32
14.978239080144645,192.1361186257438,165.75585693050496,amphetamine_orange,overcast,165,103,40
13.336744305048889,185.51251069764,207.8104974211709,amphetamine_orange,harsh_direct,207,124,56
8.30614247601996,242.86904022225036,213.85430511039823,amphetamine_orange,daylight,213,66,10
19.03166375856227,215.6711554552343,229.84040099100528,amphetamine_orange,fluorescent,229,159,35
5.282625783674096,251.21429430506006,173.9761901550544,amphetamine_orange,warm_indoor,173,32,2
8.646241567251174,234.2539284257337,151.6743647501108,amphetamine_orange,overcast,151,52,12
10.775295662513031,245.17936528628866,210.39116328923555,amphetamine_orange,harsh_direct,210,81,8
2.0599223140011462,230.66793617527784,175.48709028554757,amphetamine_orange,daylight,175,27,16
3.07009612470089,193.6235874511425,198.7273281762454,amphetamine_orange,fluorescent,198,63,47
0.0,219.2056755249976,171.7257893693503,amphetamine_orange,warm_indoor,171,24,24
2.3778902850248884,193.8781167301056,175.79396620353052,amphetamine_orange,overcast,175,52,42
1.3782071659049695,213.19908427994028,229.7964514210281,amphetamine_orange,harsh_direct,229,46,37
1.2319052977331744,231.5787352405137,189.68555598746235,amphetamine_orange,daylight,189,24,17
4.866217687332766,191.23658129488632,207.581434614682,amphetamine_orange,fluorescent,207,77,51
2.7794773533158255,239.00290722258086,186.11642370922277,amphetamine_orange,warm_indoor,186,27,11
7.2783430109673475,211.81541783797647,174.33404286345854,amphetamine_orange,overcast,174,64,29
6.594097042069752,201.18335149852834,199.91763890652146,amphetamine_orange,harsh_direct,199,77,42
5.49745312568875,241.3287824016351,226.32186613888052,amphetamine_orange,daylight,226,51,12
7.7240811750104,209.32830414383704,190.21311987559199,amphetamine_orange,fluorescent,190,74,34
1.3374481285912458,232.265139783604,184.32585022524194,amphetamine_orange,warm_indoor,184,23,16
13.014283116055697,202.1985371078035,182.5315947790652,amphetamine_orange,overcast,182,100,37
8.497975409762313,224.37205144499612,233.8406826534696,amphetamine_orange,harsh_direct,233,86,28
10.98868217615836,232.54517105074694,161.01355413406088,amphetamine_orange,daylight,161,68,14
10.972648982680983,202.9163775586855,224.05889735423818,amphetamine_orange,fluorescent,224,111,45
12.026235357838992,240.66976573120058,163.04463874912963,amphetamine_orange,warm_indoor,163,71,9
9.483091851812992,204.65057997528055,150.2982947404231,amphetamine_orange,overcast,150,68,29
12.238857503037952,211.0727950660495,200.20139183164454,amphetamine_orange,harsh_direct,200,102,34
12.090398437678635,190.80664351828037,234.02630448541967,amphetamine_orange,daylight,234,129,58
14.804986236364956,182.75515014188363,227.2993789095246,amphetamine_orange,fluorescent,227,145,64
9.233071627154352,221.3916042523497,220.02507483278714,amphetamine_orange,warm_indoor,220,88,28
17.50642650854596,173.44427461236074,200.13354799851183,amphetamine_orange,overcast,200,143,64
14.291610824111102,186.27826726108668,230.22712724155465,amphetamine_orange,harsh_direct,230,142,62
15.694432972500692,206.26227225276267,204.61736773181974,amphetamine_orange,daylight,204,126,39
15.541269119904427,222.22843908387148,255.0,amphetamine_orange,fluorescent,255,148,32
13.18641983850822,215.87527003438427,230.5715074618759,amphetamine_orange,warm_indoor,230,121,35
19.221356745688226,208.45266163953318,213.28803773671405,amphetamine_orange,overcast,213,151,38
14.523987894996358,223.77260676145752,231.20794940503288,amphetamine_orange,harsh_direct,231,127,28
8.186198996346146,183.89093776053244,223.2794757502402,amphetamine_orange,daylight,223,106,62
13.359956333064,174.802908919639,206.66265430425878,amphetamine_orange,fluorescent,206,128,64
1.1286069153387808,209.31339921595563,210.24217948462797,amphetamine_orange,warm_indoor,210,44,37
10.022695344010227,192.59809081583495,175.8574369511043,amphetamine_orange,overcast,175,87,43
9.560701792459534,186.13289744670314,232.17753278206646,amphetamine_orange,harsh_direct,232,117,62
13.009370157259404,255.0,183.30423691893282,amphetamine_orange,daylight,183,79,0
15.320588492299184,255.0,226.09498130136106,amphetamine_orange,fluorescent,226,116,0
13.27916390449653,255.0,191.50957934757855,amphetamine_orange,warm_indoor,191,85,0
17.2753028925303,255.0,160.6755258975517,amphetamine_orange,overcast,160,93,0
15.742365989551296,252.47627411016,206.19124158297132,amphetamine_orange,harsh_direct,206,109,2
6.40285414344859,191.06436419679943,212.23503565412392,amphetamine_orange,daylight,212,87,53
9.92504990426961,203.10298448607307,231.35846888716827,amphetamine_orange,fluorescent,231,108,47
2.21604289691149,205.74042973103246,207.01817250950828,amphetamine_orange,warm_indoor,207,52,39
8.517283433092837,204.27412638336446,192.20668461911538,amphetamine_orange,overcast,192,82,38
3.9655210491465733,193.16253760603055,237.0368245195065,amphetamine_orange,harsh_direct,237,81,57
15.375634338833278,246.59693692985684,217.872543208056,amphetamine_orange,daylight,217,115,7
14.981614438584149,210.4796874396851,230.09826547300412,amphetamine_orange,fluorescent,230,135,40
6.122150478544863,212.65346061564563,206.77054726226532,amphetamine_orange,warm_indoor,206,69,34
17.043803816549673,201.77221262062682,189.23382576133213,amphetamine_orange,overcast,189,125,39
11.812068418955707,215.22745645097268,255.0,amphetamine_orange,harsh_direct,255,124,39
15.659921184453392,213.3028654619824,161.61014703008246,amphetamine_orange,daylight,161,97,26
15.281186428206787,195.52785616669726,189.33057851324622,amphetamine_orange,fluorescent,189,118,44
16.143922760223912,242.5042375338955,173.3759615748928,amphetamine_orange,warm_indoor,173,97,8
17.670986382887182,194.90508097130808,151.73221731942436,amphetamine_orange,overcast,151,104,35
19.112257153851385,214.53711839982657,176.71752313219696,amphetamine_orange,harsh_direct,176,123,28
9.993566764102054,239.36041916527375,151.4857756170043,amphetamine_orange,daylight,151,56,9
8.450901142915805,232.58388919095648,169.07587122386116,amphetamine_orange,fluorescent,169,58,14
3.9418974185128364,255.0,156.36728881074464,amphetamine_orange,warm_indoor,156,20,0
8.266293733271139,245.67150282402073,130.6192928652807,amphetamine_orange,overcast,130,39,4
7.804124712790043,225.9676631495611,165.53004189259775,amphetamine_orange,harsh_direct,165,57,18
13.939521660992625,218.42120493498072,228.54824872920375,amphetamine_orange,daylight,228,124,32
16.834929237126687,216.91915929323574,227.43733135437841,amphetamine_orange,fluorescent,227,143,33
14.178481518434491,216.32811470975173,226.70552481442405,amphetamine_orange,warm_indoor,226,125,34
15.560494407136877,215.90925507093112,189.92408878449186,amphetamine_orange,overcast,189,112,29
14.246217074906754,215.51289876598636,254.1334597408212,amphetamine_orange,harsh_direct,254,141,39
6.885518607851852,197.55680596498735,187.27991847820988,amphetamine_orange,daylight,187,75,42
12.399626895673395,219.70080894878402,227.99835390633427,amphetamine_orange,fluorescent,227,113,31
4.169878415663089,227.42330369897306,184.77469764952397,amphetamine_orange,warm_indoor,184,43,19
8.297689555381307,220.7633326772838,152.1335527062245,amphetamine_orange,overcast,152,57,20
7.075359029321991,225.12476192232273,224.5041219487503,amphetamine_orange,harsh_direct,224,73,26
13.689764054363547,203.2961712778428,177.0552170975521,amphetamine_orange,daylight,177,100,35
17.495884647306664,232.39570565639943,203.06942917917007,amphetamine_orange,fluorescent,203,126,18
6.449976749991405,239.9073143851791,178.04999123957077,amphetamine_orange,warm_indoor,178,46,10
12.438877847002749,241.19286250320494,186.12013730185163,amphetamine_orange,overcast,186,83,10
13.136273717252287,235.10822135339538,226.8776858670329,amphetamine_orange,harsh_direct,226,109,17
14.570142648450135,199.73926394416722,187.27984353624453,amphetamine_orange,daylight,187,112,40
15.349604860789087,191.00389021043765,198.93441501530833,amphetamine_orange,fluorescent,198,126,49
14.17523213131896,229.01228647259333,158.55179530282854,amphetamine_orange,warm_indoor,158,83,16
16.328772813168012,186.59437454185834,176.71810688383485,amphetamine_orange,overcast,176,118,47
16.32471904785635,224.709716850653,216.6980534811129,amphetamine_orange,harsh_direct,216,130,25
11.56018987732371,229.28819366945373,211.73020123316002,amphetamine_orange,daylight,211,95,21
13.434725470149836,216.6150863380331,254.06934635791126,amphetamine_orange,fluorescent,254,135,38
6.648033706366615,202.7092330269613,193.57179053725798,amphetamine_orange,warm_indoor,193,73,39
10.681429198587622,204.66025199050645,186.27169725151154,amphetamine_orange,overcast,186,90,36
9.073419368808281,245.74403208670583,233.49742372518014,amphetamine_orange,harsh_direct,233,76,8
15.25152639080829,248.4303288489013,197.50225032687115,amphetamine_orange,daylight,197,103,5
14.280859386056104,213.68621244440374,215.3781230440051,amphetamine_orange,fluorescent,215,121,34
7.910001936768801,255.0,178.48936831517904,amphetamine_orange,warm_indoor,178,47,0
14.82330307407133,247.3176282942722,190.5967461910435,amphetamine_orange,overcast,190,97,5
12.095179238256593,246.61500600030894,237.86050216437096,amphetamine_orange,harsh_direct,237,101,7
9.581183777263059,170.06442738334735,203.53995624230515,amphetamine_orange,daylight,203,111,67
14.562363444806564,174.56133232550349,202.28379298358857,amphetamine_orange,fluorescent,202,131,63
10.33461733995664,181.96390036831485,176.86295083880276,amphetamine_orange,warm_indoor,176,94,50
11.599246407727653,151.85690087869173,169.1179941545008,amphetamine_orange,overcast,169,107,68
10.936334173595622,184.3740202252097,199.0463209677048,amphetamine_orange,harsh_direct,199,107,55
6.056729396332707,207.537421625839,180.35035856109795,amphetamine_orange,daylight,180,63,33
9.018730403247684,231.35746150180992,190.49899078896482,amphetamine_orange,fluorescent,190,69,17
1.4110307112527372,225.54148735879303,203.8151290201412,amphetamine_orange,warm_indoor,203,32,23
7.051346860804012,208.17464234324572,189.16450943993135,amphetamine_orange,overcast,189,71,34
6.021183780373541,240.14155871676658,197.4965376363154,amphetamine_orange,harsh_direct,197,49,11
15.656955364824919,206.39992673164684,248.3656433401386,amphetamine_orange,daylight,248,152,47
16.124267041843694,207.26090624837252,226.47281707356268,amphetamine_orange,fluorescent,226,141,42
13.803106226786516,208.64385383384422,193.7418127591954,amphetamine_orange,warm_indoor,193,108,35
17.98179257369775,178.1763856416369,212.75149341929466,amphetamine_orange,overcast,212,153,64
15.936576677289757,209.30960068332732,236.245243711846,amphetamine_orange,harsh_direct,236,145,42
12.607989186441417,237.23806333580384,203.34242893311193,amphetamine_orange,daylight,203,94,14
13.694760749656503,215.49356728771616,211.3980787920618,amphetamine_orange,fluorescent,211,114,32
6.952206189140174,255.0,171.1397826434199,amphetamine_orange,warm_indoor,171,39,0
11.386354728304973,210.32593173944355,149.4135490392127,amphetamine_orange,overcast,149,73,26
12.564491665958897,220.3722786994885,227.5560762635269,amphetamine_orange,harsh_direct,227,113,30
12.642620634936103,213.60391829264685,162.38254892909765,amphetamine_orange,daylight,162,84,26
16.61622453000304,206.63899240576654,176.0636828301474,amphetamine_orange,fluorescent,176,112,33
14.38657347141857,244.597269072563,158.7211851420775,amphetamine_orange,warm_indoor,158,79,6
16.3729213003664,196.69034824942156,148.57607153801473,amphetamine_orange,overcast,148,96,33
13.005600504913994,196.57607133668657,175.11019968919996,amphetamine_orange,harsh_direct,175,98,40
13.001235776335669,241.6848217108064,188.031460973799,amphetamine_orange,daylight,188,87,9
13.849445813055702,177.30425480524224,210.09289830589915,amphetamine_orange,fluorescent,210,131,64
6.933483238313112,251.70314937376898,189.28668227344394,amphetamine_orange,warm_indoor,189,45,2
9.708048875024971,230.17550870077113,203.59837300237086,amphetamine_orange,overcast,203,79,19
7.001046286613489,227.03731665246505,210.7612673530173,amphetamine_orange,harsh_direct,210,67,23
11.700950842495256,212.39326310764795,151.27066341538662,amphetamine_orange,daylight,151,74,25
14.96053107155276,185.89452770899243,218.48121132760554,amphetamine_orange,fluorescent,218,139,59
11.163436417827098,243.0833788219389,139.61084520479466,amphetamine_orange,warm_indoor,139,56,6
14.994125026389622,207.62140615263576,134.8272073735364,amphetamine_orange,overcast,134,80,25
12.614827403740609,224.8435023712073,179.2103501812891,amphetamine_orange,harsh_direct,179,88,21
1.4436274348964404,210.45818546680238,172.56988760215387,amphetamine_orange,daylight,172,37,30
6.993869146117545,195.25018250460172,186.69711328315503,amphetamine_orange,fluorescent,186,77,43
0.0,227.0865593343506,139.0266730601655,amphetamine_orange,warm_indoor,139,15,15
6.25965996034369,187.03959692595507,167.53331148568645,amphetamine_orange,overcast,167,70,44
5.128072589038535,198.93753491850296,228.01542701173116,amphetamine_orange,harsh_direct,228,80,50
8.198266994922488,207.4606517390261,221.144415872077,amphetamine_orange,daylight,221,90,41
13.7769648458243,184.78063411615062,234.04963219733435,amphetamine_orange,fluorescent,234,142,64
5.938483973291298,212.54477739873596,182.95525030637404,amphetamine_orange,warm_indoor,182,60,30
9.034372307518131,195.50976534323374,179.8515025188163,amphetamine_orange,overcast,179,83,41
9.738774853051089,239.4307925654923,219.84702254233116,amphetamine_orange,harsh_direct,219,80,13
7.889320030072227,232.0534455134745,175.2553000690901,amphetamine_orange,daylight,175,57,15
7.5810016635400865,204.13487288235012,195.57991023803004,amphetamine_orange,fluorescent,195,78,39
0.0,217.2224914579228,182.61431606016345,amphetamine_orange,warm_indoor,182,27,27
6.908109394613399,221.6990269338178,140.5863341586443,amphetamine_orange,overcast,140,46,18
5.0547849532275855,222.55589116438517,188.40581169902134,amphetamine_orange,harsh_direct,188,51,23
11.47632486848369,244.8602075474223,212.4642259884937,amphetamine_orange,daylight,212,86,8
17.18955458057292,243.98935008590948,215.48993058382788,amphetamine_orange,fluorescent,215,128,9
9.819768463771112,242.69491183007173,200.25629228611695,amphetamine_orange,warm_indoor,200,72,9
19.24009501108368,249.41049781806967,199.05915100968616,amphetamine_orange,overcast,199,129,4
15.67770854431734,239.41693919060373,219.59468570301547,amphetamine_orange,harsh_direct,219,121,13
18.165772670084788,206.5610604593208,202.56881062840762,amphetamine_orange,daylight,202,138,38
22.085206506836247,186.21919352251462,229.0130192551809,amphetamine_orange,fluorescent,229,185,61
19.651830612828004,192.3302688004014,192.41500628238344,amphetamine_orange,warm_indoor,192,142,47
21.134726018176696,180.83740237425354,178.12715999068547,amphetamine_orange,overcast,178,141,51
17.196228875895088,209.80321897506536,231.57549577892595,amphetamine_orange,harsh_direct,231,150,41
13.113557837894346,210.2545235083083,166.05281322098438,amphetamine_orange,daylight,166,89,29
14.534697510506879,220.90773461002726,180.02120825436992,amphetamine_orange,fluorescent,180,100,24
8.848519049772744,245.9310625771287,152.6636855758196,amphetamine_orange,warm_indoor,152,49,5
14.468523298945563,250.83819658844578,155.62499274122493,amphetamine_orange,overcast,155,76,2
12.109526217830348,210.23082001072027,189.5650053482928,amphetamine_orange,harsh_direct,189,96,33
8.907510651182152,195.0832852069931,209.231982546878,amphetamine_orange,daylight,209,96,49
9.583148523882011,194.71261893388134,196.86965732243652,amphetamine_orange,fluorescent,196,94,46
5.7235363391867935,207.82541833494227,171.72885481450925,amphetamine_orange,warm_indoor,171,58,31
8.39175147947834,187.6933653589478,177.1533929995355,amphetamine_orange,overcast,177,83,46
5.850531838606167,202.64940437659982,211.4891800922708,amphetamine_orange,harsh_direct,211,76,43
2.56942443669251,227.39153248209098,198.83679800805868,amphetamine_orange,daylight,198,36,21
2.9143425155986877,203.80727492628725,224.91418389047226,amphetamine_orange,fluorescent,224,62,45
0.0,198.071998389925,199.49936384942822,amphetamine_orange,warm_indoor,199,44,44
2.186434383143738,211.49319226952292,193.20593274373988,amphetamine_orange,overcast,193,44,32
0.6560142967954539,216.81252737085555,251.0373309208881,amphetamine_orange,harsh_direct,251,42,37
4.154184476588794,228.405455446377,207.84924372876827,amphetamine_orange,daylight,207,47,21
6.84404378918767,212.64533143290316,211.24067699349263,amphetamine_orange,fluorescent,211,75,35
4.255389233869555,241.05751991808776,180.0848580583151,amphetamine_orange,warm_indoor,180,34,9
6.805437975621673,217.7090932280533,176.68069409935038,amphetamine_orange,overcast,176,60,25
6.117159713996055,227.02514259672617,210.20594458995873,amphetamine_orange,harsh_direct,210,61,23
3.4120863755681694,198.68043140497133,226.3830697688163,amphetamine_orange,daylight,226,70,49
3.402206896316894,178.12538500341088,218.0679286675824,amphetamine_orange,fluorescent,218,83,65
0.0,213.78245366280598,197.0027257900174,amphetamine_orange,warm_indoor,197,31,31
4.989425213577382,187.93940771157637,172.9289635102729,amphetamine_orange,overcast,172,66,45
4.147930217127158,207.41497117075733,219.6484338683465,amphetamine_orange,harsh_direct,219,65,40
3.3147314423960936,179.00286243341762,171.44380280772532,amphetamine_orange,daylight,171,64,51
8.47345646544121,182.4117631871717,228.14365460275698,amphetamine_orange,fluorescent,228,111,64
2.7485765254895242,217.56062292873239,190.25654325195433,amphetamine_orange,warm_indoor,190,42,27
4.404063582763137,193.16252554891764,195.9140950645065,amphetamine_orange,overcast,195,69,47
5.588466687658934,216.36574760495316,201.47322675887438,amphetamine_orange,harsh_direct,201,62,30
3.4202668912540206,215.23052798511645,254.2539250640212,amphetamine_orange,daylight,254,64,39
5.374289715061694,206.02985608215707,247.1411652761006,amphetamine_orange,fluorescent,247,83,47
4.036322358074676,223.56405562667032,241.8986372177191,amphetamine_orange,warm_indoor,241,58,29
4.791228047848328,240.46948481185868,208.28130135625514,amphetamine_orange,overcast,208,43,11
7.53750463469161,235.88775940319638,255.0,amphetamine_orange,harsh_direct,255,78,19
12.88740651262625,190.08190577374825,234.52621528553755,amphetamine_orange,daylight,234,135,59
8.008730433985797,214.62853362826954,240.85761065930012,amphetamine_orange,fluorescent,240,92,38
7.882981504943684,218.0993387652445,230.06200940451998,amphetamine_orange,warm_indoor,230,85,33
12.481587378829417,219.4301805718374,227.38745550927726,amphetamine_orange,overcast,227,113,31
10.133948665517915,205.27156359302313,229.97740915096938,amphetamine_orange,harsh_direct,229,107,44
11.4670518437032,229.26063344532548,197.45599138901775,amphetamine_orange,daylight,197,88,19
16.16192609726767,223.81159994322758,222.36386537193593,amphetamine_orange,fluorescent,222,132,27
8.817784038769426,230.08729672791006,205.6438768266599,amphetamine_orange,warm_indoor,205,74,20
12.671792235447107,231.23123258426256,194.75900694719365,amphetamine_orange,overcast,194,93,18
12.38666460342309,245.99351509991453,216.21755873162414,amphetamine_orange,harsh_direct,216,94,7
13.191182764873888,210.8899012896157,210.23559683393222,amphetamine_orange,daylight,210,113,36
15.129179367259384,210.48227295341457,233.95710135318012,amphetamine_orange,fluorescent,233,138,40
6.653901788064757,206.693764656983,187.99027247282405,amphetamine_orange,warm_indoor,187,69,35
16.945965611888248,203.13337575428113,181.12722435944232,amphetamine_orange,overcast,181,118,36
11.349905390591577,236.74211379352704,232.03963469318123,amphetamine_orange,harsh_direct,232,98,16
10.548120432480637,236.52266972763007,197.20286618856397,amphetamine_orange,daylight,197,78,14
9.993629427250355,222.56185625524492,214.5169304076299,amphetamine_orange,fluorescent,214,90,27
10.82895298699453,235.41231680548069,186.24977305728078,amphetamine_orange,warm_indoor,186,76,14
10.457132848840834,231.90422893351982,172.88517780074753,amphetamine_orange,overcast,172,70,15
8.138620645088169,227.35034082522196,245.72327583400255,amphetamine_orange,harsh_direct,245,86,26
17.875616388074583,207.85097393797938,169.0476459383312,amphetamine_orange,daylight,169,113,31
21.132539768360154,198.44231724732262,155.6163643882236,amphetamine_orange,fluorescent,155,120,34
12.594664233826796,225.11959071784622,153.43238794366917,amphetamine_orange,warm_indoor,153,75,17
12.711205927852037,201.13411460278897,153.31774933473918,amphetamine_orange,overcast,153,83,32
14.823768916343559,183.14430906864004,175.3814710060089,amphetamine_orange,harsh_direct,175,112,49
20.151751247450363,253.75360008274478,157.41532091178345,amphetamine_orange,daylight,157,106,0
19.43075244606363,198.46578435157028,172.28891407233536,amphetamine_orange,fluorescent,172,125,38
14.97901043299621,237.79631503170737,179.91588821280126,amphetamine_orange,warm_indoor,179,96,12
19.656080917929675,199.53834621176676,141.27502847345383,amphetamine_orange,overcast,141,103,30
17.930106106839805,232.69422055762257,184.39539726979203,amphetamine_orange,harsh_direct,184,117,16
7.945607784383108,242.30893604253382,192.32077895270407,amphetamine_orange,daylight,192,58,9
4.26514442101317,231.8186757872396,219.3791756108053,amphetamine_orange,fluorescent,219,48,19
4.89010353261423,249.4981814877101,195.1846290447391,amphetamine_orange,warm_indoor,195,35,4
9.086594665105483,241.5307412492867,195.9054169981489,amphetamine_orange,overcast,195,66,10
8.179906131710103,251.4138834006736,213.12129250383506,amphetamine_orange,harsh_direct,213,60,2
1.257546345374141,230.7592014071867,224.81212009273224,amphetamine_orange,daylight,224,29,21
0.0,195.95323455749997,234.806473182606,amphetamine_orange,fluorescent,234,54,54
0.0,228.1901355733224,191.9770334459559,amphetamine_orange,warm_indoor,191,20,20
0.8822472644366204,178.58912271276304,204.72803072052193,amphetamine_orange,overcast,204,65,61
0.2570852908050511,219.6265087005353,244.15477816517154,amphetamine_orange,harsh_direct,244,35,33
9.250130620447376,234.07399074698765,185.63123798875299,amphetamine_orange,daylight,185,68,15
13.005846721306021,202.4891095665063,211.5899601443009,amphetamine_orange,fluorescent,211,116,43
7.638051211263722,238.79023653695378,188.4084698509886,amphetamine_orange,warm_indoor,188,57,11
8.282454463083727,243.5307414252656,167.39981820965758,amphetamine_orange,overcast,167,51,7
10.592788528214165,230.23141990686202,202.4507604755134,amphetamine_orange,harsh_direct,202,84,19
5.91322912682784,207.65325806902766,204.31383812844933,amphetamine_orange,daylight,204,70,37
9.586925790589989,182.39850788248972,206.97600592295714,amphetamine_orange,fluorescent,206,106,58
4.39823211875438,223.2216115545225,176.89033651968288,amphetamine_orange,warm_indoor,176,44,22
13.092679457389927,209.6363678953966,183.651871042372,amphetamine_orange,overcast,183,98,32
9.971126540553225,227.4599898115069,220.97784081763365,amphetamine_orange,harsh_direct,220,89,23
12.248289713131973,213.09569217727636,239.12820735488813,amphetamine_orange,daylight,239,121,39
6.710014903650016,205.59395930526085,250.55399801093483,amphetamine_orange,fluorescent,250,93,48
0.0,211.30989263821044,202.5495717153221,amphetamine_orange,warm_indoor,202,34,34
7.328311912710412,213.24977572220536,188.41877864955205,amphetamine_orange,overcast,188,69,30
11.468557000607193,232.5652235598435,235.0323615275812,amphetamine_orange,harsh_direct,235,103,20
20.132402483963336,223.33351994656877,216.19050954565148,amphetamine_orange,daylight,216,154,26
23.08962103483375,204.87427871231318,220.95171955896603,amphetamine_orange,fluorescent,220,180,43
17.5657576670912,246.66919968481696,194.49941033308477,amphetamine_orange,warm_indoor,194,117,6
19.54109734147249,195.24034827783163,183.86785293506387,amphetamine_orange,overcast,183,135,43
22.189249459942978,229.5004534594139,242.98216873312722,amphetamine_orange,harsh_direct,242,186,24
17.06709805499864,232.09133069937585,215.86238196705702,amphetamine_orange,daylight,215,131,19
18.752644580753845,210.4503299194225,198.02874183610976,amphetamine_orange,fluorescent,198,137,34
11.391301247372628,225.26775427410865,189.20616439731236,amphetamine_orange,warm_indoor,189,85,22
18.16105079910927,213.12035629532357,188.94909849106512,amphetamine_orange,overcast,188,127,31
13.111965675732556,216.9307323171906,211.69724295320157,amphetamine_orange,harsh_direct,211,110,31
4.093290693630601,213.24525037331136,166.4516963885956,amphetamine_orange,daylight,166,46,27
9.241883970649576,253.35994829941632,227.0663216014932,amphetamine_orange,fluorescent,227,71,1
7.101297329963499,244.0129640140128,199.64414455979158,amphetamine_orange,warm_indoor,199,54,8
8.89430633409042,223.64157375376294,156.9906808128879,amphetamine_orange,overcast,156,60,19
5.925811900354331,232.72926213472806,214.14429485349172,amphetamine_orange,harsh_direct,214,57,18
11.149266484955222,237.91557332075507,210.02152722007474,amphetamine_orange,daylight,210,87,14
7.604922340677696,219.33618938296183,200.16691435442286,amphetamine_orange,fluorescent,200,71,27
4.124778084611736,244.61939438850084,175.5310910388282,amphetamine_orange,warm_indoor,175,30,7
12.370405357078017,235.52163656064687,182.5537445265903,amphetamine_orange,overcast,182,83,13
11.942092860366236,250.73118766727137,218.24102574164056,amphetamine_orange,harsh_direct,218,89,3
16.183863887367593,194.72556671804753,255.0,amphetamine_orange,daylight,255,165,60
19.41718790073656,221.4200746048709,255.0,amphetamine_orange,fluorescent,255,177,33
15.778986879009661,206.74136547712777,234.83054886778396,amphetamine_orange,warm_indoor,234,145,44
15.028330961773484,193.57781461594638,214.7484839844396,amphetamine_orange,overcast,214,133,51
15.615004199239616,231.5201962168127,255.0,amphetamine_orange,harsh_direct,255,144,23
11.112031498840315,226.26751116526003,186.65931238435917,amphetamine_orange,daylight,186,82,21
12.540217912147476,195.751426061205,220.3552109638444,amphetamine_orange,fluorescent,220,122,51
8.49981509189566,223.3535639008418,186.75280265094483,amphetamine_orange,warm_indoor,186,69,23
7.463936041887629,207.01770330769148,186.31892051903208,amphetamine_orange,overcast,186,72,35
11.409751059113205,222.34496256491875,197.7929154383687,amphetamine_orange,harsh_direct,197,91,25
14.871465108034716,211.78437956025545,198.640511772818,amphetamine_orange,daylight,198,115,33
20.933111567435176,187.29106862242878,229.70702979121802,amphetamine_orange,fluorescent,229,179,60
14.022219996653163,234.99634662451706,203.08279122067992,amphetamine_orange,warm_indoor,203,103,15
13.90150014639007,218.3080064197584,188.48020863190263,amphetamine_orange,overcast,188,102,27
19.147078944479624,214.84664419216713,231.7103228221632,amphetamine_orange,harsh_direct,231,161,36
14.64524117141282,183.83282299132986,191.62821545221806,amphetamine_orange,daylight,191,121,53
12.809605661921054,195.59434960197765,244.81310651533266,amphetamine_orange,fluorescent,244,137,57
4.373613763746973,224.5959698230865,214.44850062524026,amphetamine_orange,warm_indoor,214,53,25
11.135601150252887,206.62750272012093,189.63293234154605,amphetamine_orange,overcast,189,93,35
13.117139133755513,205.9144818573522,255.0,amphetamine_orange,harsh_direct,255,139,49
12.723966724438265,198.07659043352345,184.1769007269495,amphetamine_orange,daylight,184,102,41
10.914118811524656,174.67745667538225,183.02264654095032,amphetamine_orange,fluorescent,183,103,57
7.658374466324216,221.55671940963214,154.97210749274717,amphetamine_orange,warm_indoor,154,54,20
11.589593017058196,204.58617437561384,140.89579903887773,amphetamine_orange,overcast,140,71,27
12.078101251006284,226.92980461756224,199.69031047315175,amphetamine_orange,harsh_direct,199,93,21
11.092915217071626,216.55478276662657,206.89152915591927,amphetamine_orange,daylight,206,96,31
11.610991630339077,223.25556423031693,192.05529863545257,amphetamine_orange,fluorescent,192,89,23
3.5076409442738585,227.9063250642609,209.77307825347103,amphetamine_orange,warm_indoor,209,44,22
12.350775433752403,199.7214238753424,173.34320383072537,amphetamine_orange,overcast,173,93,37
7.147531873974126,234.00481615160382,223.82551337796008,amphetamine_orange,harsh_direct,223,67,18
18.169887416205853,220.6313169215689,202.03918484782514,amphetamine_orange,daylight,202,133,27
19.37342165825576,224.04227171844823,222.64559040323698,amphetamine_orange,fluorescent,222,154,27
15.151179245777696,223.66421604585892,199.5594376661428,amphetamine_orange,warm_indoor,199,113,24
21.71195709879533,229.6979604906475,174.00353217473713,amphetamine_orange,overcast,174,131,17
15.870294841701316,219.98766066335074,240.3883079031807,amphetamine_orange,harsh_direct,240,143,33
13.37169237997524,81.87211650045273,255.0,cocaine_peach,daylight,255,209,173
19.426091165493492,59.282328305034454,255.0,cocaine_peach,fluorescent,255,234,195
14.495446630212356,92.27597259940092,233.41365284002677,cocaine_peach,warm_indoor,233,189,148
17.965522819004114,67.52907136045167,249.89390176231456,cocaine_peach,overcast,249,223,183
16.97326792567962,87.8174098017223,255.0,cocaine_peach,harsh_direct,255,217,167
11.199674932133245,115.3985363450189,214.33172268359232,cocaine_peach,daylight,214,153,117
13.674225588982717,91.64366973143358,255.0,cocaine_peach,fluorescent,255,205,163
9.382477518681574,109.14289825106131,216.92689501789536,cocaine_peach,warm_indoor,216,153,124
14.360661158374295,91.47907446898915,236.56978641486137,cocaine_peach,overcast,236,192,151
10.174029710466247,122.40804472809776,248.20030492063125,cocaine_peach,harsh_direct,248,169,129
13.096071348734146,77.3968530388119,228.50578599565426,cocaine_peach,daylight,228,189,159
14.80291423159721,73.58561005327263,255.0,cocaine_peach,fluorescent,255,217,181
9.878456175948605,97.21232401621019,217.12991696959216,cocaine_peach,warm_indoor,217,161,134
11.921863229448313,56.55268491468849,224.50935455484134,cocaine_peach,overcast,224,194,174
10.581112191773789,110.48660618559093,255.0,cocaine_peach,harsh_direct,255,183,144
8.489199633597359,116.23422688207631,213.7882811535812,cocaine_peach,daylight,213,144,116
10.95558724507974,77.97782893548731,241.9815125126809,cocaine_peach,fluorescent,241,195,167
4.695269741073719,110.42062264710997,203.9760050954579,cocaine_peach,warm_indoor,203,129,115
8.838634074773532,119.12093412928864,202.8137426469222,cocaine_peach,overcast,202,136,108
7.406078513555344,125.70714748699264,222.23377118519423,cocaine_peach,harsh_direct,222,139,112
13.34192765553337,100.29344798739265,239.8755865917919,cocaine_peach,daylight,239,187,145
11.759424713112459,106.30314353310084,252.38062944928143,cocaine_peach,fluorescent,252,188,147
10.1364567842873,107.83138476034613,237.50975930097377,cocaine_peach,warm_indoor,237,171,137
13.088089001576607,103.03475043282619,223.42932686959807,cocaine_peach,overcast,223,172,133
12.42571674074699,79.32782631819258,236.63148219773512,cocaine_peach,harsh_direct,236,193,163
14.6928296941184,61.687891934239225,231.17583736562716,cocaine_peach,daylight,231,202,175
18.277768362580133,63.96339133204037,249.09395347266505,cocaine_peach,fluorescent,249,224,186
9.574545512694518,94.70306693038472,226.41632714769355,cocaine_peach,warm_indoor,226,169,142
15.965582432391919,74.16341866237501,194.1385934718797,cocaine_peach,overcast,194,167,137
19.50161118351959,93.65663564206491,235.27990878182425,cocaine_peach,harsh_direct,235,205,148
4.214126941344009,63.60255986551648,228.4008618600805,cocaine_peach,daylight,228,179,171
12.316897662798302,62.878422706158226,255.0,cocaine_peach,fluorescent,255,218,192
3.495317037543468,79.98634430679984,192.68138193663685,cocaine_peach,warm_indoor,192,139,132
10.747001382269092,71.35509613672137,192.28080589514786,cocaine_peach,overcast,192,157,138
7.074203569287202,97.55302155583269,236.84405961770065,cocaine_peach,harsh_direct,236,167,146
14.301996733673718,109.78685432541835,188.46783038856137,cocaine_peach,daylight,188,146,107
16.129602844912817,104.00409436639119,201.93171775489236,cocaine_peach,fluorescent,201,164,119
11.583441329078687,92.16588128166902,178.6220078548073,cocaine_peach,warm_indoor,178,139,114
9.916403358128722,101.69057435412634,162.406576608526,cocaine_peach,overcast,162,119,97
10.87967209115341,98.94171507097667,241.7635956683124,cocaine_peach,harsh_direct,241,182,147
11.96114847310596,80.95398779841324,244.85376482300484,cocaine_peach,daylight,244,198,167
14.734183627606024,87.55684678932997,255.0,cocaine_peach,fluorescent,255,210,167
6.123558231786931,129.38443066336112,250.39363225246552,cocaine_peach,warm_indoor,250,149,123
15.172800730334519,74.67075800147492,237.4530103676608,cocaine_peach,overcast,237,203,167
11.762270342810172,101.91543846278196,247.07917694984167,cocaine_peach,harsh_direct,247,187,148
10.106391986353083,80.38923075083046,224.97331182951416,cocaine_peach,daylight,224,178,154
10.023400239735851,84.26261674944826,245.35875366167858,cocaine_peach,fluorescent,245,191,164
6.910499203081938,83.71117726357153,212.0416803066127,cocaine_peach,warm_indoor,212,158,142
9.548172408419719,77.76496497764406,204.74777693294033,cocaine_peach,overcast,204,162,142
9.79338610354774,105.85268717358761,255.0,cocaine_peach,harsh_direct,255,183,149
10.485368501475932,112.59167610812824,255.0,cocaine_peach,daylight,255,181,142
10.363155673378621,99.3692916659106,255.0,cocaine_peach,fluorescent,255,190,155
6.386424795468242,113.04671073578659,250.86665431511904,cocaine_peach,warm_indoor,250,163,139
12.232656353459143,120.15727983062509,210.60325062808033,cocaine_peach,overcast,210,152,111
13.322950746442903,126.03235802434223,227.23172940107494,cocaine_peach,harsh_direct,227,165,114
15.17818262778298,80.79673630403208,226.05454952240444,cocaine_peach,daylight,226,190,154
13.08817974049118,73.81375373922533,235.46752592290426,cocaine_peach,fluorescent,235,197,167
8.15555476100385,94.10093549930114,210.5733425645684,cocaine_peach,warm_indoor,210,154,132
11.949920896906598,98.42767873607866,205.22321337512966,cocaine_peach,overcast,205,157,126
11.180914692682494,107.64226985182201,255.0,cocaine_peach,harsh_direct,255,187,147
9.94171786868263,97.22394473312521,233.0945774208327,cocaine_peach,daylight,233,173,144
10.102389930228117,80.00079603643387,255.0,cocaine_peach,fluorescent,255,202,174
6.300701847587093,104.73025246600228,219.23542465744023,cocaine_peach,warm_indoor,219,148,129
11.921133205174149,81.97419432569176,171.43220275306376,cocaine_peach,overcast,171,138,116
8.812857340599129,90.55825087448586,255.0,cocaine_peach,harsh_direct,255,191,164
14.535248727665554,114.97180694443936,221.21280150040363,cocaine_peach,daylight,221,170,121
11.354419314968155,64.90331282384605,228.87114017162364,cocaine_peach,fluorescent,228,192,170
9.117927569214135,89.62866386186634,230.26847367611026,cocaine_peach,warm_indoor,230,174,149
11.945539391716768,88.806378828867,193.15629555562714,cocaine_peach,overcast,193,152,125
13.305634769149595,81.35009147814259,252.05059120273268,cocaine_peach,harsh_direct,252,207,171
9.96932950941891,71.39670391662632,253.23191607824674,cocaine_peach,daylight,253,206,182
10.208854660092115,62.78588930761855,255.0,cocaine_peach,fluorescent,255,213,192
5.468227236397689,101.6998075276628,245.24754289731771,cocaine_peach,warm_indoor,245,165,147
10.500234798280822,77.82088354841537,227.16772791828345,cocaine_peach,overcast,227,182,157
7.166604034261398,67.91922408062959,244.09930697921467,cocaine_peach,harsh_direct,244,194,179
7.225471341889817,74.68358678476426,255.0,cocaine_peach,daylight,255,198,180
16.366293729980278,82.5676371599545,255.0,cocaine_peach,fluorescent,255,217,172
8.648328354644715,99.997930184352,226.7152607534908,cocaine_peach,warm_indoor,226,163,137
13.489837067923625,104.86289800791505,248.1444749556636,cocaine_peach,overcast,248,192,146
9.49449754479487,76.94230006061755,255.0,cocaine_peach,harsh_direct,255,202,178
8.570683677995802,80.89171560946694,217.72087535460625,cocaine_peach,daylight,217,168,148
8.851685871298665,56.75340476327728,238.67659726603978,cocaine_peach,fluorescent,238,201,185
0.07751170019199338,66.71600511062671,210.0614321503941,cocaine_peach,warm_indoor,210,155,155
4.412287825796071,48.517167741730205,194.2254807265225,cocaine_peach,overcast,194,162,157
1.0577645786442882,57.54068705710861,235.8690426625256,cocaine_peach,harsh_direct,235,184,182
15.251184391352155,79.68594676191898,255.0,cocaine_peach,daylight,255,216,175
24.190293241181266,86.30443520672654,250.61693352265678,cocaine_peach,fluorescent,250,234,165
12.918593611240729,75.51336191255251,249.88768673995406,cocaine_peach,warm_indoor,249,207,175
15.849651993458245,79.90661618103593,240.5599009702699,cocaine_peach,overcast,240,205,165
15.229809564416884,53.493791949244965,242.1807444764362,cocaine_peach,harsh_direct,242,217,191
16.982372374572357,94.62516271225995,223.6093007288245,cocaine_peach,daylight,223,187,140
23.916008713974307,102.2465641670817,215.06379811976967,cocaine_peach,fluorescent,215,197,128
14.667531671939335,135.38705814195362,207.39676019288828,cocaine_peach,warm_indoor,207,151,97
16.336991286221455,89.84520408361833,213.11818642748676,cocaine_peach,overcast,213,179,138
15.81410593124219,115.23235635378136,246.5118049318839,cocaine_peach,harsh_direct,246,194,135
19.66090448346218,85.29672436854065,218.88487338886566,cocaine_peach,daylight,218,193,145
21.08338707864173,80.1898224830716,216.83285599443366,cocaine_peach,fluorescent,216,196,148
16.217889750093793,97.73330759439666,219.11789603521558,cocaine_peach,warm_indoor,219,180,135
16.795304351975744,98.21069491916624,197.70067072031878,cocaine_peach,overcast,197,164,121
18.222302043495443,97.43093537638569,236.36856507901697,cocaine_peach,harsh_direct,236,201,146
11.261644110589094,63.075183052907285,240.86912722611305,cocaine_peach,daylight,240,203,181
12.64320507358455,69.53016115963642,255.0,cocaine_peach,fluorescent,255,214,185
13.159987943205971,50.97081428925161,235.29900843029662,cocaine_peach,warm_indoor,235,209,188
15.037627093364156,67.61683531419527,215.5087123206616,cocaine_peach,overcast,215,187,158
8.717901139021372,63.6388429477744,248.93182600723384,cocaine_peach,harsh_direct,248,204,186
7.156155597069278,70.25566723526217,254.32173904522335,cocaine_peach,daylight,254,201,184
11.174711875861387,67.1200177180143,241.67794313743798,cocaine_peach,fluorescent,241,201,178
6.399830674120681,118.64017519481575,255.0,cocaine_peach,warm_indoor,255,161,136
3.4662420680729027,86.40947914628624,236.18896425147165,cocaine_peach,overcast,236,165,156
5.830221336974683,55.27759553221637,255.0,cocaine_peach,harsh_direct,255,210,199
15.59464669293028,112.90318330356851,250.9598151167129,cocaine_peach,daylight,250,197,139
21.020290981821063,83.63119481690944,229.07825556325633,cocaine_peach,fluorescent,229,206,153
13.104387073614962,129.61281863617637,196.23700619470554,cocaine_peach,warm_indoor,196,140,96
16.40211577285004,119.49445219139022,200.05644683068255,cocaine_peach,overcast,200,157,106
12.690262613283727,97.97669384836898,255.0,cocaine_peach,harsh_direct,255,198,157
17.603986514354613,59.16927495326584,254.73751570497961,cocaine_peach,daylight,254,230,195
20.69739089802862,55.993798985502615,241.78923766700387,cocaine_peach,fluorescent,241,225,188
11.86585132317228,66.65719669728553,227.06658042847403,cocaine_peach,warm_indoor,227,191,167
16.257779415138963,26.69674811115837,229.18610182098107,cocaine_peach,overcast,229,218,205
16.345743661169976,43.940123036935944,255.0,cocaine_peach,harsh_direct,255,235,211
13.513151695548848,53.872443319337904,227.34289435614562,cocaine_peach,daylight,227,201,179
12.575484334412495,74.53547135608031,246.28440633672352,cocaine_peach,fluorescent,246,204,174
11.95376477849818,74.38884235019538,230.65950503244338,cocaine_peach,warm_indoor,230,190,163
16.344031404695738,59.76954080138779,219.02835991652836,cocaine_peach,overcast,219,195,167
12.920999634101735,92.5660899901873,238.44780909862453,cocaine_peach,harsh_direct,238,189,151
7.070446492696561,104.59945198937383,198.82082536258866,cocaine_peach,daylight,198,136,117
11.862739236540474,104.17691338080094,216.08332574832184,cocaine_peach,fluorescent,216,162,127
5.400603745414107,115.63443971976899,224.21346830011225,cocaine_peach,warm_indoor,224,140,122
10.303539636611038,96.59078258406635,164.1512014555178,cocaine_peach,overcast,164,123,101
7.816835670511265,119.40943018943968,228.6490159793172,cocaine_peach,harsh_direct,228,149,121
14.93210120253687,42.552374914619236,214.24058326211428,cocaine_peach,daylight,214,196,178
11.209506141756071,55.78157626744999,230.59098931980867,cocaine_peach,fluorescent,230,199,180
9.639055609945919,87.42770043259792,203.5659344325839,cocaine_peach,warm_indoor,203,156,133
14.666406107403095,66.60252358973545,214.51778731534256,cocaine_peach,overcast,214,186,158
7.075369378552199,73.79545730712486,255.0,cocaine_peach,harsh_direct,255,198,181
19.778182025317125,62.29318639048492,240.88619140739303,cocaine_peach,daylight,240,221,182
20.97705783309341,29.89204873916632,247.55668548536198,cocaine_peach,fluorescent,247,238,218
16.981360202569064,73.74045616990439,255.0,cocaine_peach,warm_indoor,255,223,181
20.785797691381223,58.6263821591313,213.02863313479577,cocaine_peach,overcast,213,198,164
21.41313193000055,67.412079687052,239.3977972691904,cocaine_peach,harsh_direct,239,221,176
14.182875575928627,86.61208026372208,231.99490980143594,cocaine_peach,daylight,231,190,153
18.436510590152874,63.98966795542807,249.72845970873482,cocaine_peach,fluorescent,249,225,187
11.652876853774533,102.9024464331782,235.42174421602766,cocaine_peach,warm_indoor,235,177,140
16.97361166034654,90.35040927905509,245.60822621423532,cocaine_peach,overcast,245,208,158
13.12078336178108,68.29296181556744,252.75684636676027,cocaine_peach,harsh_direct,252,214,185
12.674216762682619,67.70297586206445,214.69487529238063,cocaine_peach,daylight,214,181,157
18.803714798048542,61.61932945397387,203.40500575924437,cocaine_peach,fluorescent,203,185,154
11.611519622737877,71.60594315647432,218.86211986568452,cocaine_peach,warm_indoor,218,181,157
14.287366448983414,85.66398397815533,203.3796981134625,cocaine_peach,overcast,203,167,135
12.73655139726462,80.26342792271399,234.06152336697363,cocaine_peach,harsh_direct,234,191,160
12.945894638337705,79.10897768417323,255.0,cocaine_peach,daylight,255,210,175
13.865855702582163,65.58392123320385,255.0,cocaine_peach,fluorescent,255,219,189
9.289573875897672,97.80258661082294,255.0,cocaine_peach,warm_indoor,255,187,157
15.250849813713943,72.93543232644402,234.3381571711907,cocaine_peach,overcast,234,201,167
12.250056170060933,84.61864557444949,247.78857032436372,cocaine_peach,harsh_direct,247,199,165
13.102679878565423,125.65766110971373,243.80844455285168,cocaine_peach,daylight,243,176,123
19.599780494273748,68.4252499598626,255.0,cocaine_peach,fluorescent,255,231,186
9.750547905986386,125.36963490713777,255.0,cocaine_peach,warm_indoor,255,170,129
13.57493692065611,75.32590776849793,233.48116647551166,cocaine_peach,overcast,233,195,164
12.29919958460648,92.36752404388797,255.0,cocaine_peach,harsh_direct,255,200,162
15.25700304974218,108.80095522842639,236.50451473481928,cocaine_peach,daylight,236,187,135
15.798950600691851,104.0489056456786,247.66899476110956,cocaine_peach,fluorescent,247,200,146
9.744590936689239,97.2585226181871,207.6637316932604,cocaine_peach,warm_indoor,207,154,128
13.561281308464501,78.11794707350398,202.9513930895671,cocaine_peach,overcast,202,169,140
10.82021842569678,107.02577753388923,230.9609138388513,cocaine_peach,harsh_direct,230,169,134
9.42870948124046,89.844354135203,246.41759596173432,cocaine_peach,daylight,246,187,159
12.68832356113035,53.70786462592499,255.0,cocaine_peach,fluorescent,255,224,201
8.46835492791511,91.07391676437875,255.0,cocaine_peach,warm_indoor,255,189,163
11.969473912082709,80.49684471171543,237.21015695827208,cocaine_peach,overcast,237,192,162
10.043940462366619,99.94514287297358,234.30472558076718,cocaine_peach,harsh_direct,234,173,142
12.202787477287174,124.06942091412478,214.06288688059578,cocaine_peach,daylight,214,152,109
14.938989374179613,105.81172428522113,239.0328265931878,cocaine_peach,fluorescent,239,189,139
9.050915223278444,94.3741554658308,215.36048205329723,cocaine_peach,warm_indoor,215,159,135
13.364338358108453,101.09205012994413,197.59153754262144,cocaine_peach,overcast,197,154,119
9.617207299066678,93.40934996520683,250.4229294595104,cocaine_peach,harsh_direct,250,188,158
9.457802275203157,88.44207848938962,255.0,cocaine_peach,daylight,255,194,166
15.330621476009947,66.38345227742249,255.0,cocaine_peach,fluorescent,255,222,188
10.424005127160092,102.21518886012386,214.3188088657023,cocaine_peach,warm_indoor,214,158,128
11.29925820617795,98.32145772312022,255.0,cocaine_peach,overcast,255,193,156
9.425023606758367,75.27088594515608,255.0,cocaine_peach,harsh_direct,255,203,179
6.470697028100408,108.28305121356881,186.328507028005,cocaine_peach,daylight,186,124,107
7.28463728293846,75.70201610074103,221.71869904549754,cocaine_peach,fluorescent,221,171,155
2.715460846144095,110.60735629073775,179.3046389966741,cocaine_peach,warm_indoor,179,108,101
3.8770577885327357,103.43304316490799,193.5810436339379,cocaine_peach,overcast,193,125,115
5.266327773315402,102.19786994165958,221.33176728432665,cocaine_peach,harsh_direct,221,148,132
14.232863436770879,41.05659081559356,246.33172460987922,cocaine_peach,daylight,246,225,206
12.530032338972374,55.51035390517396,249.9617045294816,cocaine_peach,fluorescent,249,218,195
8.230311524210324,86.59784924055234,255.0,cocaine_peach,warm_indoor,255,192,168
16.57626319348173,22.63154345062359,242.07226229963112,cocaine_peach,overcast,242,232,220
15.193771305806521,66.99248882754188,255.0,cocaine_peach,harsh_direct,255,222,188
9.253215966762008,93.48042710501785,231.81556899757237,cocaine_peach,daylight,231,173,146
6.536069797131578,98.46891132991323,244.35878275636236,cocaine_peach,fluorescent,244,170,149
3.1321791787271756,90.57619942435007,246.86068254114372,cocaine_peach,warm_indoor,246,168,159
8.440346145088988,98.40769316067394,249.645544116236,cocaine_peach,overcast,249,180,153
10.029761895730694,107.98529816419749,255.0,cocaine_peach,harsh_direct,255,183,147
10.755091483136477,102.83426882982909,223.2027295958066,cocaine_peach,daylight,223,165,133
12.277187943806828,106.37400437852884,249.60694139241627,cocaine_peach,fluorescent,249,188,145
7.503000617820124,110.3845611333758,197.5333459867859,cocaine_peach,warm_indoor,197,133,112
11.883022033250903,104.2157634880022,217.0101335063186,cocaine_peach,overcast,217,163,128
9.933122679510985,108.00930314590669,239.3755596764641,cocaine_peach,harsh_direct,239,171,137
10.090948761575314,70.84043300046147,227.08745716289667,cocaine_peach,daylight,227,185,164
18.854098808753978,44.71856010224451,239.70371967898745,cocaine_peach,fluorescent,239,224,197
10.671206630928381,65.88693043768203,243.23155645921355,cocaine_peach,warm_indoor,243,202,180
15.617541589049202,69.9766242161029,219.62994993656025,cocaine_peach,overcast,219,190,159
14.069610502389887,66.43987987620166,255.0,cocaine_peach,harsh_direct,255,219,188
16.737345883284718,121.63715415204113,230.04011648783495,cocaine_peach,daylight,230,181,120
12.538629931892558,108.02254642291723,229.68133128342524,cocaine_peach,fluorescent,229,173,132
9.76975181414089,125.13438126654579,228.08817880089134,cocaine_peach,warm_indoor,228,152,116
14.90383385765271,105.34578320647158,188.4238660183263,cocaine_peach,overcast,188,149,110
12.847950014615108,115.64405886273796,240.6232626423826,cocaine_peach,harsh_direct,240,178,131
12.009192374092306,96.08988360577214,249.65341157897382,cocaine_peach,daylight,249,193,155
22.459115522037138,83.30425059708172,225.9250277103879,cocaine_peach,fluorescent,225,207,152
13.25372757159794,120.91558414084767,238.99378794362605,cocaine_peach,warm_indoor,238,176,125
15.425673063567519,99.39211470160049,209.28484016235717,cocaine_peach,overcast,209,169,127
12.189384277698505,103.62869087781861,251.6034328212681,cocaine_peach,harsh_direct,251,191,149
10.990165880503765,79.43863271905344,236.94953982275746,cocaine_peach,daylight,236,190,163
17.291056809343683,69.97961213245507,239.99009177144927,cocaine_peach,fluorescent,239,212,174
11.802685875753719,79.65148992678986,225.9052072699365,cocaine_peach,warm_indoor,225,183,155
14.85801095160231,82.70561260094313,240.46195548229622,cocaine_peach,overcast,240,201,162
11.889573158078091,94.22301644280027,253.69152957321234,cocaine_peach,harsh_direct,253,197,159
10.36522361193629,68.76703236205485,242.85549315249781,cocaine_peach,daylight,242,200,177
8.637986466121257,43.65779853173025,255.0,cocaine_peach,fluorescent,255,223,211
7.396907997618826,82.80168748307112,251.53353266509419,cocaine_peach,warm_indoor,251,190,169
9.135773881979311,58.924596573687765,248.18586593929075,cocaine_peach,overcast,248,208,190
7.66214154064941,49.03454860548986,251.09161126785713,cocaine_peach,harsh_direct,251,215,202
7.84456334887598,84.60566443665343,255.0,cocaine_peach,daylight,255,192,170
10.273329364127012,98.1205727758492,240.61390015051143,cocaine_peach,fluorescent,240,179,148
2.836722469690532,126.727985043861,251.1229783510821,cocaine_peach,warm_indoor,251,138,126
10.41373378352515,95.26701097935603,234.45872616432837,cocaine_peach,overcast,234,177,146
10.400633657394089,115.09377812130353,241.5346536470992,cocaine_peach,harsh_direct,241,170,132
11.714644414350628,81.17215194992997,231.4758252252763,cocaine_peach,daylight,231,186,157
17.192254910026087,57.784783559637084,241.021687628069,cocaine_peach,fluorescent,241,217,186
11.173786041506531,99.75248732511174,191.29718917660324,cocaine_peach,warm_indoor,191,144,116
17.6477665547112,73.50816389114732,194.8435538626553,cocaine_peach,overcast,194,171,138
17.149927897289928,90.65582893766893,242.97903144446417,cocaine_peach,harsh_direct,242,206,156
13.339642023663085,71.41321626548954,238.69809718540682,cocaine_peach,daylight,238,201,171
13.69853459974943,50.32800737732419,255.0,cocaine_peach,fluorescent,255,227,204
11.406137637951193,83.3289555620614,223.44329712532544,cocaine_peach,warm_indoor,223,178,150
13.546331850635937,76.99342184469147,210.47899178488393,cocaine_peach,overcast,210,175,146
16.59702709959344,73.02686371848544,255.0,cocaine_peach,harsh_direct,255,222,181
9.29544718910727,93.77395560203574,190.81892158891276,cocaine_peach,daylight,190,142,120
11.806555808561624,51.61903153378425,206.89128563677258,cocaine_peach,fluorescent,206,181,165
10.587452247479177,82.1047421966613,190.9722380012964,cocaine_peach,warm_indoor,190,151,129
7.948869740636214,91.96510911996222,199.604703063185,cocaine_peach,overcast,199,146,127
7.190468972018582,69.29645771801438,209.5454405485914,cocaine_peach,harsh_direct,209,166,152
9.199596467848504,90.6104948801282,242.21873184669968,cocaine_peach,daylight,242,182,156
12.999481190168956,44.40636546314728,250.00842569857446,cocaine_peach,fluorescent,250,225,206
9.170650383033639,95.30545568420025,216.3863188480841,cocaine_peach,warm_indoor,216,160,135
11.715930366329529,98.26763367890409,241.13458380931687,cocaine_peach,overcast,241,184,148
11.509498877390916,71.86258668634876,252.75542265175898,cocaine_peach,harsh_direct,252,209,181
12.527425367353787,89.68809123228436,249.3750944538703,cocaine_peach,daylight,249,198,161
14.473595325788947,78.76400718202332,255.0,cocaine_peach,fluorescent,255,214,176
9.903610324205427,87.88697778422176,253.2781825449038,cocaine_peach,warm_indoor,253,194,165
11.73080908033002,86.20678032876805,227.723979462077,cocaine_peach,overcast,227,181,150
8.688629253190028,107.47628839084129,255.0,cocaine_peach,harsh_direct,255,178,147
16.37785075395534,93.83585358534171,246.87561904707627,cocaine_peach,daylight,246,205,156
20.074344145005917,71.4835663294054,255.0,cocaine_peach,fluorescent,255,231,183
14.418484202986198,104.29410031952533,232.24194606454563,cocaine_peach,warm_indoor,232,183,137
14.787633733101572,63.26891886906916,227.06803296773205,cocaine_peach,overcast,227,198,170
17.835866774273523,85.19192790790473,247.75516315437696,cocaine_peach,harsh_direct,247,214,164
15.291876272942867,143.39619630590303,232.0739251509509,cocaine_peach,daylight,232,168,101
14.707206333219435,106.58253826004147,229.16966701403518,cocaine_peach,fluorescent,229,180,133
15.47135203423073,142.97966117310457,213.8034387973782,cocaine_peach,warm_indoor,213,156,93
17.8310030704607,110.15010275416232,233.34819225279847,cocaine_peach,overcast,233,192,132
18.130045024888727,123.34119591497266,244.48847406546895,cocaine_peach,harsh_direct,244,198,126
7.5576328632176075,124.54733640820427,255.0,cocaine_peach,daylight,255,162,130
10.36906954437055,111.77349494620246,250.25791952717086,cocaine_peach,fluorescent,250,178,140
2.608991492132061,141.47098959478228,248.00019789319614,cocaine_peach,warm_indoor,248,122,110
9.6104530371645,133.09928411597244,210.03224653920483,cocaine_peach,overcast,210,135,100
8.722737314122543,135.64380407792828,255.0,cocaine_peach,harsh_direct,255,159,119
8.516621884862639,130.22274934520158,242.2311572062996,cocaine_peach,daylight,242,153,118
15.861300970894257,76.10038462468786,255.0,cocaine_peach,fluorescent,255,219,178
8.227734018310041,92.66917254791743,243.53474157984073,cocaine_peach,warm_indoor,243,179,155
12.774400825750842,74.23569040732878,230.3409245776496,cocaine_peach,overcast,230,191,163
9.45347262999801,83.98861904799936,242.069731956588,cocaine_peach,harsh_direct,242,187,162
12.575294237111201,117.44402129629451,213.8690590413373,cocaine_peach,daylight,213,156,115
17.03259672190303,106.42125307951417,229.85964745412522,cocaine_peach,fluorescent,229,188,133
9.274531416625717,102.94672046338876,198.53469155369356,cocaine_peach,warm_indoor,198,143,118
13.216869158296193,87.30939807298543,203.84343765313977,cocaine_peach,overcast,203,164,134
11.014888006402375,95.68961643604152,231.31079639259195,cocaine_peach,harsh_direct,231,176,144
8.703928793705362,67.2934761354348,242.01291414554328,cocaine_peach,daylight,242,196,178
12.215986809040986,48.86140012007502,232.87491507802537,cocaine_peach,fluorescent,232,206,188
9.395592201776948,65.9433898422615,216.4428227726835,cocaine_peach,warm_indoor,216,178,160
9.894550245558152,56.61681487290016,203.74280657059117,cocaine_peach,overcast,203,173,158
7.722299344303218,85.63511004223662,252.86874577420167,cocaine_peach,harsh_direct,252,189,167
18.489439517666472,79.23637427218257,229.48665820868848,cocaine_peach,daylight,229,202,158
20.67833582994628,93.0029240822209,255.0,cocaine_peach,fluorescent,255,226,161
13.06318008448427,111.56653096662025,248.36993008267476,cocaine_peach,warm_indoor,248,187,139
16.383722777218026,63.62084324073186,225.53518603553,cocaine_peach,overcast,225,200,169
16.80906949614618,102.74696897011174,255.0,cocaine_peach,harsh_direct,255,210,152
8.402026351852696,93.66230641813462,227.2169163415067,cocaine_peach,daylight,227,167,143
7.87663366178208,97.68332179985161,245.90276393860438,cocaine_peach,fluorescent,245,176,151
4.863817775849772,136.34818460167037,220.1784081103825,cocaine_peach,warm_indoor,220,121,102
10.490038633283339,80.2956844729682,206.1324645246097,cocaine_peach,overcast,206,164,141
8.016244263155707,104.93585423398233,236.04573085616624,cocaine_peach,harsh_direct,236,165,138
8.298402705798342,88.53952728054168,218.95141446620408,cocaine_peach,daylight,218,164,142
15.885773343142278,71.57562405365907,243.54822394422223,cocaine_peach,fluorescent,243,211,175
4.384876613645181,100.95930843270119,229.48992629157067,cocaine_peach,warm_indoor,229,151,138
9.713551918534673,98.45021441527419,172.89639289476074,cocaine_peach,overcast,172,127,106
7.954465608372117,101.26554118752429,234.91569702839885,cocaine_peach,harsh_direct,234,166,141
7.289421516130247,68.86075887579462,226.69323123803417,cocaine_peach,daylight,226,180,165
11.136008238763239,71.27818570277742,251.17695284883018,cocaine_peach,fluorescent,251,207,180
3.8067727505895324,91.30945058278564,245.73049861203896,cocaine_peach,warm_indoor,245,168,157
4.951096967597228,69.82621425231656,218.57439013887387,cocaine_peach,overcast,218,168,158
4.483131924603457,113.20020471223863,242.13800269751442,cocaine_peach,harsh_direct,242,150,134
10.69097394818305,110.16583113318956,255.0,cocaine_peach,daylight,255,184,144
15.11205709812312,83.09156698074769,247.7091508789748,cocaine_peach,fluorescent,247,207,166
7.1979176932197815,127.0293963559399,219.11267476426082,cocaine_peach,warm_indoor,219,136,109
15.822787841152664,88.62525741479911,251.326268657228,cocaine_peach,overcast,251,210,163
9.930850438198425,103.24720782753573,255.0,cocaine_peach,harsh_direct,255,186,151
2.1582205842818376,92.43392425424243,244.44268474816425,cocaine_peach,daylight,244,162,155
4.661899715036537,111.62825370877292,254.7915478629708,cocaine_peach,fluorescent,254,160,143
4.483516487718441,106.43614901757408,255.0,cocaine_peach,warm_indoor,255,164,148
4.40047697351242,117.26169616522103,232.48921825270617,cocaine_peach,overcast,232,141,125
5.3853158398305085,113.83666752787292,255.0,cocaine_peach,harsh_direct,255,161,141
14.330416128038951,112.56560451570508,252.51593176723873,cocaine_peach,daylight,252,194,141
20.193961292542074,89.04239087786677,255.0,cocaine_peach,fluorescent,255,226,165
11.00492598179077,101.85961278699769,198.6998949301332,cocaine_peach,warm_indoor,198,148,119
11.131761885080564,65.92642210392758,192.09642102888435,cocaine_peach,overcast,192,160,142
12.452220161270878,52.961449191260165,230.49072916942512,cocaine_peach,harsh_direct,230,202,182
6.917627766738591,86.65135741379567,241.2702107967595,cocaine_peach,daylight,241,178,159
10.513220971460932,70.93457221048973,247.92801429750776,cocaine_peach,fluorescent,247,203,178
1.606061808456055,96.01668878785476,218.8108406732185,cocaine_peach,warm_indoor,218,140,136
6.268938089575733,95.82592001225281,254.03817121214104,cocaine_peach,overcast,254,178,158
9.077542178572527,121.03288528307499,240.06888098121235,cocaine_peach,harsh_direct,240,160,126
10.9691670004997,81.57131092110006,232.10590552722635,cocaine_peach,daylight,232,185,157
18.89420445879026,72.97027300212488,230.7366586994591,cocaine_peach,fluorescent,230,206,164
10.42651171070843,73.11943575948662,187.87455477137854,cocaine_peach,warm_indoor,187,152,134
13.789654672524696,58.58352179166354,203.84506152589125,cocaine_peach,overcast,203,178,157
10.077753343906512,77.4929979284699,239.12467477787862,cocaine_peach,harsh_direct,239,191,166
17.218962134479874,113.80562668745692,240.06040408606552,cocaine_peach,daylight,240,194,132
13.087299965844467,51.62469768774643,241.6079384222311,cocaine_peach,fluorescent,241,214,192
5.090254324957945,121.43484503648332,217.7083050707602,cocaine_peach,warm_indoor,217,131,114
10.686252143746524,61.02193140731689,192.73765240609106,cocaine_peach,overcast,192,163,146
11.052457877032664,118.59638879282758,251.23678253135398,cocaine_peach,harsh_direct,251,177,134
6.841141821126002,106.48137657839736,236.8770680186567,cocaine_peach,daylight,236,160,137
8.50557394871278,75.29198636249059,246.94870258454793,cocaine_peach,fluorescent,246,194,174
4.7259809200278315,111.8799870150189,243.77614729803662,cocaine_peach,warm_indoor,243,153,136
8.455239577965289,104.86192635528175,226.89191302107903,cocaine_peach,overcast,226,160,133
0.0023247783552511336,106.62423919315717,255.0,cocaine_peach,harsh_direct,255,148,148
8.177353756267678,38.54329674176681,255.0,cocaine_peach,daylight,255,227,216
13.652750697642432,23.521497943844967,255.0,cocaine_peach,fluorescent,255,242,231
10.708350963739411,64.28250810866132,215.0530677129675,cocaine_peach,warm_indoor,215,180,160
10.67720434504737,55.02823107223882,244.10918305676046,cocaine_peach,overcast,244,210,191
6.95167726595478,65.66335722131822,255.0,cocaine_peach,harsh_direct,255,204,189
14.099169465011965,74.01503998752635,248.16116851767651,cocaine_peach,daylight,248,210,176
13.792928819910786,72.57169753242597,242.75371463778117,cocaine_peach,fluorescent,242,205,173
7.9129513553733535,103.26534019397472,245.69657047986985,cocaine_peach,warm_indoor,245,172,146
15.669299499774464,71.16641529744125,223.1256156807985,cocaine_peach,overcast,223,193,160
10.212199212293577,81.44617886538822,249.07311244460837,cocaine_peach,harsh_direct,249,196,169
9.61765919288391,78.46978375258516,255.0,cocaine_peach,daylight,255,201,176
8.538466067290088,34.70118048285556,255.0,cocaine_peach,fluorescent,255,230,220
0.8867482733185628,68.13997783685136,206.11783769204436,cocaine_peach,warm_indoor,206,152,151
9.520806791758424,60.97484201084091,192.81750505717991,cocaine_peach,overcast,192,161,146
6.952304722296882,64.2665573825929,255.0,cocaine_peach,harsh_direct,255,205,190
16.39218075291903,115.89305915470496,220.04111949649595,cocaine_peach,daylight,220,174,120
14.583536350453539,56.931728449881,255.0,cocaine_peach,fluorescent,255,225,198
9.286704092356292,101.712332876057,197.03803390894836,cocaine_peach,warm_indoor,197,142,118
12.96315929314797,89.18622360949948,214.3757529315532,cocaine_peach,overcast,214,171,139
16.17363231018168,92.86400862265283,243.58119419614442,cocaine_peach,harsh_direct,243,202,154
8.79723574140628,107.7180937392352,243.13780146859466,cocaine_peach,daylight,243,170,140
12.433091269031427,92.20899293269767,239.85451490793474,cocaine_peach,fluorescent,239,189,153
7.889453074834424,120.00281570006625,234.6366634966178,cocaine_peach,warm_indoor,234,153,124
11.104989933659397,84.7579497025554,226.1584952769106,cocaine_peach,overcast,226,178,150
8.11690319607506,124.13546299366791,255.0,cocaine_peach,harsh_direct,255,164,130
14.336311824056612,96.98489389141818,217.8959344386098,cocaine_peach,daylight,217,174,135
17.678703031128702,83.91321131803343,221.18490824761022,cocaine_peach,fluorescent,221,191,148
13.96478494860233,93.97669625933372,195.15611196282242,cocaine_peach,warm_indoor,195,156,123
13.754824928656845,81.8911836139348,180.96187893588814,cocaine_peach,overcast,180,149,122
15.129906352176391,78.41341227609063,238.55361692088636,cocaine_peach,harsh_direct,238,202,165
13.20773650793399,56.10091006828263,242.74368597175766,cocaine_peach,daylight,242,212,189
13.480012865676624,79.46281129261992,255.0,cocaine_peach,fluorescent,255,211,175
12.502279895851137,47.60605569349858,248.10722027686307,cocaine_peach,warm_indoor,248,221,201
12.554014838725024,81.55239150590863,219.73438511495726,cocaine_peach,overcast,219,179,149
11.032283807531789,71.7335093530942,252.8626753563501,cocaine_peach,harsh_direct,252,208,181
10.806820921602135,91.28460632994964,255.0,cocaine_peach,daylight,255,196,163
19.03421290662749,51.6960939014406,254.58559493000206,cocaine_peach,fluorescent,254,235,202
10.590965914200774,88.71214549454412,246.91225896757368,cocaine_peach,warm_indoor,246,191,161
13.916291509796405,86.98721331869162,253.10118187387587,cocaine_peach,overcast,253,207,166
11.99911531822076,64.58138992891273,255.0,cocaine_peach,harsh_direct,255,216,190
9.831357005727327,76.24695609513404,240.8439841350633,cocaine_peach,daylight,240,192,168
14.373119421006653,60.822964334378945,230.46359019590022,cocaine_peach,fluorescent,230,201,175
7.201228007300464,92.29720046344637,239.13858162816365,cocaine_peach,warm_indoor,239,173,152
14.654544462416206,87.08258764974373,211.36901910967336,cocaine_peach,overcast,211,174,139
13.496208231833839,76.49530981555841,254.93270774252477,cocaine_peach,harsh_direct,254,213,178
6.822943694749182,95.89432423855668,189.84629129610033,cocaine_peach,daylight,189,134,118
9.015327188835938,81.45906057701814,192.2316473145071,cocaine_peach,fluorescent,192,149,130
3.0001912476076376,103.40478995131741,178.09557935226047,cocaine_peach,warm_indoor,178,113,105
6.751931169449042,92.34502656308034,153.66400639726703,cocaine_peach,overcast,153,110,98
4.720827572485191,85.98428289764465,235.15906545476017,cocaine_peach,harsh_direct,235,168,155
7.421413570392984,97.4158064462154,224.66143757701104,cocaine_peach,daylight,224,160,138
9.199502034429234,94.16637904923934,226.32130180445822,cocaine_peach,fluorescent,226,168,142
1.9465424109701273,109.10347253681203,213.50107645111174,cocaine_peach,warm_indoor,213,128,122
9.407971694066266,53.97066325924621,227.2481384096826,cocaine_peach,overcast,227,194,179
10.170870050656884,99.12518293934409,255.0,cocaine_peach,harsh_direct,255,189,155
15.53798665368183,58.27375996288427,234.47331279628517,cocaine_peach,daylight,234,208,180
20.678322068720526,65.09219784698165,255.0,cocaine_peach,fluorescent,255,235,189
8.662279634148707,81.32277561361134,234.73338872260229,cocaine_peach,warm_indoor,234,181,159
19.25994167007971,40.408479571151204,240.6820746301251,cocaine_peach,overcast,240,227,202
16.419997503282392,70.29587388064292,238.32369493301434,cocaine_peach,harsh_direct,238,208,172
7.3681925569483955,85.28601292272697,220.79064570832355,cocaine_peach,daylight,220,165,146
12.529964937618093,51.143222771508555,255.0,cocaine_peach,fluorescent,255,225,203
5.846135237425772,82.05801599933517,249.92727433337942,cocaine_peach,warm_indoor,249,185,169
6.239487116193305,76.83689032271309,223.45788412969463,cocaine_peach,overcast,223,170,156
8.20514039644264,93.9547721535337,246.68153422764914,cocaine_peach,harsh_direct,246,180,155
10.251304106440363,103.30859297096471,248.81996061465486,cocaine_peach,daylight,248,182,148
12.55788641392908,78.38533437794464,252.4382200192552,cocaine_peach,fluorescent,252,207,174
7.246334538664725,125.12457579990425,249.58216647753375,cocaine_peach,warm_indoor,249,156,127
9.780444116362494,85.98281775283765,236.55845909685343,cocaine_peach,overcast,236,182,156
10.782029525271087,91.97949814553077,249.2475631215056,cocaine_peach,harsh_direct,249,191,159
9.705205909568972,129.2879483809955,216.4773685668473,cocaine_peach,daylight,216,142,106
11.582964903222015,110.04798533608526,250.68715093281264,cocaine_peach,fluorescent,250,184,142
6.052013704866739,119.76467608852518,243.59029072377044,cocaine_peach,warm_indoor,243,152,129
11.79286071411018,116.49260260675696,233.27683751720255,cocaine_peach,overcast,233,168,126
8.292329622990108,107.77592681200498,247.80990285476582,cocaine_peach,harsh_direct,247,172,143
10.517093046248716,65.96719622348243,249.94804322445788,cocaine_peach,daylight,249,208,185
14.93200037707167,61.91045237566847,255.0,cocaine_peach,fluorescent,255,224,193
6.183446883182587,91.29393726055575,239.16273640608887,cocaine_peach,warm_indoor,239,171,153
9.052541862209644,64.77522734002214,234.30251006235363,cocaine_peach,overcast,234,192,174
11.116813488286988,98.45623094632114,255.0,cocaine_peach,harsh_direct,255,193,156
2.8383595277680467,77.5988933682136,255.0,cocaine_peach,daylight,255,184,177
4.547609709632785,72.57027392479276,246.59993559255395,cocaine_peach,fluorescent,246,187,176
0.7399111508469514,90.53818406558385,255.0,cocaine_peach,warm_indoor,255,166,164
6.190777784474916,79.87157515605065,208.50625183408783,cocaine_peach,overcast,208,156,143
0.35136201391716826,99.91171102205591,254.3320010941526,cocaine_peach,harsh_direct,254,155,154
10.213049457807868,63.270350479548284,222.49874349975624,cocaine_peach,daylight,222,186,167
12.768716231668868,50.858916053141556,227.46766041104928,cocaine_peach,fluorescent,227,201,182
6.5438955751360055,72.26635417326952,196.75519529025917,cocaine_peach,warm_indoor,196,153,140
12.487105633634982,76.60809763564255,225.29995959819513,cocaine_peach,overcast,225,185,157
8.564214297425865,78.0870920007663,230.7530394357535,cocaine_peach,harsh_direct,230,180,160
8.556455172850924,99.59465757670594,193.74085237190653,cocaine_peach,daylight,193,139,118
15.92904517042204,95.53272326937687,251.7588997215465,cocaine_peach,fluorescent,251,207,157
11.076577784412603,103.00732619303422,178.49328536928857,cocaine_peach,warm_indoor,178,133,106
17.174774285742586,105.98481897684113,195.4872056423599,cocaine_peach,overcast,195,161,114
13.415688639698045,89.19924502011763,227.01093738746454,cocaine_peach,harsh_direct,227,183,147
8.706850442374224,116.85796899011078,236.35172936630218,cocaine_peach,daylight,236,159,128
8.638958375577499,90.07539946410773,255.0,cocaine_peach,fluorescent,255,191,164
0.9861532156137987,98.81862368998364,255.0,cocaine_peach,warm_indoor,255,159,156
8.660875372495399,110.66458496561697,215.91067912186605,cocaine_peach,overcast,215,149,122
4.941029359974314,115.70891819283864,255.0,cocaine_peach,harsh_direct,255,158,139
15.324410571262202,114.63042029521878,243.30736146279784,cocaine_peach,daylight,243,190,133
17.03074004478997,80.02454019949704,255.0,cocaine_peach,fluorescent,255,220,174
13.726560807338803,115.22539779196413,235.4793334029827,cocaine_peach,warm_indoor,235,178,129
18.589705478991448,74.9926389034592,245.18566883915653,cocaine_peach,overcast,245,218,173
11.52599983829268,97.6525043661585,236.15075803134783,cocaine_peach,harsh_direct,236,180,145
14.505721208654167,90.78211752890678,211.91780103935244,cocaine_peach,daylight,211,173,136
13.403510605678923,96.1507627484969,232.3561184954474,cocaine_peach,fluorescent,232,184,144
9.219208629338775,108.84563207377496,229.9687189579734,cocaine_peach,warm_indoor,229,162,131
14.699256540122963,134.1274454946931,195.43503644384379,cocaine_peach,overcast,195,143,92
14.932727753169845,98.01245543825563,227.65991765597232,cocaine_peach,harsh_direct,227,183,140
9.633440405702688,118.92682334016767,244.07194641739804,cocaine_peach,daylight,244,166,130
12.429027551465774,109.08621804731214,242.59556903728077,cocaine_peach,fluorescent,242,182,138
4.636124490434871,132.4178873510554,219.03802762373653,cocaine_peach,warm_indoor,219,122,105
9.78000961237674,109.48623471100485,215.83820512616933,cocaine_peach,overcast,215,153,123
10.103806936685746,146.18681799143374,241.85932417896558,cocaine_peach,harsh_direct,241,150,103
17.69960524419347,115.73184879391181,232.66774576102938,cocaine_peach,daylight,232,189,127
19.038046423509034,65.0787702423969,231.22218576374289,cocaine_peach,fluorescent,231,209,172
9.903626028949246,110.967821973871,206.63244430712933,cocaine_peach,warm_indoor,206,146,116
13.934829222858141,88.80902790369996,225.87894581097697,cocaine_peach,overcast,225,183,147
18.77716375222937,112.86873549761249,234.4716174016222,cocaine_peach,harsh_direct,234,196,130
22.589190810395973,103.12569956663266,237.78789667046624,cocaine_peach,daylight,237,214,141
21.904725200371136,75.88457299268485,255.0,cocaine_peach,fluorescent,255,234,179
18.030526269508144,111.5061325743219,245.66736066990143,cocaine_peach,warm_indoor,245,203,138
20.29944877558524,98.7816123148297,202.18663184233267,cocaine_peach,overcast,202,177,123
16.501689855905774,100.18106269431748,219.53276968801362,cocaine_peach,harsh_direct,219,180,133
11.956284090634975,119.20436198991982,231.3462429299529,cocaine_peach,daylight,231,166,123
13.192931459119103,78.40137970837287,240.13961655881633,cocaine_peach,fluorescent,240,198,166
9.819586144083866,111.28529192912391,234.41204479087776,cocaine_peach,warm_indoor,234,165,132
15.910859329257121,75.04260586355663,210.4365676130924,cocaine_peach,overcast,210,181,148
13.080038178736043,71.88282291571872,255.0,cocaine_peach,harsh_direct,255,214,183
8.41733162692191,70.44514815609338,234.32880122314677,cocaine_peach,daylight,234,187,169
9.12160178785699,65.97008615758605,200.58844169969217,cocaine_peach,fluorescent,200,164,148
2.3978490793211837,75.00563920619734,170.0515049659216,cocaine_peach,warm_indoor,170,124,120
4.812648873135011,58.55817417789987,157.04639321372036,cocaine_peach,overcast,157,126,120
6.511675353503174,79.64030252535107,239.77103121589835,cocaine_peach,harsh_direct,239,181,164
16.1953282423906,68.86409948105634,255.0,cocaine_peach,daylight,255,223,186
17.332098872605854,74.5757495860735,244.0329351123156,cocaine_peach,fluorescent,244,214,172
15.766523727783836,67.6235781623264,229.62722498502646,cocaine_peach,warm_indoor,229,200,168
22.21308722608084,44.428919168755044,229.9109937766415,cocaine_peach,overcast,229,219,189
15.940887896963098,72.9943601000808,255.0,cocaine_peach,harsh_direct,255,221,182
14.642154741294835,95.13302319634344,212.67168439930413,cocaine_peach,daylight,212,172,133
20.154076892202717,72.63333903826917,239.4634434333542,cocaine_peach,fluorescent,239,217,171
10.640853201764859,113.02729811713743,201.36083540129846,cocaine_peach,warm_indoor,201,143,112
14.394210299715184,76.23416680257655,209.30086899718106,cocaine_peach,overcast,209,176,146
13.699412426401167,86.55109714036865,255.0,cocaine_peach,harsh_direct,255,208,168
9.14540843624701,73.63032766623499,255.0,cocaine_peach,daylight,255,203,181
10.063651407279313,27.16287727456315,255.0,cocaine_peach,fluorescent,255,236,227
5.5248097332450135,81.81904492357043,254.44302569153552,cocaine_peach,warm_indoor,254,187,172
8.859702941487715,37.798920625941186,235.73867413457666,cocaine_peach,overcast,235,211,200
12.831580595948454,65.57619473511956,255.0,cocaine_peach,harsh_direct,255,217,189
9.432345416977146,87.57204953533163,248.94265936043664,cocaine_peach,daylight,248,190,163
9.409139444629565,71.19105429471557,251.93559641849203,cocaine_peach,fluorescent,251,203,181
13.193182961499025,106.62307083472486,247.07582876720423,cocaine_peach,warm_indoor,247,189,143
10.80275053101574,93.2230765164341,226.6753717672733,cocaine_peach,overcast,226,173,143
9.826230397788802,108.58091568539747,255.0,cocaine_peach,harsh_direct,255,182,146
14.736785992938948,65.40026772122663,254.7928191655464,cocaine_peach,daylight,254,221,189
14.557807813077357,63.26854830359414,255.0,cocaine_peach,fluorescent,255,222,191
14.249483414768125,115.09996483654332,237.85759122581214,cocaine_peach,warm_indoor,237,181,130
17.817769764065847,95.40653749534674,255.0,cocaine_peach,overcast,255,216,159
15.664067182451308,80.34653208175376,255.0,cocaine_peach,harsh_direct,255,216,174
14.604057541812546,95.25082796177846,245.23131763373306,cocaine_peach,daylight,245,198,153
21.884384179940323,68.82461710951394,255.0,cocaine_peach,fluorescent,255,236,186
16.118264727078312,85.49088817300567,231.23931649312772,cocaine_peach,warm_indoor,231,195,153
20.91607372768472,88.58260949053812,212.37313155652913,cocaine_peach,overcast,212,190,138
20.791255183847998,101.40415561517749,241.18680893008863,cocaine_peach,harsh_direct,241,212,145
8.111840102184633,97.74099804363595,219.69806588786605,cocaine_peach,daylight,219,158,135
10.26543111131162,71.52914687632527,241.1684761403115,cocaine_peach,fluorescent,241,196,173
3.866649420300169,83.43748830258627,235.54514349568052,cocaine_peach,warm_indoor,235,168,158
7.2428240647372695,83.03977615319945,241.42021079461892,cocaine_peach,overcast,241,181,162
10.321945203078341,105.29847379984999,242.9245364979714,cocaine_peach,harsh_direct,242,177,142
17.89529723503146,98.84052523129415,252.75851180023125,cocaine_peach,daylight,252,213,154
15.14137815089139,63.64933080500307,255.0,cocaine_peach,fluorescent,255,223,191
14.253760822570445,73.71925221483055,231.47047874761753,cocaine_peach,warm_indoor,231,196,164
15.877067241945769,86.72319866977784,229.7358574618217,cocaine_peach,overcast,229,193,151
15.35045869270568,92.03685061440643,255.0,cocaine_peach,harsh_direct,255,210,162
11.815696458338058,102.92288164925154,255.0,cocaine_peach,daylight,255,192,152
14.764833015279077,85.09525343839303,236.8923727059282,cocaine_peach,fluorescent,236,196,157
5.133689441811892,83.77379819600152,234.96757353878462,cocaine_peach,warm_indoor,234,171,157
11.48126406835178,90.73580799633781,219.16931224872752,cocaine_peach,overcast,219,171,141
8.586099767470593,118.86258875119914,244.53383347934465,cocaine_peach,harsh_direct,244,163,130
11.879428705541248,78.20948765064374,240.29517267047748,cocaine_peach,daylight,240,195,166
13.58576193577597,85.49763890399694,236.61247981164132,cocaine_peach,fluorescent,236,193,157
7.770006556945447,61.57639273517175,227.70282805766797,cocaine_peach,warm_indoor,227,187,172
14.910513686972562,67.55623116362737,205.89984465920134,cocaine_peach,overcast,205,178,151
12.428128553312819,86.82578800735364,255.0,cocaine_peach,harsh_direct,255,204,168
12.655611889038562,34.58332426819154,247.97723218393566,cocaine_peach,daylight,247,228,214
13.677778076185875,32.221369021974446,249.2305114761982,cocaine_peach,fluorescent,249,232,217
7.3279726456453265,55.67953653521607,255.0,cocaine_peach,warm_indoor,255,212,199
11.239417867115748,52.27354192412013,208.41990153439065,cocaine_peach,overcast,208,181,165
10.961678691505217,59.16581976061023,255.0,cocaine_peach,harsh_direct,255,217,195
11.523517372040644,78.42199881300118,255.0,cocaine_peach,daylight,255,206,176
11.017458346357511,86.15121355283931,255.0,cocaine_peach,fluorescent,255,200,168
8.396097179599483,123.03195674174147,239.105703104609,cocaine_peach,warm_indoor,239,156,123
12.764849783744886,105.42416632093584,237.86358165748175,cocaine_peach,overcast,237,181,139
10.35810679021304,119.95596712446032,243.14476871911637,cocaine_peach,harsh_direct,243,168,128
18.892411350303643,84.934944718488,254.48072776915035,cocaine_peach,daylight,254,223,169
17.302875865708355,60.29411281651756,255.0,cocaine_peach,fluorescent,255,229,194
14.31708209657282,107.40120805218389,243.400010909575,cocaine_peach,warm_indoor,243,190,140
19.254245800413557,84.9879349695056,255.0,cocaine_peach,overcast,255,224,170
18.54734554486811,85.28283558486928,242.68680821703703,cocaine_peach,harsh_direct,242,211,161
6.263736936162588,75.88974952283556,224.92754670252657,cocaine_peach,daylight,224,172,157
13.462655623564594,66.58343709099466,236.40332318500742,cocaine_peach,fluorescent,236,202,174
8.557680793389185,96.73959889844863,189.61922290506254,cocaine_peach,warm_indoor,189,138,117
7.697901420043063,79.6669222114919,220.52398380312312,cocaine_peach,overcast,220,169,151
9.841020751582986,80.07075718972176,216.68388613479075,cocaine_peach,harsh_direct,216,171,148
12.148073893754825,46.49439662521195,234.49200637747933,cocaine_peach,daylight,234,209,191
16.318853117890043,75.02241649848017,252.73610301132382,cocaine_peach,fluorescent,252,219,178
12.73414394195154,87.61680090702865,221.21958614050203,cocaine_peach,warm_indoor,221,177,145
12.780273847225406,73.99011226763898,219.1717151479199,cocaine_peach,overcast,219,182,155
13.448647831383377,75.96684665547082,255.0,cocaine_peach,harsh_direct,255,213,179
15.095084022531964,87.49736376780535,241.3883574524346,cocaine_peach,daylight,241,200,158
11.652216028168572,110.05915387858059,254.1086454403636,cocaine_peach,fluorescent,254,187,144
15.316914272293563,105.28608446816425,240.87292955609848,cocaine_peach,warm_indoor,240,192,141
15.061058163775746,98.42860716739246,238.81257301133138,cocaine_peach,overcast,238,193,146
13.495253409058876,97.55974207914278,249.6586221935728,cocaine_peach,harsh_direct,249,197,154
20.953575125204033,96.20827403223288,255.0,cocaine_peach,daylight,255,226,158
22.935798508896603,78.61416510762425,255.0,cocaine_peach,fluorescent,255,236,176
18.387375692759154,104.94021300378515,238.3841930614607,cocaine_peach,warm_indoor,238,200,140
17.448455516926156,102.9492402160487,236.9695148681953,cocaine_peach,overcast,236,197,141
23.950739513420096,76.56267128987385,237.8048472095238,cocaine_peach,harsh_direct,237,223,166
7.386855784602038,73.60094704599368,255.0,cocaine_peach,daylight,255,199,181
9.456823095265037,77.96759899605357,255.0,cocaine_peach,fluorescent,255,201,177
6.856708388868112,67.92781792701388,235.7397116916528,cocaine_peach,warm_indoor,235,187,172
9.998635896259225,81.677926325564,223.97769047633054,cocaine_peach,overcast,223,176,152
5.706439449120531,90.54821186817308,235.6542341467987,cocaine_peach,harsh_direct,235,167,151
15.150911700309912,88.91082674813114,213.01329856994354,cocaine_peach,daylight,213,176,138
14.984665168142044,55.565367618190656,245.8082574595766,cocaine_peach,fluorescent,245,219,192
11.290267505566414,76.08545300452595,166.61221410174204,cocaine_peach,warm_indoor,166,135,116
17.115751379557697,58.54157678225421,184.8988853312499,cocaine_peach,overcast,184,166,142
14.804007743298447,67.38364130153232,242.85622528092026,cocaine_peach,harsh_direct,242,210,178
7.3417601094836655,120.9264735181118,232.9817086677475,cocaine_peach,daylight,232,149,122
12.840112626204126,70.61062150607736,226.9674940057068,cocaine_peach,fluorescent,226,191,164
0.0,95.47875435603768,202.63194435632192,cocaine_peach,warm_indoor,202,126,126
8.504881669138248,89.84874061304053,179.60467273757962,cocaine_peach,overcast,179,134,116
6.266194080794274,120.82807044491852,255.0,cocaine_peach,harsh_direct,255,159,134
8.667035532841812,92.9231114103537,213.90432773997287,cocaine_peach,daylight,213,158,135
18.878363683409177,73.48764697752021,253.80146071674244,cocaine_peach,fluorescent,253,226,180
8.44872210127551,77.45726771551894,214.12272701406906,cocaine_peach,warm_indoor,214,167,149
16.244263716946243,96.05067964019047,195.84328157894586,cocaine_peach,overcast,195,162,122
12.499416294188965,79.75133655574255,241.84182812639125,cocaine_peach,harsh_direct,241,197,166
11.289083911021741,134.669768608872,240.27048783610553,cocaine_peach,daylight,240,161,113
13.569417393537604,111.81615198846443,255.0,cocaine_peach,fluorescent,255,194,143
7.240863693309987,119.91957477794266,237.30854351550082,cocaine_peach,warm_indoor,237,152,125
12.59974213315019,105.67117422653867,228.2835001380118,cocaine_peach,overcast,228,173,133
9.749533973300993,147.65880567846827,255.0,cocaine_peach,harsh_direct,255,155,107
18.49097167843338,131.1715708439828,246.76717960788073,cocaine_peach,daylight,246,198,119
17.521707516057205,131.13985273757837,239.38646276000753,cocaine_peach,fluorescent,239,188,116
11.413002725658796,139.36252796093197,209.89496918413786,cocaine_peach,warm_indoor,209,139,95
15.511312625438528,125.26111567248824,198.5852879287663,cocaine_peach,overcast,198,151,101
16.15720790459978,131.88078118114194,230.93826264997364,cocaine_peach,harsh_direct,230,176,111
7.3374215409022305,81.04314295588385,211.01893167486804,cocaine_peach,daylight,211,160,143
6.18965770049756,61.31746539311215,242.82892836811183,cocaine_peach,fluorescent,242,196,184
7.199500826183727,48.3585814044782,214.38610376235283,cocaine_peach,warm_indoor,214,183,173
9.514134277250022,67.85361296738621,195.11753490848065,cocaine_peach,overcast,195,159,143
9.499064043654613,67.17252174171689,247.56700353434437,cocaine_peach,harsh_direct,247,203,182
11.688887937385743,96.55497961937485,226.3206489259358,cocaine_peach,daylight,226,174,140
14.748248561898894,94.97816183413299,229.37811391728525,cocaine_peach,fluorescent,229,186,143
11.716142527669652,112.48245208807768,209.87722514904004,cocaine_peach,warm_indoor,209,153,117
11.821163339522002,57.284262067464525,193.82838506000735,cocaine_peach,overcast,193,167,150
13.142710492749751,99.04064160963384,255.0,cocaine_peach,harsh_direct,255,199,155
11.173540271229939,70.27837043078611,239.45694360724235,cocaine_peach,daylight,239,198,173
10.558152589839509,68.12550408952815,255.0,cocaine_peach,fluorescent,255,210,186
4.0532600454971135,90.29363845217345,226.61799131818253,cocaine_peach,warm_indoor,226,157,146
6.9782187683927495,83.6601785319392,236.47196051903057,cocaine_peach,overcast,236,177,158
10.366645264039915,83.29823264310016,245.56428495590848,cocaine_peach,harsh_direct,245,193,165
15.325288484265878,97.34158724023683,250.19978908442693,cocaine_peach,daylight,250,203,154
21.738995389342207,78.39039645637291,232.9020095660618,cocaine_peach,fluorescent,232,213,161
13.69602042988403,103.95929520341916,201.07963145326806,cocaine_peach,warm_indoor,201,156,119
16.873037208095198,88.30026646463523,223.715765999211,cocaine_peach,overcast,223,190,146
18.43520833421154,91.7647027637616,247.04046214516097,cocaine_peach,harsh_direct,247,213,158
14.427634445357942,97.0854404265075,197.04852550025373,cocaine_peach,daylight,197,158,122
15.340882013169074,77.09354436515984,255.0,cocaine_peach,fluorescent,255,217,177
12.627655605769633,57.25119435190929,220.45738316261432,cocaine_peach,warm_indoor,220,191,170
21.032022458418727,70.43986789424666,189.36063271575082,cocaine_peach,overcast,189,173,137
17.33339296465196,90.00332570572355,235.59912754460697,cocaine_peach,harsh_direct,235,200,152
14.550293704888476,63.28392654948833,255.0,cocaine_peach,daylight,255,222,191
22.655214555871737,91.84321002238771,242.31425795895933,cocaine_peach,fluorescent,242,221,155
13.627122419496956,75.8383375066939,217.00101995567576,cocaine_peach,warm_indoor,217,181,152
17.009274571342424,103.79912843972913,252.5941238992772,cocaine_peach,overcast,252,208,149
17.075722214881765,94.54655925082827,241.69769749379827,cocaine_peach,harsh_direct,241,203,152
9.193631563510767,54.997443671608316,215.74510746193204,cocaine_peach,daylight,215,183,169
14.29873649329134,71.3031376061378,213.1300128472883,cocaine_peach,fluorescent,213,182,153
8.749435524239926,63.97935159276802,213.46187973520813,cocaine_peach,warm_indoor,213,175,159
11.345205624541592,65.85061999287612,207.14717657636348,cocaine_peach,overcast,207,173,153
7.856002619396152,75.18464348196149,238.3491820337776,cocaine_peach,harsh_direct,238,186,168
10.429185783741504,104.53856803335987,249.99996165518274,cocaine_peach,daylight,249,183,147
10.879423784476742,85.87684706658877,255.0,cocaine_peach,fluorescent,255,200,169
8.769709654645983,94.75982312739181,251.52155476108717,cocaine_peach,warm_indoor,251,185,158
14.958183186953526,96.74184756456222,225.57582544157387,cocaine_peach,overcast,225,182,139
12.349489805387284,94.43462993011957,255.0,cocaine_peach,harsh_direct,255,199,160
9.816983015834609,65.96777419277991,228.17229746373891,cocaine_peach,daylight,228,188,169
16.366409274907383,70.15584779262284,255.0,cocaine_peach,fluorescent,255,223,184
8.308978099198736,74.13125198832005,211.4617583878178,cocaine_peach,warm_indoor,211,167,149
8.39766505980808,79.60205730597539,195.87579312042064,cocaine_peach,overcast,195,151,134
9.72174046042396,80.01611206291078,255.0,cocaine_peach,harsh_direct,255,201,174
15.4314480833904,73.16448195862492,227.96852126644433,cocaine_peach,daylight,227,196,162
13.422427078536492,52.522846451609695,240.45779356085353,cocaine_peach,fluorescent,240,213,190
10.225089387023202,75.58238663431081,230.74446002066978,cocaine_peach,warm_indoor,230,185,162
10.265334317138194,67.42324168128434,240.15260184666232,cocaine_peach,overcast,240,198,176
14.68285317437866,97.22745261279826,255.0,cocaine_peach,harsh_direct,255,205,157
12.960205562842098,120.29409155830781,211.18934653508052,cocaine_peach,daylight,211,154,111
10.341504626439221,74.48235501956827,233.1419473400485,cocaine_peach,fluorescent,233,188,165
10.004307577010502,132.18291035974568,235.76531437125814,cocaine_peach,warm_indoor,235,154,113
12.18324547005511,86.41033458306588,216.3365014239057,cocaine_peach,overcast,216,172,143
10.253256437738044,84.86506952075212,250.0844916259657,cocaine_peach,harsh_direct,250,195,166
9.279017525185635,81.04501780485798,255.0,cocaine_peach,daylight,255,199,173
6.001775605075874,128.20276889104983,249.82794235288503,cocaine_peach,fluorescent,249,149,124
1.3933922885105896,78.37362585525143,225.97414619833262,cocaine_peach,warm_indoor,225,159,156
7.195326272135867,74.70271020029193,228.00054614909192,cocaine_peach,overcast,228,177,161
4.848336934075689,85.21092107210364,254.21115442933439,cocaine_peach,harsh_direct,254,183,169
8.311669661612584,65.32007829836714,251.34380122182787,cocaine_peach,daylight,251,204,186
10.85838786442312,78.58358441406715,246.0523162642308,cocaine_peach,fluorescent,246,197,170
5.386617107678831,84.82000083955774,217.11424027791395,cocaine_peach,warm_indoor,217,157,144
10.738912172413915,46.153256253061144,211.4893170294668,cocaine_peach,overcast,211,186,173
11.75777091098369,77.13420407766374,255.0,cocaine_peach,harsh_direct,255,208,177
6.006444450479031,89.8137893548043,255.0,cocaine_peach,daylight,255,183,165
10.25272542842788,64.88563306929045,233.2097226088804,cocaine_peach,fluorescent,233,194,173
5.412181743239583,95.314024765286,214.13246396774286,cocaine_peach,warm_indoor,214,148,134
6.036990877060857,91.31009590236887,201.09879608764246,cocaine_peach,overcast,201,143,129
5.73238045155365,103.41842060868102,248.79678022704135,cocaine_peach,harsh_direct,248,167,147
11.908900929567226,98.27579529884214,253.88268614670966,cocaine_peach,daylight,253,195,156
9.914105204640112,65.30331389978333,252.57923976802547,cocaine_peach,fluorescent,252,209,187
6.281700697367608,102.41154388748421,246.38778375144247,cocaine_peach,warm_indoor,246,168,147
9.698258196627341,74.86970585942015,229.5117008766744,cocaine_peach,overcast,229,184,162
7.105280615106205,70.18057564791637,255.0,cocaine_peach,harsh_direct,255,201,184
11.778009122579812,112.91595954098817,229.05240188520065,cocaine_peach,daylight,229,167,127
18.39464539218257,74.2218092362169,248.3149559595817,cocaine_peach,fluorescent,248,220,176
6.259010476275444,92.08454949640841,233.10184815308583,cocaine_peach,warm_indoor,233,166,148
15.075694263872546,72.33167533749341,211.23076660820462,cocaine_peach,overcast,211,181,151
11.755509453572458,105.41773361893391,255.0,cocaine_peach,harsh_direct,255,191,149
18.876802838655415,96.39947488844557,237.74040115977903,cocaine_peach,daylight,237,204,147
19.544850380633473,61.232529118380754,255.0,cocaine_peach,fluorescent,255,233,193
14.193539441366138,96.0570054023032,255.0,cocaine_peach,warm_indoor,255,204,158
17.279857906761727,52.28210200769516,220.5975468559373,cocaine_peach,overcast,220,201,175
20.90367042750841,71.29116384996935,255.0,cocaine_peach,harsh_direct,255,233,183
4.956367462953584,80.30447823487155,255.0,cocaine_peach,daylight,255,188,174
14.24197185773367,74.23626789821823,255.0,cocaine_peach,fluorescent,255,216,180
8.370518307207165,127.41932686731721,246.8387745220839,cocaine_peach,warm_indoor,246,158,123
16.44235321470483,62.8386312480613,232.85790515404727,cocaine_peach,overcast,232,207,175
7.172282726354907,64.95264742965082,252.70902686562104,cocaine_peach,harsh_direct,252,203,188
11.75518964529021,64.50204416951858,233.64009377154417,cocaine_peach,daylight,233,197,174
14.504330684470311,88.4183793191509,235.5849528477828,cocaine_peach,fluorescent,235,193,153
2.713738176388467,85.45948810862929,236.0078946848809,cocaine_peach,warm_indoor,236,164,156
13.432819005076588,74.72741652237528,214.18112173829974,cocaine_peach,overcast,214,179,151
8.443179986900816,78.20770158268735,254.73967187605973,cocaine_peach,harsh_direct,254,198,176
11.853379221120898,57.7167893006139,224.309464592322,cocaine_peach,daylight,224,193,173
12.070063171491915,41.71000088427858,239.5637932955711,cocaine_peach,fluorescent,239,216,200
6.231739618556799,52.50193034047338,224.98167331183697,cocaine_peach,warm_indoor,224,188,178
6.02858255935904,45.88723416587963,215.47589675159952,cocaine_peach,overcast,215,184,176
8.619740980582218,38.17978368651224,240.2232091203981,cocaine_peach,harsh_direct,240,214,204
14.520627626693457,100.75897363594697,234.70480962903304,cocaine_peach,daylight,234,187,141
21.935060830591052,74.64368571988398,221.9256279632457,cocaine_peach,fluorescent,221,204,156
14.299011679150835,91.89348596259582,210.76690578696218,cocaine_peach,warm_indoor,210,171,134
17.831231337878247,103.84368989057741,211.18776028468537,cocaine_peach,overcast,211,176,125
15.912150867921937,76.42796748196204,255.0,cocaine_peach,harsh_direct,255,219,178
10.821726874059205,94.41686827660686,240.0747889717061,cocaine_peach,daylight,240,183,151
14.211807543905538,76.12914354676482,255.0,cocaine_peach,fluorescent,255,215,178
12.175280646353901,92.94837315948789,252.05586642433727,cocaine_peach,warm_indoor,252,197,160
8.294885716709647,75.51317924060409,230.5353111119992,cocaine_peach,overcast,230,181,162
11.27053818841651,95.1857068124934,242.83824694022599,cocaine_peach,harsh_direct,242,186,152
15.08916094349005,82.78742826146221,225.57544818074865,cocaine_peach,daylight,225,189,152
19.139206727981865,67.09525676470116,240.30414153441257,cocaine_peach,fluorescent,240,217,177
15.497515688634858,117.24157539391568,245.34575154706545,cocaine_peach,warm_indoor,245,191,132
15.978549848602688,96.66601556800939,209.47138458428958,cocaine_peach,overcast,209,172,130
16.73753248657595,95.72629680076619,229.81914197261915,cocaine_peach,harsh_direct,229,191,143
14.817181385166508,106.4677751584723,216.1031545139453,cocaine_peach,daylight,216,170,125
16.196275769749143,106.53810300271249,206.18241276755617,cocaine_peach,fluorescent,206,166,120
13.384120578383062,94.05451813586386,194.03659208616335,cocaine_peach,warm_indoor,194,154,122
20.393918497680104,102.11278650506353,187.20707749572284,cocaine_peach,overcast,187,163,112
18.301916750335714,96.41229469480662,206.4824018154133,cocaine_peach,harsh_direct,206,176,128
9.522765787663559,76.44218419881634,233.79755100837343,cocaine_peach,daylight,233,186,163
12.02921117656575,51.41152757222736,255.0,cocaine_peach,fluorescent,255,224,203
7.455877740960215,86.90083072842017,215.28882821153803,cocaine_peach,warm_indoor,215,160,141
8.74613473848471,66.84075927272977,217.70844671411425,cocaine_peach,overcast,217,177,160
9.465033859534262,84.70424226938596,252.66840881557556,cocaine_peach,harsh_direct,252,195,168
6.135946727760478,92.70882327676104,242.8316483708653,cocaine_peach,daylight,242,172,154
6.904165131474918,99.09081071805153,243.98673289453603,cocaine_peach,fluorescent,243,171,149
0.0,91.29353671026092,231.19772311740985,cocaine_peach,warm_indoor,231,148,148
6.425587438087792,96.82720846237123,206.3064189655036,cocaine_peach,overcast,206,144,127
4.9696195979781095,98.03462700910968,255.0,cocaine_peach,harsh_direct,255,173,156
20.468874263309786,87.95649313664514,230.04093544305027,cocaine_peach,daylight,230,205,150
22.175871672628002,38.65935360996896,255.0,cocaine_peach,fluorescent,255,245,216
22.548551542444446,65.11010214547235,222.06352382220527,cocaine_peach,warm_indoor,222,208,165
20.950891338629855,71.7968977390225,232.87205736049532,cocaine_peach,overcast,232,213,167
16.14315647702241,93.04756775741951,244.40313882080486,cocaine_peach,harsh_direct,244,203,155
20.184560902380106,116.40377364267289,235.88573235005333,cocaine_peach,daylight,235,201,128
20.587053361215556,89.58535794890096,236.71868213393475,cocaine_peach,fluorescent,236,210,153
16.838682156645145,106.25100582774827,233.65518547541006,cocaine_peach,warm_indoor,233,191,136
22.060617471695867,86.46459188141247,225.18098914866815,cocaine_peach,overcast,225,205,148
19.25328954928748,112.16193740592163,253.37275338313742,cocaine_peach,harsh_direct,253,213,141
10.309533747342075,70.41750668014298,214.10677243012105,cocaine_peach,daylight,214,175,154
11.964165825811463,72.89420142400384,217.26512142991373,cocaine_peach,fluorescent,217,180,155
8.809939774202208,61.961975549202364,217.36465964340636,cocaine_peach,warm_indoor,217,180,164
16.2946011270323,67.26114656988959,225.54241791965006,cocaine_peach,overcast,225,198,166
8.017156166648325,70.62540871388192,255.0,cocaine_peach,harsh_direct,255,203,184
6.664070711847426,70.30920490905774,226.96318370305585,cocaine_peach,daylight,226,178,164
9.411442468382514,23.27104347856359,230.7825706256119,cocaine_peach,fluorescent,230,216,209
5.512582165901078,72.48061290041747,212.1567401852517,cocaine_peach,warm_indoor,212,162,151
11.282583641364056,32.95625233837321,204.34577242887156,cocaine_peach,overcast,204,187,177
10.191839770944094,64.81985535446242,245.597933469915,cocaine_peach,harsh_direct,245,204,183
21.29402992310891,62.37519541176714,251.87207684507337,cocaine_peach,daylight,251,234,190
23.53190252006621,83.6290642228328,254.86618491191157,cocaine_peach,fluorescent,254,237,171
19.38277403410118,91.3284107428959,255.0,cocaine_peach,warm_indoor,255,223,163
24.11458675201901,65.81075196093359,234.12485186646546,cocaine_peach,overcast,234,222,173
19.286041340012183,77.3686961209593,250.90902812928664,cocaine_peach,harsh_direct,250,223,174
20.385046573852907,109.17895390456302,211.47740236192809,cocaine_peach,daylight,211,182,120
24.499792036136387,114.94859751893844,234.34104583624827,cocaine_peach,fluorescent,234,215,128
16.666382202225375,116.32781300128897,209.7298010719075,cocaine_peach,warm_indoor,209,167,114
20.843254152966566,115.82574320453207,212.80842787672992,cocaine_peach,overcast,212,183,116
20.308065499596772,98.12432149556125,255.0,cocaine_peach,harsh_direct,255,223,156
14.503379813962438,72.85318656178899,198.74583833120596,cocaine_peach,daylight,198,169,141
14.816479314597732,101.00224551998531,248.828235071268,cocaine_peach,fluorescent,248,199,150
9.071289958669132,98.00637043561275,189.9140830858173,cocaine_peach,warm_indoor,189,139,116
16.052706204361638,109.55193080987958,215.9687795085011,cocaine_peach,overcast,215,173,123
14.684499192220091,101.35432165699481,225.8945987236363,cocaine_peach,harsh_direct,225,180,136
15.305835188860092,75.06605428641127,234.41101422558233,cocaine_peach,daylight,234,200,165
16.94542498226403,69.19197540320297,245.2067379288718,cocaine_peach,fluorescent,245,216,178
12.570101317169474,91.94206929516557,233.72781637833776,cocaine_peach,warm_indoor,233,184,149
18.654285642111066,90.00527006219741,230.7068473270595,cocaine_peach,overcast,230,200,149
13.225684434318666,107.74074307609716,255.0,cocaine_peach,harsh_direct,255,195,147
8.995288043153161,87.74366010365402,234.2211345097366,cocaine_peach,daylight,234,177,153
12.192987829865206,90.74670262955459,255.0,cocaine_peach,fluorescent,255,201,164
4.867558775923435,88.98767049844609,234.36510914813783,cocaine_peach,warm_indoor,234,165,152
10.09081478125884,86.63272531343155,237.62040199817446,cocaine_peach,overcast,237,184,156
8.208287920838144,96.11764128332325,253.71687319985534,cocaine_peach,harsh_direct,253,184,158
12.817156687843074,65.13776607118386,222.50527206405943,cocaine_peach,daylight,222,190,165
15.519261610758306,71.0150430617322,199.88214634194298,cocaine_peach,fluorescent,199,173,144
8.091000870865107,116.61913719778676,248.55315757728303,cocaine_peach,warm_indoor,248,165,134
10.927210611703252,81.25909569402299,205.29066894656677,cocaine_peach,overcast,205,163,139
11.537053456727925,81.12593494101199,250.56742353843316,cocaine_peach,harsh_direct,250,201,170
16.269956990622795,42.350444046683975,249.9802866842436,cocaine_peach,daylight,249,231,208
16.88624264586295,26.91083414647296,255.0,cocaine_peach,fluorescent,255,243,228
10.406680758725603,63.81298942698225,245.58598435593677,cocaine_peach,warm_indoor,245,205,184
20.800705650622348,56.518347428316545,248.3183811450133,cocaine_peach,overcast,248,231,193
12.147142067186724,47.18786196644943,244.0980093267521,cocaine_peach,harsh_direct,244,217,198
9.72622024887696,108.69233445637482,228.1832708087137,cocaine_peach,daylight,228,162,130
7.74507275468663,90.38606947118528,255.0,cocaine_peach,fluorescent,255,188,164
5.171143807423351,90.67370050260143,211.78517873714563,cocaine_peach,warm_indoor,211,149,136
13.143689820257979,111.92607782894581,203.0156620723256,cocaine_peach,overcast,203,153,113
12.39096418528692,88.74220484126427,243.72693682701896,cocaine_peach,harsh_direct,243,194,158
9.019678824511063,66.57621366239174,231.72023337493596,cocaine_peach,daylight,231,189,171
8.443501493014857,74.17047555142989,255.0,cocaine_peach,fluorescent,255,201,180
6.90884112538095,94.89513503888263,231.99694129126078,cocaine_peach,warm_indoor,231,165,145
10.53566139685284,62.37026097556717,200.63515578467423,cocaine_peach,overcast,200,168,151
8.188647298226973,72.36492906172721,255.0,cocaine_peach,harsh_direct,255,202,182
15.60219583535311,73.02716573272218,229.6710555940008,cocaine_peach,daylight,229,198,163
18.799973662128615,76.85758645814505,255.0,cocaine_peach,fluorescent,255,226,178
12.024359272089459,102.08724119874547,242.837516278423,cocaine_peach,warm_indoor,242,184,145
15.712107493466728,85.15866411656208,236.19793010710106,cocaine_peach,overcast,236,198,157
17.938024003766458,83.70822532533451,255.0,cocaine_peach,harsh_direct,255,221,171
15.207658913495885,87.55080534606613,209.4391103055594,cocaine_peach,daylight,209,174,137
15.48833748493289,75.48912503434818,216.8593668334634,cocaine_peach,fluorescent,216,185,152
10.08399736071057,107.69626524669246,184.2332837260157,cocaine_peach,warm_indoor,184,132,106
15.718270802448695,104.34983330161398,188.30437932892147,cocaine_peach,overcast,188,151,111
11.836056329978696,96.64824944066376,234.63890867345873,cocaine_peach,harsh_direct,234,180,145
14.887132907121448,95.9876036590936,255.0,cocaine_peach,daylight,255,206,159
16.914113452991995,86.58686952383819,243.19603343211787,cocaine_peach,fluorescent,243,207,160
11.527510288901953,112.89379956438889,216.86096240053223,cocaine_peach,warm_indoor,216,157,120
14.457767892820755,95.73820245940828,211.061619145777,cocaine_peach,overcast,211,170,131
15.32787674770657,99.77726309985583,223.55108877524762,cocaine_peach,harsh_direct,223,181,136
7.323061272733158,100.45056269611965,242.83916021361566,cocaine_peach,daylight,242,170,147
7.547806628730017,76.4253272058949,246.75648478115846,cocaine_peach,fluorescent,246,191,172
2.9575344669366395,120.30063527736858,213.68822276211128,cocaine_peach,warm_indoor,213,122,112
9.08231491379906,83.17647080187457,186.20515790504626,cocaine_peach,overcast,186,143,125
3.756982911778696,97.34929132267737,251.45222365560824,cocaine_peach,harsh_direct,251,167,155
2.8006841085983476,91.55245295772964,207.8175625919304,cocaine_peach,daylight,207,140,133
3.7995939345151606,100.00007807974978,233.568686496175,cocaine_peach,fluorescent,233,153,141
2.0663860955807154,101.47429941636311,198.01222683164278,cocaine_peach,warm_indoor,198,124,119
4.955452335953108,81.24074948043892,186.0206621894629,cocaine_peach,overcast,186,136,126
3.14776546820207,58.00568877066728,238.13323183141893,cocaine_peach,harsh_direct,238,189,183
14.976799640331267,53.2474511397348,208.35633961972601,cocaine_peach,daylight,208,186,164
14.106654920692957,50.037444368907124,255.0,cocaine_peach,fluorescent,255,228,204
6.642254021717992,55.493009150970245,209.09387899781817,cocaine_peach,warm_indoor,209,173,163
14.94702592320839,54.88821357617737,188.40907814196882,cocaine_peach,overcast,188,168,147
10.34425859001242,77.39648471384533,255.0,cocaine_peach,harsh_direct,255,204,177
14.963568227213399,96.52438968328319,221.53601173954638,cocaine_peach,daylight,221,179,137
20.059582361246992,62.673517103316975,245.25901521819452,cocaine_peach,fluorescent,245,225,184
17.12338476896676,122.40042734362413,219.19383121285784,cocaine_peach,warm_indoor,219,174,113
15.535668539524746,78.77333965330381,211.08827058211367,cocaine_peach,overcast,211,179,145
17.58059076299484,81.4852996771331,255.0,cocaine_peach,harsh_direct,255,221,173
13.765450375359007,87.36877400160904,220.50734124543536,cocaine_peach,daylight,220,179,144
13.28309921825161,95.5795915462299,234.28638120733785,cocaine_peach,fluorescent,234,185,146
11.868321157611424,111.94973265297531,180.05996032491126,cocaine_peach,warm_indoor,180,132,101
14.31123305184611,79.15084292816177,190.03716717838756,cocaine_peach,overcast,190,159,131
12.11303541230268,94.28288122918326,241.3818750834822,cocaine_peach,harsh_direct,241,188,152
12.010002805218889,60.03873043987257,255.0,cocaine_peach,daylight,255,219,194
14.978165472237563,68.10701557953975,255.0,cocaine_peach,fluorescent,255,221,186
10.063506086837496,93.77739383285707,238.02278387432438,cocaine_peach,warm_indoor,238,180,150
13.445692722108616,51.57049205969794,228.13685731493848,cocaine_peach,overcast,228,202,181
15.47180829346388,72.72680859535704,234.0976761379074,cocaine_peach,harsh_direct,234,201,167
4.395043644374302,74.54547571444428,220.16903061192738,cocaine_peach,daylight,220,165,155
7.493588320654407,79.37999517943717,255.0,cocaine_peach,fluorescent,255,195,175
1.5869360562546904,101.9022682408326,214.37433687579147,cocaine_peach,warm_indoor,214,133,128
6.409901704029731,79.27598105649945,189.4576455452306,cocaine_peach,overcast,189,143,130
2.3691963023209426,75.87984010839065,237.94543545508202,cocaine_peach,harsh_direct,237,172,167
12.566149035138814,57.705932107795306,244.37008477623982,cocaine_peach,daylight,244,212,189
12.724997267471789,70.68401064569687,255.0,cocaine_peach,fluorescent,255,214,184
6.171412031294892,85.56287648054007,238.33358226340067,cocaine_peach,warm_indoor,238,174,158
12.915881122480773,63.485988120165686,255.0,cocaine_peach,overcast,255,218,191
12.628855718941507,100.23054202024545,255.0,cocaine_peach,harsh_direct,255,197,154
8.661459561907996,75.29765707603875,250.20235746713536,cocaine_peach,daylight,250,197,176
6.907892506788389,80.32841217577456,252.0656764660696,cocaine_peach,fluorescent,252,191,172
4.646916838646402,92.38373580266587,216.25238772280335,cocaine_peach,warm_indoor,216,150,137
8.508650530897821,72.12949239429196,197.12925124968194,cocaine_peach,overcast,197,157,141
11.538560930811151,99.90982989616816,255.0,cocaine_peach,harsh_direct,255,193,155
12.135166607910719,99.80613949688765,237.93422438822995,cocaine_peach,daylight,237,182,144
20.690953177963625,98.56243885075975,239.02061117475398,cocaine_peach,fluorescent,239,210,146
9.707052271838112,90.80422461914614,210.63704422421847,cocaine_peach,warm_indoor,210,160,135
16.225636785642823,90.80326653025551,221.73581295196,cocaine_peach,overcast,221,185,142
13.24711928708351,107.33565979058574,248.88081785850997,cocaine_peach,harsh_direct,248,190,144
13.341944911923845,49.736389475709395,250.50493222016303,cocaine_peach,daylight,250,223,201
19.57485740392037,40.70724076398161,253.68092288383275,cocaine_peach,fluorescent,253,239,213
14.570860549564834,86.89960910755997,254.7833107032398,cocaine_peach,warm_indoor,254,210,167
16.93941479908289,55.020037705342475,227.2052507912104,cocaine_peach,overcast,227,206,178
17.133244291419864,91.49199011979496,250.33255491755125,cocaine_peach,harsh_direct,250,212,160
5.395314221998067,64.81083367448967,219.5276594111609,cocaine_peach,daylight,219,173,163
6.1917107317695805,76.08090165510602,255.0,cocaine_peach,fluorescent,255,194,178
0.0,77.53565184486781,236.9731893122992,cocaine_peach,warm_indoor,236,164,164
3.8296908986415694,94.48670771152715,206.6072421492432,cocaine_peach,overcast,206,139,130
2.8868741830443145,62.62572489049238,255.0,cocaine_peach,harsh_direct,255,198,192
15.138421564771281,70.69986885406021,230.65345462815657,cocaine_peach,daylight,230,199,166
12.661549680201515,94.36406807816357,255.0,cocaine_peach,fluorescent,255,200,160
10.911691909825867,105.18071586040122,225.5136345476749,cocaine_peach,warm_indoor,225,166,132
14.144309112102157,84.8562637849938,220.13082895802626,cocaine_peach,overcast,220,181,146
12.310041344339313,73.65012874173244,244.58100943961205,cocaine_peach,harsh_direct,244,203,173
6.984125413910015,48.86790884979143,255.0,cocaine_peach,daylight,255,217,206
7.6345617329013304,19.249286139015624,255.0,cocaine_peach,fluorescent,255,240,235
6.683977062935199,56.16752779687306,204.21943592509592,cocaine_peach,warm_indoor,204,169,159
11.52862053384862,75.27966457026808,212.534013707264,cocaine_peach,overcast,212,174,149
3.0821314801127233,54.38406085665812,255.0,cocaine_peach,harsh_direct,255,206,200
11.32944445813145,116.55836889791435,255.0,cocaine_peach,daylight,255,182,138
14.175126665754938,93.09179987491575,255.0,cocaine_peach,fluorescent,255,206,161
6.18558154578834,105.2741278070685,230.1143495244017,cocaine_peach,warm_indoor,230,154,135
12.617902897308532,107.78354499960935,224.36063268162994,cocaine_peach,overcast,224,169,129
9.095084499924367,137.08098662805347,255.0,cocaine_peach,harsh_direct,255,159,117
9.11967205278319,88.7549961709032,228.42560666322936,cocaine_peach,daylight,228,173,148
11.038051170849252,78.97478020316787,255.0,cocaine_peach,fluorescent,255,205,176
8.24565002198321,99.79991941834685,230.34324145245301,cocaine_peach,warm_indoor,230,165,140
11.24008308294408,75.106951764888,236.96128432918158,cocaine_peach,overcast,236,193,167
9.251035668837332,97.03736206888185,252.3883923852479,cocaine_peach,harsh_direct,252,186,156
8.181030024591397,96.07162022398093,238.77366937848484,cocaine_peach,daylight,238,173,148
4.503245362767708,114.26141725781251,255.0,cocaine_peach,fluorescent,255,157,140
2.9130886558886475,140.14030704804065,194.61399569750523,cocaine_peach,warm_indoor,194,98,87
10.054286179692149,95.73137279249417,219.95500655420756,cocaine_peach,overcast,219,165,137
7.954258782925074,102.08369437196254,246.29880769120365,cocaine_peach,harsh_direct,246,173,147
4.845610536778054,114.70451598583678,245.95364073220895,cocaine_peach,daylight,245,153,135
8.159355916532299,103.55937834142297,239.9835273841157,cocaine_peach,fluorescent,239,169,142
3.285504699357582,123.3124841380445,245.00728472474577,cocaine_peach,warm_indoor,245,139,126
6.956373835582754,99.79223274370125,200.90192410140378,cocaine_peach,overcast,200,140,122
8.50839747488699,137.10788235712718,251.8820240030707,cocaine_peach,harsh_direct,251,155,116
11.90265357592159,100.65318422412855,205.05597851937773,cocaine_peach,daylight,205,156,124
10.104512512430425,80.53374237073884,255.0,cocaine_peach,fluorescent,255,201,174
10.254866682433482,99.09125213300226,246.90214822870098,cocaine_peach,warm_indoor,246,183,150
12.408097924030068,62.15795157010029,207.8485883220392,cocaine_peach,overcast,207,178,157
9.301596048302775,78.95904617533891,233.7319932448794,cocaine_peach,harsh_direct,233,183,161
19.113545577108503,53.172492033136066,255.0,cocaine_peach,daylight,255,235,201
14.974612293987661,61.62462739914544,255.0,cocaine_peach,fluorescent,255,224,193
13.882210701251198,92.50742501260001,218.09183610460445,cocaine_peach,warm_indoor,218,175,138
15.82888953767011,68.2553739854899,232.2881220385268,cocaine_peach,overcast,232,203,170
12.542499627026992,59.71193731840452,240.76958173749333,cocaine_peach,harsh_direct,240,208,184
11.225245501846926,111.66114848747394,244.136888707425,cocaine_peach,daylight,244,177,137
8.723034958712788,83.04737953468512,231.89145048101776,cocaine_peach,fluorescent,231,178,156
6.627479572254614,116.65052750080179,241.3800601689125,cocaine_peach,warm_indoor,241,155,130
11.358654110273424,94.92905744845756,206.38461734419135,cocaine_peach,overcast,206,158,129
7.260224563974845,133.04667955795907,255.0,cocaine_peach,harsh_direct,255,154,121
24.07698151376968,62.87884919404243,253.34323017097338,cocaine_peach,daylight,253,241,190
24.14779606776643,75.84970393940311,242.78911815699055,cocaine_peach,fluorescent,242,229,170
20.380635111489635,109.43182090228771,231.36804584973808,cocaine_peach,warm_indoor,231,199,132
19.998042437449104,99.09022878231127,228.18751690324189,cocaine_peach,overcast,228,198,139
20.152873241292998,97.61838184567148,254.2479916689856,cocaine_peach,harsh_direct,254,222,156
22.299666392076904,97.67305410329868,255.0,cocaine_peach,daylight,255,230,157
23.82381402296271,68.87412802246669,254.1746507585601,cocaine_peach,fluorescent,254,240,185
17.516685962810527,95.14895834556965,222.01987412966346,cocaine_peach,warm_indoor,222,187,139
20.280757516662142,113.34670431100903,214.06263590125087,cocaine_peach,overcast,214,183,118
18.44819336519335,90.33429306973994,249.61725182502508,cocaine_peach,harsh_direct,249,215,161
14.730557619760859,83.63739918371706,230.11226553269955,cocaine_peach,daylight,230,191,154
16.698827367467114,73.93254525679431,255.0,cocaine_peach,fluorescent,255,222,181
9.368380968553812,93.48722728206754,235.9997441928928,cocaine_peach,warm_indoor,235,176,149
13.70087942821436,72.65068807364824,218.71032871472187,cocaine_peach,overcast,218,185,156
14.241928415772756,115.34235298891161,230.54361568318285,cocaine_peach,harsh_direct,230,176,126
3.5447839222281328,69.83354018965011,255.0,cocaine_peach,daylight,255,193,185
10.6724926812086,91.6035381685721,255.0,cocaine_peach,fluorescent,255,196,163
5.079267484271017,107.89967828794232,218.65832365318312,cocaine_peach,warm_indoor,218,141,126
7.191488133197378,106.2926766604391,225.37404910921316,cocaine_peach,overcast,225,154,131
6.397023517465398,104.62512210649894,234.97302329045425,cocaine_peach,harsh_direct,234,159,138
4.958967565818605,70.89993374364117,255.0,cocaine_peach,daylight,255,195,184
11.001569826273323,64.8159326292232,243.38253907362326,cocaine_peach,fluorescent,243,204,181
7.452796162609895,117.62289098738444,220.84334887679785,cocaine_peach,warm_indoor,220,144,118
9.524524528366248,59.039490681433136,218.8432966695877,cocaine_peach,overcast,218,184,168
8.589273963484885,88.54381314379577,244.37646839667514,cocaine_peach,harsh_direct,244,183,159
11.791972682152775,102.47442822019639,228.7862744561809,cocaine_peach,daylight,228,173,136
15.011068684407192,87.38044948498278,248.770605485791,cocaine_peach,fluorescent,248,206,163
8.834995975555325,102.29787903568517,180.87732565805265,cocaine_peach,warm_indoor,180,129,108
14.951929149772871,104.71045221657559,205.68951665329212,cocaine_peach,overcast,205,163,121
11.964537749903414,110.83825479604747,254.91577744306025,cocaine_peach,harsh_direct,254,188,144
16.289797836389074,83.51661850919955,228.70691071419668,cocaine_peach,daylight,228,194,153
19.640631226119766,62.90258249897025,250.7871530940593,cocaine_peach,fluorescent,250,229,188
14.538939992767453,83.61159076804682,228.0634920611147,cocaine_peach,warm_indoor,228,189,153
16.723000470898857,87.43444266619574,211.4257413665843,cocaine_peach,overcast,211,179,138
16.725508309847008,89.85346221017119,227.9300333865698,cocaine_peach,harsh_direct,227,192,147
15.199816807439596,90.9321308731013,239.13717953697585,cocaine_peach,daylight,239,197,153
15.660740527718406,81.08886315653552,255.0,cocaine_peach,fluorescent,255,216,173
9.019821514333245,92.81979033927509,239.27799364970247,cocaine_peach,warm_indoor,239,178,152
16.675744556735467,63.89851714139708,224.1060192017713,cocaine_peach,overcast,224,199,167
12.428189888604766,80.49175158292003,255.0,cocaine_peach,harsh_direct,255,208,174
16.320695231381745,90.69453521195139,232.80027931213,cocaine_peach,daylight,232,195,150
16.938510874712083,84.51322881510801,255.0,cocaine_peach,fluorescent,255,218,170
14.486667262913642,95.07230205160977,233.11427951937026,cocaine_peach,warm_indoor,233,188,146
14.9159607069918,97.1449748905487,219.18343182896353,cocaine_peach,overcast,219,177,135
15.724004659594772,92.05536617950062,255.0,cocaine_peach,harsh_direct,255,211,162
13.717622636143828,46.67619839449249,207.74332067704813,cocaine_peach,daylight,207,187,169
16.883558031626585,55.701851040811555,230.69286605578196,cocaine_peach,fluorescent,230,208,180
10.91368914139178,62.26749204972265,186.61500275541357,cocaine_peach,warm_indoor,186,157,141
16.355484450170046,73.27660306312076,203.07838715130868,cocaine_peach,overcast,203,176,144
12.313309126023789,54.93516262852079,233.74410091148982,cocaine_peach,harsh_direct,233,204,183
16.370414434126975,138.51365050244053,247.3636149720912,cocaine_peach,daylight,247,186,112
13.01503174426596,106.26640134471661,248.39776259132566,cocaine_peach,fluorescent,248,190,144
8.228651148680271,144.32374150262518,230.58242008743423,cocaine_peach,warm_indoor,230,136,100
12.45834910258253,95.18720947910653,245.62359402510202,cocaine_peach,overcast,245,192,153
14.461378824207502,124.54650602517833,253.40762606742766,cocaine_peach,harsh_direct,253,189,129
12.130658848241909,71.85804597349859,255.0,cocaine_peach,daylight,255,212,183
20.50169059929685,106.06903978760985,255.0,cocaine_peach,fluorescent,255,221,148
9.185718075167214,84.24280245509844,211.25912534758896,cocaine_peach,warm_indoor,211,162,141
16.778670532724657,90.41408758401316,241.63077117160867,cocaine_peach,overcast,241,204,155
15.638310893461554,67.82763022667115,242.7297248056239,cocaine_peach,harsh_direct,242,212,178
11.634650378808114,102.06782631933729,212.07984396279343,cocaine_peach,daylight,212,160,127
10.264000307427056,106.5912005775715,240.07784127277563,cocaine_peach,fluorescent,240,174,139
3.7013600460830194,113.12518817146682,239.5860918501828,cocaine_peach,warm_indoor,239,146,133
8.880344657410376,82.88816802995268,231.10961766561775,cocaine_peach,overcast,231,178,155
6.074035755391023,80.55597370454103,255.0,cocaine_peach,harsh_direct,255,190,174
7.538987123916729,110.47406707852389,201.3069593995241,cocaine_peach,daylight,201,136,114
9.970434996878335,74.48769594615928,226.42200345561287,cocaine_peach,fluorescent,226,182,160
6.180280006675188,95.97950815536213,195.05646195728218,cocaine_peach,warm_indoor,195,136,121
11.62901973549034,86.85823950067942,191.62841998630194,cocaine_peach,overcast,191,151,126
6.682015255785256,83.40329885163155,233.403465698359,cocaine_peach,harsh_direct,233,174,157
16.272592794541367,72.0931286028595,255.0,cocaine_peach,daylight,255,222,182
15.27547199171129,59.80104830328805,250.77118909061443,cocaine_peach,fluorescent,250,222,191
8.116711544575079,83.41690452884191,253.4654242037829,cocaine_peach,warm_indoor,253,193,170
12.900212562354348,55.30351333962541,250.45688905616237,cocaine_peach,overcast,250,219,196
16.434380518513663,56.90734606829215,234.25981733468626,cocaine_peach,harsh_direct,234,210,181
2.2134038812228356,123.59880834370463,250.0061016684559,cocaine_peach,daylight,250,137,128
3.2731654191422437,79.92403646589545,255.0,cocaine_peach,fluorescent,255,183,175
0.0,102.43321861925362,240.16602424409015,cocaine_peach,warm_indoor,240,143,143
3.9524683941359866,70.08768675640592,223.7633478122672,cocaine_peach,overcast,223,170,162
0.0,115.35670380690102,254.92629299472352,cocaine_peach,harsh_direct,254,139,139
14.235001217127962,93.99053875498318,221.59453008362442,cocaine_peach,daylight,221,178,139
10.45595255151646,53.383123406896004,235.29193205148948,cocaine_peach,fluorescent,235,203,186
9.275764630318367,99.65246622257905,244.38028002497992,cocaine_peach,warm_indoor,244,178,148
12.632403374187435,88.49271121062131,189.03939372139214,cocaine_peach,overcast,189,151,123
13.759139115030038,95.07900798224942,236.07869755277977,cocaine_peach,harsh_direct,236,188,148
17.026328433358103,96.19360608099946,251.3257873534252,cocaine_peach,daylight,251,210,156
14.007270183565804,102.78572696523857,233.03720223356052,cocaine_peach,fluorescent,233,183,139
11.767985317324893,91.72281338777506,228.41084818123295,cocaine_peach,warm_indoor,228,178,146
11.598852846065892,86.58590804704815,234.83435901025837,cocaine_peach,overcast,234,186,155
11.961522064057302,105.7370522182134,255.0,cocaine_peach,harsh_direct,255,191,149
9.637450335681748,61.43316582707123,235.2474058980745,cocaine_peach,daylight,235,196,178
14.489088151399354,75.24900397913407,238.7737026564632,cocaine_peach,fluorescent,238,202,168
6.560169153783949,79.15521187657515,243.0495877672608,cocaine_peach,warm_indoor,243,184,167
14.381828319673014,81.25890695054188,241.51876090723283,cocaine_peach,overcast,241,201,164
9.44256288501519,82.62484108314104,239.29603368006858,cocaine_peach,harsh_direct,239,186,161
